id,path,md5
1,datasets/cat_10k/images/000196b00148ed9240e1060087640f5c.jpg,000196b00148ed9240e1060087640f5c
2,datasets/cat_10k/images/000e1025338817f6853d5f350e2587f7.jpg,000e1025338817f6853d5f350e2587f7
3,datasets/cat_10k/images/001265a118fccb0a6cce25f5d338986b.jpg,001265a118fccb0a6cce25f5d338986b
4,datasets/cat_10k/images/001aeb886fceb9eb243ddd1cb5b8e290.jpg,001aeb886fceb9eb243ddd1cb5b8e290
5,datasets/cat_10k/images/001e856538787c6d32a5c2f72bfe334f.jpg,001e856538787c6d32a5c2f72bfe334f
6,datasets/cat_10k/images/002642134eafc5efef4636b06297b521.jpg,002642134eafc5efef4636b06297b521
7,datasets/cat_10k/images/0037745126c80c1a06bf4077fa8bf8c8.jpg,0037745126c80c1a06bf4077fa8bf8c8
8,datasets/cat_10k/images/003d3480232dd3885f77739b577102d2.jpg,003d3480232dd3885f77739b577102d2
9,datasets/cat_10k/images/003ec50af897ddc5221b609f789d0c10.jpg,003ec50af897ddc5221b609f789d0c10
10,datasets/cat_10k/images/0049b22fc8a3900923d4d4c8ede252db.jpg,0049b22fc8a3900923d4d4c8ede252db
11,datasets/cat_10k/images/0051aa9249b3babb35c469dec45788c5.jpg,0051aa9249b3babb35c469dec45788c5
12,datasets/cat_10k/images/00643048238eb340d34f71ae702dbd1a.jpg,00643048238eb340d34f71ae702dbd1a
13,datasets/cat_10k/images/006d6dd3e6cf7e7b7e77e493a6be4f55.jpg,006d6dd3e6cf7e7b7e77e493a6be4f55
14,datasets/cat_10k/images/007adcbdad3c1dbbb62dd02bbb1a1440.jpg,007adcbdad3c1dbbb62dd02bbb1a1440
15,datasets/cat_10k/images/0081e7524823bbb7ecea8b76405cc5f9.jpg,0081e7524823bbb7ecea8b76405cc5f9
16,datasets/cat_10k/images/0083c17cc442208668295e80337af038.jpg,0083c17cc442208668295e80337af038
17,datasets/cat_10k/images/008b50b99da3fb9ff8c364aaf5015b06.jpg,008b50b99da3fb9ff8c364aaf5015b06
18,datasets/cat_10k/images/00941e214a32cb2bb2cee8c0bd1abe23.jpg,00941e214a32cb2bb2cee8c0bd1abe23
19,datasets/cat_10k/images/009e1a5f3d971877cef432d00dd9ab9c.jpg,009e1a5f3d971877cef432d00dd9ab9c
20,datasets/cat_10k/images/00a188fe3712cbe971fa2d36b2d2392c.jpg,00a188fe3712cbe971fa2d36b2d2392c
21,datasets/cat_10k/images/00aa5f6d1e97f37040d3e90ef29e16ff.jpg,00aa5f6d1e97f37040d3e90ef29e16ff
22,datasets/cat_10k/images/00b80459c1bda0c278363ad3dd68d9b4.jpg,00b80459c1bda0c278363ad3dd68d9b4
23,datasets/cat_10k/images/00bc71c12785b8bf370b28be96c4ffd1.jpg,00bc71c12785b8bf370b28be96c4ffd1
24,datasets/cat_10k/images/00bf13c78cd697e36ce2811512a4fb46.jpg,00bf13c78cd697e36ce2811512a4fb46
25,datasets/cat_10k/images/00c01b93b879239a5a2ff82bd9ee07f3.jpg,00c01b93b879239a5a2ff82bd9ee07f3
26,datasets/cat_10k/images/00cc38ec231bda07bd8cf3ae6ce6f0b7.jpg,00cc38ec231bda07bd8cf3ae6ce6f0b7
27,datasets/cat_10k/images/00cfbc8c2f27359c50622c0acab2b330.jpg,00cfbc8c2f27359c50622c0acab2b330
28,datasets/cat_10k/images/00da3399b4551a83ab114480503721dc.jpg,00da3399b4551a83ab114480503721dc
29,datasets/cat_10k/images/00daa0f3315950cc61c653f54e60fd2e.jpg,00daa0f3315950cc61c653f54e60fd2e
30,datasets/cat_10k/images/00dbf29ef6dd34d8ddd71ba3584e7d6c.jpg,00dbf29ef6dd34d8ddd71ba3584e7d6c
31,datasets/cat_10k/images/00e6fd14e09038615edd4bcc2b714144.jpg,00e6fd14e09038615edd4bcc2b714144
32,datasets/cat_10k/images/00e7020192fee8a9145a78ad21368bfd.jpg,00e7020192fee8a9145a78ad21368bfd
33,datasets/cat_10k/images/00edab1ee564b92bc63fabad9e56a5f8.jpg,00edab1ee564b92bc63fabad9e56a5f8
34,datasets/cat_10k/images/00f4ee4b1da1e8437dca158c48ff493d.jpg,00f4ee4b1da1e8437dca158c48ff493d
35,datasets/cat_10k/images/00f643cffb0ad334ffaebad636f302b7.jpg,00f643cffb0ad334ffaebad636f302b7
36,datasets/cat_10k/images/00f8284bbb3df5b7b7228f3f92fb87a7.jpg,00f8284bbb3df5b7b7228f3f92fb87a7
37,datasets/cat_10k/images/01067c37d7e8de1e0994f9de5c8796ed.jpg,01067c37d7e8de1e0994f9de5c8796ed
38,datasets/cat_10k/images/0108c5df9393a913938aadfd0ad56e66.jpg,0108c5df9393a913938aadfd0ad56e66
39,datasets/cat_10k/images/010cb77ccf6473d85f12f2a3983ff0ae.jpg,010cb77ccf6473d85f12f2a3983ff0ae
40,datasets/cat_10k/images/0110b9b5c410d4078285e602d599e2ec.jpg,0110b9b5c410d4078285e602d599e2ec
41,datasets/cat_10k/images/011d668c242d1d2c3e968e64dbc5e19d.jpg,011d668c242d1d2c3e968e64dbc5e19d
42,datasets/cat_10k/images/01202ae9b657491f9e308966f5606037.jpg,01202ae9b657491f9e308966f5606037
43,datasets/cat_10k/images/0121b3f890e6af3ded0123621e443667.jpg,0121b3f890e6af3ded0123621e443667
44,datasets/cat_10k/images/012549be0fce504b9933fde0a998cbd0.jpg,012549be0fce504b9933fde0a998cbd0
45,datasets/cat_10k/images/012e30a4607b5dca3f63ac7f6e58ea47.jpg,012e30a4607b5dca3f63ac7f6e58ea47
46,datasets/cat_10k/images/0133b2f6be43349ae45675f3790fec65.jpg,0133b2f6be43349ae45675f3790fec65
47,datasets/cat_10k/images/013739a82bbdd87c86a82fffba01721d.jpg,013739a82bbdd87c86a82fffba01721d
48,datasets/cat_10k/images/013778fd3fde1d1f73726b71961c099c.jpg,013778fd3fde1d1f73726b71961c099c
49,datasets/cat_10k/images/015b668c0d5d0bbcddaa2edd28c75a4a.jpg,015b668c0d5d0bbcddaa2edd28c75a4a
50,datasets/cat_10k/images/015d005ab4893d1f537a354fd756f238.jpg,015d005ab4893d1f537a354fd756f238
51,datasets/cat_10k/images/016195373ee1b27468a463d259c51e73.jpg,016195373ee1b27468a463d259c51e73
52,datasets/cat_10k/images/0162b561e66091804492acf5171266e8.jpg,0162b561e66091804492acf5171266e8
53,datasets/cat_10k/images/0162e52a105f37c0b10740e5aef624ad.jpg,0162e52a105f37c0b10740e5aef624ad
54,datasets/cat_10k/images/0165d1a4ef6c8a9f07f8b941c0f0cf56.jpg,0165d1a4ef6c8a9f07f8b941c0f0cf56
55,datasets/cat_10k/images/016cc05540d8029f4e6d4a0a501b818d.jpg,016cc05540d8029f4e6d4a0a501b818d
56,datasets/cat_10k/images/017b2f0c6b984330fcaa02f2f86f697b.jpg,017b2f0c6b984330fcaa02f2f86f697b
57,datasets/cat_10k/images/017fabccddf04860d41799379e686e67.jpg,017fabccddf04860d41799379e686e67
58,datasets/cat_10k/images/0183052ab40e36212975531b7553055f.jpg,0183052ab40e36212975531b7553055f
59,datasets/cat_10k/images/0196973b9eebed8ef1170c69ac94127d.jpg,0196973b9eebed8ef1170c69ac94127d
60,datasets/cat_10k/images/019fb03b441c88d2dc76f2e2fe4e8dfe.jpg,019fb03b441c88d2dc76f2e2fe4e8dfe
61,datasets/cat_10k/images/01a87770e0e8d1369daf011fe6b02775.jpg,01a87770e0e8d1369daf011fe6b02775
62,datasets/cat_10k/images/01ace46ad89442f8ef862e4340c643cd.jpg,01ace46ad89442f8ef862e4340c643cd
63,datasets/cat_10k/images/01b2a614d0efbbef37e2e6c29cd70e71.jpg,01b2a614d0efbbef37e2e6c29cd70e71
64,datasets/cat_10k/images/01b58379beac63988609953d932c33a5.jpg,01b58379beac63988609953d932c33a5
65,datasets/cat_10k/images/01ba7bc10848a0e821e03f341f09b9dc.jpg,01ba7bc10848a0e821e03f341f09b9dc
66,datasets/cat_10k/images/01be3288ec1c94437ffba9d76fd555e8.jpg,01be3288ec1c94437ffba9d76fd555e8
67,datasets/cat_10k/images/01c0b3223e0def9af4d35bbf6119d623.jpg,01c0b3223e0def9af4d35bbf6119d623
68,datasets/cat_10k/images/01c1337d84bf3ee47d73dfbdb1c22eb0.jpg,01c1337d84bf3ee47d73dfbdb1c22eb0
69,datasets/cat_10k/images/01c3e05d82e60d652c340935a1ec6f55.jpg,01c3e05d82e60d652c340935a1ec6f55
70,datasets/cat_10k/images/01c3ee9d16a37cf9e9e500c261afc2b9.jpg,01c3ee9d16a37cf9e9e500c261afc2b9
71,datasets/cat_10k/images/01c49790389b4cdd2aee919cdac2357f.jpg,01c49790389b4cdd2aee919cdac2357f
72,datasets/cat_10k/images/01cb49ef6788bb04bbb1804658cda507.jpg,01cb49ef6788bb04bbb1804658cda507
73,datasets/cat_10k/images/01d4a42d762681c8ed1e3ecf7a10c86b.jpg,01d4a42d762681c8ed1e3ecf7a10c86b
74,datasets/cat_10k/images/01e167119ea58b572d5b60e9a9f55568.jpg,01e167119ea58b572d5b60e9a9f55568
75,datasets/cat_10k/images/01e1cdfdce7257d14f11638bb101efdb.jpg,01e1cdfdce7257d14f11638bb101efdb
76,datasets/cat_10k/images/020bc1729fadfd3a5cac97d326848faf.jpg,020bc1729fadfd3a5cac97d326848faf
77,datasets/cat_10k/images/020d4334958970620a1e81ac6ee3df6b.jpg,020d4334958970620a1e81ac6ee3df6b
78,datasets/cat_10k/images/021260e8fe3c304c7dcc2120b2e9b12f.jpg,021260e8fe3c304c7dcc2120b2e9b12f
79,datasets/cat_10k/images/021fe8691464d4af8366d2ef434979b4.jpg,021fe8691464d4af8366d2ef434979b4
80,datasets/cat_10k/images/0221a1f7605a6ac3c9431bffabc3da23.jpg,0221a1f7605a6ac3c9431bffabc3da23
81,datasets/cat_10k/images/0221f7249309b76d1fbe393e02a0110f.jpg,0221f7249309b76d1fbe393e02a0110f
82,datasets/cat_10k/images/0225c30ee954217217116bd843b469ec.jpg,0225c30ee954217217116bd843b469ec
83,datasets/cat_10k/images/022d3dddcee1309b563cae88b21ecc7d.jpg,022d3dddcee1309b563cae88b21ecc7d
84,datasets/cat_10k/images/023e96ec3ad5cfddf46373ccd7377b7b.jpg,023e96ec3ad5cfddf46373ccd7377b7b
85,datasets/cat_10k/images/023f06932535c9f3b42f8910efee5678.jpg,023f06932535c9f3b42f8910efee5678
86,datasets/cat_10k/images/0241cc52f14717a56d37d4af121fa1df.jpg,0241cc52f14717a56d37d4af121fa1df
87,datasets/cat_10k/images/024b1bdfb08ab2b1b82f6cc881e364f1.jpg,024b1bdfb08ab2b1b82f6cc881e364f1
88,datasets/cat_10k/images/024ef9b379b5ccf9be69b883fda4a935.jpg,024ef9b379b5ccf9be69b883fda4a935
89,datasets/cat_10k/images/02537746f431a28c5a7e7ba135e98736.jpg,02537746f431a28c5a7e7ba135e98736
90,datasets/cat_10k/images/026383afc963cd8216c4653b4c62474b.jpg,026383afc963cd8216c4653b4c62474b
91,datasets/cat_10k/images/02638cbd6eb9babad4bde0a5483aa8f6.jpg,02638cbd6eb9babad4bde0a5483aa8f6
92,datasets/cat_10k/images/0265b3ca4104856e4ea653c51201327b.jpg,0265b3ca4104856e4ea653c51201327b
93,datasets/cat_10k/images/026a66f83ba80f2c94919c645765f05f.jpg,026a66f83ba80f2c94919c645765f05f
94,datasets/cat_10k/images/02709d9099d62e936924e39b7bee7f94.jpg,02709d9099d62e936924e39b7bee7f94
95,datasets/cat_10k/images/0270c37457198c11c164270726d50104.jpg,0270c37457198c11c164270726d50104
96,datasets/cat_10k/images/02760686468d29e5c5fab8453b252eca.jpg,02760686468d29e5c5fab8453b252eca
97,datasets/cat_10k/images/02785045218f129dde15637d740d17bf.jpg,02785045218f129dde15637d740d17bf
98,datasets/cat_10k/images/027b67e8d31e6cd59ccb4ace1cdd071d.jpg,027b67e8d31e6cd59ccb4ace1cdd071d
99,datasets/cat_10k/images/027f44b1b4b85ccf32e2cf124ae099e7.jpg,027f44b1b4b85ccf32e2cf124ae099e7
100,datasets/cat_10k/images/0281b0076465213dcbf1b80e732c45f2.jpg,0281b0076465213dcbf1b80e732c45f2
101,datasets/cat_10k/images/028b1f55ea1e957bbbb5670e0daf6f74.jpg,028b1f55ea1e957bbbb5670e0daf6f74
102,datasets/cat_10k/images/028c989fb1dbd7300c7adc88975f7c76.jpg,028c989fb1dbd7300c7adc88975f7c76
103,datasets/cat_10k/images/02916b45d53cf4845341d3e85e2243b6.jpg,02916b45d53cf4845341d3e85e2243b6
104,datasets/cat_10k/images/029866d9db817fb8e1eab1b00cb0cb44.jpg,029866d9db817fb8e1eab1b00cb0cb44
105,datasets/cat_10k/images/029de96e599a0e9ab1de59335f136116.jpg,029de96e599a0e9ab1de59335f136116
106,datasets/cat_10k/images/029fed7c888c9f71e3001219724f84ec.jpg,029fed7c888c9f71e3001219724f84ec
107,datasets/cat_10k/images/02a40c0b7298863c9193714f44b8a526.jpg,02a40c0b7298863c9193714f44b8a526
108,datasets/cat_10k/images/02ab7653bef3503300ada58df2bb49e7.jpg,02ab7653bef3503300ada58df2bb49e7
109,datasets/cat_10k/images/02ac9cf528f427e9a15bef6837c8896c.jpg,02ac9cf528f427e9a15bef6837c8896c
110,datasets/cat_10k/images/02ade2590ca4543a5f9fbb4a2f79ef14.jpg,02ade2590ca4543a5f9fbb4a2f79ef14
111,datasets/cat_10k/images/02af8b7e2e49eb560255d6df95e9c972.jpg,02af8b7e2e49eb560255d6df95e9c972
112,datasets/cat_10k/images/02b4f2e56948eb05c591b7f7316ceb70.jpg,02b4f2e56948eb05c591b7f7316ceb70
113,datasets/cat_10k/images/02b689d8ec7441e1db9484839af95d5b.jpg,02b689d8ec7441e1db9484839af95d5b
114,datasets/cat_10k/images/02bc22c267c419381b81ada413bfd515.jpg,02bc22c267c419381b81ada413bfd515
115,datasets/cat_10k/images/02c5bdff1fd3af29f5adbdba9d8684d7.jpg,02c5bdff1fd3af29f5adbdba9d8684d7
116,datasets/cat_10k/images/02c63e92c511bfddcfcd6ca681ff72ed.jpg,02c63e92c511bfddcfcd6ca681ff72ed
117,datasets/cat_10k/images/02c6e2230dc90dc6afa3d03c8c0d97bb.jpg,02c6e2230dc90dc6afa3d03c8c0d97bb
118,datasets/cat_10k/images/02cf452f7828e672ff630b7d9344e774.jpg,02cf452f7828e672ff630b7d9344e774
119,datasets/cat_10k/images/02d27c53bb04741b2e85fcadd9425655.jpg,02d27c53bb04741b2e85fcadd9425655
120,datasets/cat_10k/images/02d76c5006919058a6e38319e8221ebf.jpg,02d76c5006919058a6e38319e8221ebf
121,datasets/cat_10k/images/02d8e3e3ecb5071d953379f5098d80f9.jpg,02d8e3e3ecb5071d953379f5098d80f9
122,datasets/cat_10k/images/02dff53d8418af1adefa24f9f0c4ffc1.jpg,02dff53d8418af1adefa24f9f0c4ffc1
123,datasets/cat_10k/images/02e17dba3eb5154d7a01e9163bb0b49f.jpg,02e17dba3eb5154d7a01e9163bb0b49f
124,datasets/cat_10k/images/02e3b53d13030ecf92eacfcdc5980bd9.jpg,02e3b53d13030ecf92eacfcdc5980bd9
125,datasets/cat_10k/images/02e446cb7ac428dc6147746560600e1b.jpg,02e446cb7ac428dc6147746560600e1b
126,datasets/cat_10k/images/02e6650a43c6c9cc671e098c422335ec.jpg,02e6650a43c6c9cc671e098c422335ec
127,datasets/cat_10k/images/02ee0c6df58982e2e5cbeba61802aa24.jpg,02ee0c6df58982e2e5cbeba61802aa24
128,datasets/cat_10k/images/02ee954df1281fcb84804120e9f8a0e9.jpg,02ee954df1281fcb84804120e9f8a0e9
129,datasets/cat_10k/images/02f3a6aaaca3631513c57e70e8317490.jpg,02f3a6aaaca3631513c57e70e8317490
130,datasets/cat_10k/images/02f74e13cb2f150e50b9423f59bdd187.jpg,02f74e13cb2f150e50b9423f59bdd187
131,datasets/cat_10k/images/02fa7a9d892763d5aa4a7cfc0f1b27f9.jpg,02fa7a9d892763d5aa4a7cfc0f1b27f9
132,datasets/cat_10k/images/02fc95a33d8ef7d8bcb60902c8f74e2b.jpg,02fc95a33d8ef7d8bcb60902c8f74e2b
133,datasets/cat_10k/images/02fd5dbbe46a953ef05732626e60458f.jpg,02fd5dbbe46a953ef05732626e60458f
134,datasets/cat_10k/images/02ff14fb226242bffcc380273de625f0.jpg,02ff14fb226242bffcc380273de625f0
135,datasets/cat_10k/images/03099b132376c8d5f5eaa2e8a6e818ee.jpg,03099b132376c8d5f5eaa2e8a6e818ee
136,datasets/cat_10k/images/03119e04252354a44895390b4cd4874c.jpg,03119e04252354a44895390b4cd4874c
137,datasets/cat_10k/images/0311b848eae981de2d6e9b0e43325dec.jpg,0311b848eae981de2d6e9b0e43325dec
138,datasets/cat_10k/images/0311c0472d7ccdd00e3551252561e1ff.jpg,0311c0472d7ccdd00e3551252561e1ff
139,datasets/cat_10k/images/031c585b4dbcb157dd9099f57f8d909c.jpg,031c585b4dbcb157dd9099f57f8d909c
140,datasets/cat_10k/images/031e880467fdcf3cb506c87b5b271e16.jpg,031e880467fdcf3cb506c87b5b271e16
141,datasets/cat_10k/images/03213fa65027d93bb32044445ebe679b.jpg,03213fa65027d93bb32044445ebe679b
142,datasets/cat_10k/images/0324aa3f8350b5a0e053bc9485cc6b26.jpg,0324aa3f8350b5a0e053bc9485cc6b26
143,datasets/cat_10k/images/032a75ea6343ccf22df3a436fde46481.jpg,032a75ea6343ccf22df3a436fde46481
144,datasets/cat_10k/images/032bbf3d29b8fe04efc3cdc8ac51884e.jpg,032bbf3d29b8fe04efc3cdc8ac51884e
145,datasets/cat_10k/images/033365bc9612d162f2822471f424a87b.jpg,033365bc9612d162f2822471f424a87b
146,datasets/cat_10k/images/033af24006d7621af247178f9575104a.jpg,033af24006d7621af247178f9575104a
147,datasets/cat_10k/images/033b3f5108e479a1db82623c1d77fc27.jpg,033b3f5108e479a1db82623c1d77fc27
148,datasets/cat_10k/images/0340ae9e62028a119d24fe12f9016d22.jpg,0340ae9e62028a119d24fe12f9016d22
149,datasets/cat_10k/images/034c45c0b3465e5862a16cdd388844c2.jpg,034c45c0b3465e5862a16cdd388844c2
150,datasets/cat_10k/images/034e145115bf6ea07c35176b168085da.jpg,034e145115bf6ea07c35176b168085da
151,datasets/cat_10k/images/034e581ce6041abc0e3beb977f95e05e.jpg,034e581ce6041abc0e3beb977f95e05e
152,datasets/cat_10k/images/0351dc141b8a7b8f11f54fae511b47ad.jpg,0351dc141b8a7b8f11f54fae511b47ad
153,datasets/cat_10k/images/0352d03ade533ef4d3904537782fc398.jpg,0352d03ade533ef4d3904537782fc398
154,datasets/cat_10k/images/0353bf21a94b8b3cbf5d4e6a905ae9de.jpg,0353bf21a94b8b3cbf5d4e6a905ae9de
155,datasets/cat_10k/images/0353e1678aa7eca7e9ea0640c2a741af.jpg,0353e1678aa7eca7e9ea0640c2a741af
156,datasets/cat_10k/images/035600e0e4d9ad34153a931947649a20.jpg,035600e0e4d9ad34153a931947649a20
157,datasets/cat_10k/images/03589646900eb8c873ad97e46fb35886.jpg,03589646900eb8c873ad97e46fb35886
158,datasets/cat_10k/images/035bbeb4ac514e2feb32620b1a4827be.jpg,035bbeb4ac514e2feb32620b1a4827be
159,datasets/cat_10k/images/035ead1644f80cde37f7f980dd3f6df5.jpg,035ead1644f80cde37f7f980dd3f6df5
160,datasets/cat_10k/images/0360c60db55cb3f3f30d54668b59c5ee.jpg,0360c60db55cb3f3f30d54668b59c5ee
161,datasets/cat_10k/images/036e2e67a7d0a8c681981f710834e6c1.jpg,036e2e67a7d0a8c681981f710834e6c1
162,datasets/cat_10k/images/036f44881964af05e80137307ca29ba3.jpg,036f44881964af05e80137307ca29ba3
163,datasets/cat_10k/images/03773482529ce0c5ac02b30f42ce324c.jpg,03773482529ce0c5ac02b30f42ce324c
164,datasets/cat_10k/images/03863567b7d2d160439eddd3fe6cdd67.jpg,03863567b7d2d160439eddd3fe6cdd67
165,datasets/cat_10k/images/038ae7b65b7d7f5b8641c2156e3293f2.jpg,038ae7b65b7d7f5b8641c2156e3293f2
166,datasets/cat_10k/images/03927851dc7936dc9fe742778568ae1b.jpg,03927851dc7936dc9fe742778568ae1b
167,datasets/cat_10k/images/0395325112f7ee286f33c3dff05dcb26.jpg,0395325112f7ee286f33c3dff05dcb26
168,datasets/cat_10k/images/03996955228a2505d5a2765ed64c6849.jpg,03996955228a2505d5a2765ed64c6849
169,datasets/cat_10k/images/03a2aea7161ddd10ec9d2fe56e2ee845.jpg,03a2aea7161ddd10ec9d2fe56e2ee845
170,datasets/cat_10k/images/03a47e770ae4c363da2b030aba282962.jpg,03a47e770ae4c363da2b030aba282962
171,datasets/cat_10k/images/03abb961a8b661a6926c07ae39d9a573.jpg,03abb961a8b661a6926c07ae39d9a573
172,datasets/cat_10k/images/03abd4e7cd9b5c549bce990e02efd1bb.jpg,03abd4e7cd9b5c549bce990e02efd1bb
173,datasets/cat_10k/images/03b26e7d8bd0f5bdab161eb0ea999026.jpg,03b26e7d8bd0f5bdab161eb0ea999026
174,datasets/cat_10k/images/03b90070b8ef7e188a3446cbab4ee78c.jpg,03b90070b8ef7e188a3446cbab4ee78c
175,datasets/cat_10k/images/03baac59f0b4c0177a0d60cfb5a07ef2.jpg,03baac59f0b4c0177a0d60cfb5a07ef2
176,datasets/cat_10k/images/03c00642cce5a0ce9d63b06eaa8a47c4.jpg,03c00642cce5a0ce9d63b06eaa8a47c4
177,datasets/cat_10k/images/03c3ec8631e210914d0bc441b3a80f84.jpg,03c3ec8631e210914d0bc441b3a80f84
178,datasets/cat_10k/images/03d0050ba067e82c31c350657491fe70.jpg,03d0050ba067e82c31c350657491fe70
179,datasets/cat_10k/images/03d5057e667a968736373b1df8884e55.jpg,03d5057e667a968736373b1df8884e55
180,datasets/cat_10k/images/03dd8182e6f54cb8e6c82b845f1e11b6.jpg,03dd8182e6f54cb8e6c82b845f1e11b6
181,datasets/cat_10k/images/03e277de7409c6d4d39e0afaa6bd4dd1.jpg,03e277de7409c6d4d39e0afaa6bd4dd1
182,datasets/cat_10k/images/03ed74123c233855154b98067758d907.jpg,03ed74123c233855154b98067758d907
183,datasets/cat_10k/images/03f3fd5339d57d6905236bb6f8405ad3.jpg,03f3fd5339d57d6905236bb6f8405ad3
184,datasets/cat_10k/images/03f9909a5e24c6653aa19c308d2735ca.jpg,03f9909a5e24c6653aa19c308d2735ca
185,datasets/cat_10k/images/03ff309f38c62438899b028701d11a85.jpg,03ff309f38c62438899b028701d11a85
186,datasets/cat_10k/images/040c155b77e080df354139287aa39644.jpg,040c155b77e080df354139287aa39644
187,datasets/cat_10k/images/041aace6ff39e6a5837dbe6885aed4dc.jpg,041aace6ff39e6a5837dbe6885aed4dc
188,datasets/cat_10k/images/041bccb4cb84b6cabbda7b0de7502b9a.jpg,041bccb4cb84b6cabbda7b0de7502b9a
189,datasets/cat_10k/images/042cf4b37e7a6134179dcb5f041e72d2.jpg,042cf4b37e7a6134179dcb5f041e72d2
190,datasets/cat_10k/images/0432eee63b4ab0e967f2d48e7a2e0868.jpg,0432eee63b4ab0e967f2d48e7a2e0868
191,datasets/cat_10k/images/04378330e395c7207e913b2ee27bd26c.jpg,04378330e395c7207e913b2ee27bd26c
192,datasets/cat_10k/images/043b1b1f4db0444ea8018297bedd6b10.jpg,043b1b1f4db0444ea8018297bedd6b10
193,datasets/cat_10k/images/043d49c43fc879891ea555c82ccb3372.jpg,043d49c43fc879891ea555c82ccb3372
194,datasets/cat_10k/images/043dd2ce002ec8d69175d78a731079ea.jpg,043dd2ce002ec8d69175d78a731079ea
195,datasets/cat_10k/images/044438e265d5fbd1873a4db8c541f8f5.jpg,044438e265d5fbd1873a4db8c541f8f5
196,datasets/cat_10k/images/0445a4dcdec9c2b615811a4c5cff6bf7.jpg,0445a4dcdec9c2b615811a4c5cff6bf7
197,datasets/cat_10k/images/044c77852085b6c16d9d16d48e44bfd0.jpg,044c77852085b6c16d9d16d48e44bfd0
198,datasets/cat_10k/images/04505f68be6ef52c54d3e73f26fa7025.jpg,04505f68be6ef52c54d3e73f26fa7025
199,datasets/cat_10k/images/0450d81e47fadbbf0dc403bd8dea5b40.jpg,0450d81e47fadbbf0dc403bd8dea5b40
200,datasets/cat_10k/images/0451ce3ec29c6f8cff4c59f864003410.jpg,0451ce3ec29c6f8cff4c59f864003410
201,datasets/cat_10k/images/0453b4bc5559447acac5d217c4a392ef.jpg,0453b4bc5559447acac5d217c4a392ef
202,datasets/cat_10k/images/045473fa3c70f29879eb94ddb464a6da.jpg,045473fa3c70f29879eb94ddb464a6da
203,datasets/cat_10k/images/0454c77f97c3b4f4f6ad91e7e323bcc4.jpg,0454c77f97c3b4f4f6ad91e7e323bcc4
204,datasets/cat_10k/images/0466975a373be34453738886ee9668ac.jpg,0466975a373be34453738886ee9668ac
205,datasets/cat_10k/images/0467f7668ec682bc2905f63a2e9f00f9.jpg,0467f7668ec682bc2905f63a2e9f00f9
206,datasets/cat_10k/images/0469147a4a5eb6211b9cf16752b49d24.jpg,0469147a4a5eb6211b9cf16752b49d24
207,datasets/cat_10k/images/0477ae8c9ade2848efa849d0d6e4042d.jpg,0477ae8c9ade2848efa849d0d6e4042d
208,datasets/cat_10k/images/048109ff2819020fb11ccb6bf9adc136.jpg,048109ff2819020fb11ccb6bf9adc136
209,datasets/cat_10k/images/04863bf686bc9e2ae34198dd0e0a2fc9.jpg,04863bf686bc9e2ae34198dd0e0a2fc9
210,datasets/cat_10k/images/048839bf7ff4fed6dc0fe7deb7062a95.jpg,048839bf7ff4fed6dc0fe7deb7062a95
211,datasets/cat_10k/images/0492234e86fccd6194eb96ff743f3599.jpg,0492234e86fccd6194eb96ff743f3599
212,datasets/cat_10k/images/049acc93e1cac14b85ac7646cf6c0818.jpg,049acc93e1cac14b85ac7646cf6c0818
213,datasets/cat_10k/images/04a052566ca3117f14c602f21cfb74a2.jpg,04a052566ca3117f14c602f21cfb74a2
214,datasets/cat_10k/images/04a8199c644f629e5244937b3d7de315.jpg,04a8199c644f629e5244937b3d7de315
215,datasets/cat_10k/images/04afb807fee8e2073de21bd91d8b7f87.jpg,04afb807fee8e2073de21bd91d8b7f87
216,datasets/cat_10k/images/04b39cfa0a539989e4f51aa5ef2c24ef.jpg,04b39cfa0a539989e4f51aa5ef2c24ef
217,datasets/cat_10k/images/04bb127de5739a06f0e718cc3b6c65ae.jpg,04bb127de5739a06f0e718cc3b6c65ae
218,datasets/cat_10k/images/04bd5c8586f6523b02a5b31737ed5193.jpg,04bd5c8586f6523b02a5b31737ed5193
219,datasets/cat_10k/images/04bff49f23b085f1507698a2f7526703.jpg,04bff49f23b085f1507698a2f7526703
220,datasets/cat_10k/images/04c6d3488b03fc1fd88ef9953750cd7f.jpg,04c6d3488b03fc1fd88ef9953750cd7f
221,datasets/cat_10k/images/04d2515d0329d9a5c5f5f880f2819738.jpg,04d2515d0329d9a5c5f5f880f2819738
222,datasets/cat_10k/images/04d51b4bec045843a3d1c3373e7ce820.jpg,04d51b4bec045843a3d1c3373e7ce820
223,datasets/cat_10k/images/04defa9e0283f0b08af7ed3cd560cf30.jpg,04defa9e0283f0b08af7ed3cd560cf30
224,datasets/cat_10k/images/04df91b3de759d73ee3c667f501b8dae.jpg,04df91b3de759d73ee3c667f501b8dae
225,datasets/cat_10k/images/04ea1bf280766af09100adf2371eb696.jpg,04ea1bf280766af09100adf2371eb696
226,datasets/cat_10k/images/04f8967918257e20ed2dfcb1235a4230.jpg,04f8967918257e20ed2dfcb1235a4230
227,datasets/cat_10k/images/050accda5303120a262a35445390c6d1.jpg,050accda5303120a262a35445390c6d1
228,datasets/cat_10k/images/050dacc6717298b31db1ddccea9f70bb.jpg,050dacc6717298b31db1ddccea9f70bb
229,datasets/cat_10k/images/050f8eb404dc9a1386703c9d84e03f0b.jpg,050f8eb404dc9a1386703c9d84e03f0b
230,datasets/cat_10k/images/051a8bae5674f60b5a2d5faebf7b7880.jpg,051a8bae5674f60b5a2d5faebf7b7880
231,datasets/cat_10k/images/051c74b01865b7e70d4a8ecee360dba3.jpg,051c74b01865b7e70d4a8ecee360dba3
232,datasets/cat_10k/images/052108c64b3be9dd2bc5cf7b9f6d0a09.jpg,052108c64b3be9dd2bc5cf7b9f6d0a09
233,datasets/cat_10k/images/05212462a11d1974c95066f2bb1bf2ed.jpg,05212462a11d1974c95066f2bb1bf2ed
234,datasets/cat_10k/images/0528387baa3515e42912716b4d24b607.jpg,0528387baa3515e42912716b4d24b607
235,datasets/cat_10k/images/052adf8505ab594f4d82b3d69c43b989.jpg,052adf8505ab594f4d82b3d69c43b989
236,datasets/cat_10k/images/052bdba2d89045105a22c4edc2bd6a3b.jpg,052bdba2d89045105a22c4edc2bd6a3b
237,datasets/cat_10k/images/052e35f9358f99dce1e81c4aea01d461.jpg,052e35f9358f99dce1e81c4aea01d461
238,datasets/cat_10k/images/053498cf9226f367d9019ee83e8c8a19.jpg,053498cf9226f367d9019ee83e8c8a19
239,datasets/cat_10k/images/0537e5333a7bdfbbdb9d3f66336659a1.jpg,0537e5333a7bdfbbdb9d3f66336659a1
240,datasets/cat_10k/images/053818df7f9ad22a02cf7b025a456aa0.jpg,053818df7f9ad22a02cf7b025a456aa0
241,datasets/cat_10k/images/05467e33eead3811057b021674f0f9f1.jpg,05467e33eead3811057b021674f0f9f1
242,datasets/cat_10k/images/054ef41bbed5e74c3bf65eca3eea1f4a.jpg,054ef41bbed5e74c3bf65eca3eea1f4a
243,datasets/cat_10k/images/0550127b86453b3cca39df4ab8c7f225.jpg,0550127b86453b3cca39df4ab8c7f225
244,datasets/cat_10k/images/055d21ca9ca898b54b2c29afc51093e7.jpg,055d21ca9ca898b54b2c29afc51093e7
245,datasets/cat_10k/images/05607c0d948ca960ff6c8ef776bd4f22.jpg,05607c0d948ca960ff6c8ef776bd4f22
246,datasets/cat_10k/images/05677706f2e1dd76e7292a9c1b87f6ba.jpg,05677706f2e1dd76e7292a9c1b87f6ba
247,datasets/cat_10k/images/05748ae8dfa8a9d8d4ce3c56f9e71f55.jpg,05748ae8dfa8a9d8d4ce3c56f9e71f55
248,datasets/cat_10k/images/057deece096214d2b04d522b935b5bd0.jpg,057deece096214d2b04d522b935b5bd0
249,datasets/cat_10k/images/05825d8ffff9bbfd7fbc83d0b9aa8d3c.jpg,05825d8ffff9bbfd7fbc83d0b9aa8d3c
250,datasets/cat_10k/images/0584e836548fcfda979c5a467e06f46c.jpg,0584e836548fcfda979c5a467e06f46c
251,datasets/cat_10k/images/05899df192a74da23b09d6a570b39554.jpg,05899df192a74da23b09d6a570b39554
252,datasets/cat_10k/images/058b68a08ac130e021fa7d206aba0de5.jpg,058b68a08ac130e021fa7d206aba0de5
253,datasets/cat_10k/images/058e22b9c46a4f9d583f7758d73eac6d.jpg,058e22b9c46a4f9d583f7758d73eac6d
254,datasets/cat_10k/images/058f0bfc278279606303340c845d6ad5.jpg,058f0bfc278279606303340c845d6ad5
255,datasets/cat_10k/images/0594ab800c6038c665a48668e6737c32.jpg,0594ab800c6038c665a48668e6737c32
256,datasets/cat_10k/images/059a0f3f8e3d168fe1339cbab3475496.jpg,059a0f3f8e3d168fe1339cbab3475496
257,datasets/cat_10k/images/059b0e3cf3cdb6e9da564669ed059a74.jpg,059b0e3cf3cdb6e9da564669ed059a74
258,datasets/cat_10k/images/059bb04eccd6927b020065ea15712113.jpg,059bb04eccd6927b020065ea15712113
259,datasets/cat_10k/images/059e3a122a8d4288f2120fd5730de7b3.jpg,059e3a122a8d4288f2120fd5730de7b3
260,datasets/cat_10k/images/05a04ad1872684c13b77c39a845a2d97.jpg,05a04ad1872684c13b77c39a845a2d97
261,datasets/cat_10k/images/05a0cc47eaaf906e63879b1314b5a41b.jpg,05a0cc47eaaf906e63879b1314b5a41b
262,datasets/cat_10k/images/05a1c484e34dc3e31e56a57022896865.jpg,05a1c484e34dc3e31e56a57022896865
263,datasets/cat_10k/images/05b2b86a738f55697203920e6a054e40.jpg,05b2b86a738f55697203920e6a054e40
264,datasets/cat_10k/images/05b50518afb35b8298b868d92d6ced3d.jpg,05b50518afb35b8298b868d92d6ced3d
265,datasets/cat_10k/images/05bb1cf50717520b126d5aa20de30dbe.jpg,05bb1cf50717520b126d5aa20de30dbe
266,datasets/cat_10k/images/05bcb97233d05b35dfc690d917b37063.jpg,05bcb97233d05b35dfc690d917b37063
267,datasets/cat_10k/images/05bef368026dcffc83e2a0ef6636696a.jpg,05bef368026dcffc83e2a0ef6636696a
268,datasets/cat_10k/images/05c9916e53e2dda021bd1d8ef297ad51.jpg,05c9916e53e2dda021bd1d8ef297ad51
269,datasets/cat_10k/images/05d6b7aa4f0d216a6693b278e3e30e8d.jpg,05d6b7aa4f0d216a6693b278e3e30e8d
270,datasets/cat_10k/images/05d85bfd4c3366f14a187ba2571e4b5a.jpg,05d85bfd4c3366f14a187ba2571e4b5a
271,datasets/cat_10k/images/05e02f36242b32daf4c476af3c6fcf76.jpg,05e02f36242b32daf4c476af3c6fcf76
272,datasets/cat_10k/images/05e24f640572b1c39d18378683014c08.jpg,05e24f640572b1c39d18378683014c08
273,datasets/cat_10k/images/05e5fdc256dbdaf6c8a2072aeb9b1147.jpg,05e5fdc256dbdaf6c8a2072aeb9b1147
274,datasets/cat_10k/images/05ecd8453378113b8a3de1f4a601bf86.jpg,05ecd8453378113b8a3de1f4a601bf86
275,datasets/cat_10k/images/05eeb07d5f0f463efaf5bca925068d4b.jpg,05eeb07d5f0f463efaf5bca925068d4b
276,datasets/cat_10k/images/05f715fd9ec4e107aed9a1c95909766f.jpg,05f715fd9ec4e107aed9a1c95909766f
277,datasets/cat_10k/images/05f9013c2547ceb3c0d242c47b5632eb.jpg,05f9013c2547ceb3c0d242c47b5632eb
278,datasets/cat_10k/images/05fe5da5eb2475f16b609212008d946c.jpg,05fe5da5eb2475f16b609212008d946c
279,datasets/cat_10k/images/060957844332b0d857d8194addca8588.jpg,060957844332b0d857d8194addca8588
280,datasets/cat_10k/images/060cead80daf42f048e5ac733ea9c668.jpg,060cead80daf42f048e5ac733ea9c668
281,datasets/cat_10k/images/060cfa395957f0b0427eeec79ebb786d.jpg,060cfa395957f0b0427eeec79ebb786d
282,datasets/cat_10k/images/061306297be2d8a3a326042d8c69c6ae.jpg,061306297be2d8a3a326042d8c69c6ae
283,datasets/cat_10k/images/06187dc03992cde9447702e1871e871f.jpg,06187dc03992cde9447702e1871e871f
284,datasets/cat_10k/images/061a8d1bf1e7f8067e409afe73f41da2.jpg,061a8d1bf1e7f8067e409afe73f41da2
285,datasets/cat_10k/images/0623a98b7b2a6ef69f3a0a11d111588e.jpg,0623a98b7b2a6ef69f3a0a11d111588e
286,datasets/cat_10k/images/0627e809cf15f2b7283093806cd366a4.jpg,0627e809cf15f2b7283093806cd366a4
287,datasets/cat_10k/images/062b9b001d75e040bc70d6c225e8fec0.jpg,062b9b001d75e040bc70d6c225e8fec0
288,datasets/cat_10k/images/062c7e19e31759e840804dbf15dfb0ba.jpg,062c7e19e31759e840804dbf15dfb0ba
289,datasets/cat_10k/images/062d5df5b4493265637a88fc25682753.jpg,062d5df5b4493265637a88fc25682753
290,datasets/cat_10k/images/0633f039a40b5d0aca922c5f8fba2894.jpg,0633f039a40b5d0aca922c5f8fba2894
291,datasets/cat_10k/images/063881153b6df5e14b06f70ebc5ad967.jpg,063881153b6df5e14b06f70ebc5ad967
292,datasets/cat_10k/images/063935b90078a9a18f3c95f6a742389e.jpg,063935b90078a9a18f3c95f6a742389e
293,datasets/cat_10k/images/063a646b5350da8ba29314205b8b4de9.jpg,063a646b5350da8ba29314205b8b4de9
294,datasets/cat_10k/images/063bac0ba2f6baad2ba86acdb1202e6e.jpg,063bac0ba2f6baad2ba86acdb1202e6e
295,datasets/cat_10k/images/0641459758300abce2c10a2b0a799881.jpg,0641459758300abce2c10a2b0a799881
296,datasets/cat_10k/images/064ccf8c3723e2fbe4b8fd574022e01f.jpg,064ccf8c3723e2fbe4b8fd574022e01f
297,datasets/cat_10k/images/064def0426d0dd8625338a56d1949e45.jpg,064def0426d0dd8625338a56d1949e45
298,datasets/cat_10k/images/0653c895f5decd35494b7c63be1a0138.jpg,0653c895f5decd35494b7c63be1a0138
299,datasets/cat_10k/images/06554c8d0f862b077532574f2dc92983.jpg,06554c8d0f862b077532574f2dc92983
300,datasets/cat_10k/images/0658a9c974ecf1a11a6cbc8a8382be5e.jpg,0658a9c974ecf1a11a6cbc8a8382be5e
301,datasets/cat_10k/images/06593746cef37a98cf339515966564fb.jpg,06593746cef37a98cf339515966564fb
302,datasets/cat_10k/images/0667783b0628ab68ebfbd48a09c9fabc.jpg,0667783b0628ab68ebfbd48a09c9fabc
303,datasets/cat_10k/images/06677abf6fa9c8ee905ea98b30dc1446.jpg,06677abf6fa9c8ee905ea98b30dc1446
304,datasets/cat_10k/images/066f0911c5e8c80b542a0d362211e7e1.jpg,066f0911c5e8c80b542a0d362211e7e1
305,datasets/cat_10k/images/0671557a3d301b487472d8cc47512b1a.jpg,0671557a3d301b487472d8cc47512b1a
306,datasets/cat_10k/images/06731a0e19a14246ad03fa299f4b16f2.jpg,06731a0e19a14246ad03fa299f4b16f2
307,datasets/cat_10k/images/0673436ef6f95b61b3e9523cb10889d6.jpg,0673436ef6f95b61b3e9523cb10889d6
308,datasets/cat_10k/images/0680dff671e47306d562c724ba4fc3d3.jpg,0680dff671e47306d562c724ba4fc3d3
309,datasets/cat_10k/images/06832d19fe790167e143c87975908692.jpg,06832d19fe790167e143c87975908692
310,datasets/cat_10k/images/068712efbaaaa69f70098570835d5de7.jpg,068712efbaaaa69f70098570835d5de7
311,datasets/cat_10k/images/06a256473c71db1e5e68b2931de50d4b.jpg,06a256473c71db1e5e68b2931de50d4b
312,datasets/cat_10k/images/06a526ab5322d0897814d16829cdb5f6.jpg,06a526ab5322d0897814d16829cdb5f6
313,datasets/cat_10k/images/06a9194ddf4b02eb96f98b7fc8308c0a.jpg,06a9194ddf4b02eb96f98b7fc8308c0a
314,datasets/cat_10k/images/06b088c29af492a8f5dfbe8654b17935.jpg,06b088c29af492a8f5dfbe8654b17935
315,datasets/cat_10k/images/06bbc73bfb8c3d7deffb84fde57d211e.jpg,06bbc73bfb8c3d7deffb84fde57d211e
316,datasets/cat_10k/images/06c4fb3bee58bb17387b10a95d7c5338.jpg,06c4fb3bee58bb17387b10a95d7c5338
317,datasets/cat_10k/images/06d4530bc178f86f5daae52d9e70d146.jpg,06d4530bc178f86f5daae52d9e70d146
318,datasets/cat_10k/images/06d62e88e1d3a1aed254e5746826fc2a.jpg,06d62e88e1d3a1aed254e5746826fc2a
319,datasets/cat_10k/images/06e1a45f22045957f6540bba7f05cb24.jpg,06e1a45f22045957f6540bba7f05cb24
320,datasets/cat_10k/images/06e6df48a00c3a33f1896785dab8aaed.jpg,06e6df48a00c3a33f1896785dab8aaed
321,datasets/cat_10k/images/06ef64f1ce715e718bc72e09a0419eed.jpg,06ef64f1ce715e718bc72e09a0419eed
322,datasets/cat_10k/images/06f0ae05969cedd338daa978a03ade21.jpg,06f0ae05969cedd338daa978a03ade21
323,datasets/cat_10k/images/06f4b4f1a4ceee4dab7132a87aee92b1.jpg,06f4b4f1a4ceee4dab7132a87aee92b1
324,datasets/cat_10k/images/06f4c52b8a4c7ee25614218049b8eb7c.jpg,06f4c52b8a4c7ee25614218049b8eb7c
325,datasets/cat_10k/images/06f52648298844529d3ec796daa096aa.jpg,06f52648298844529d3ec796daa096aa
326,datasets/cat_10k/images/06f82c1ee0e77e1744d5b98f100e5e67.jpg,06f82c1ee0e77e1744d5b98f100e5e67
327,datasets/cat_10k/images/06f9833e6de8011629bff12de5856438.jpg,06f9833e6de8011629bff12de5856438
328,datasets/cat_10k/images/06fc581c63be16e0484d6509231a2bb0.jpg,06fc581c63be16e0484d6509231a2bb0
329,datasets/cat_10k/images/07017494897b2db9a1caa4493f429f81.jpg,07017494897b2db9a1caa4493f429f81
330,datasets/cat_10k/images/0707530a87ab7ce2193adbd27d1cd0ec.jpg,0707530a87ab7ce2193adbd27d1cd0ec
331,datasets/cat_10k/images/0707f7afe25f1d12c3cf61324b274a16.jpg,0707f7afe25f1d12c3cf61324b274a16
332,datasets/cat_10k/images/070d885fe81f3bb45707f9d1faf3d5be.jpg,070d885fe81f3bb45707f9d1faf3d5be
333,datasets/cat_10k/images/0717f92e8d3c2113319822a0cc55592f.jpg,0717f92e8d3c2113319822a0cc55592f
334,datasets/cat_10k/images/0728ddc32b5978dde1b8b56081dea734.jpg,0728ddc32b5978dde1b8b56081dea734
335,datasets/cat_10k/images/07320652aa8738fcbf85ed7aea4a13ee.jpg,07320652aa8738fcbf85ed7aea4a13ee
336,datasets/cat_10k/images/0733f2a1386439b68e13666ce7260e3c.jpg,0733f2a1386439b68e13666ce7260e3c
337,datasets/cat_10k/images/07373736d07b91c4ea29721583c01ef6.jpg,07373736d07b91c4ea29721583c01ef6
338,datasets/cat_10k/images/073d7cf5cd3e155d1de82a69aa682466.jpg,073d7cf5cd3e155d1de82a69aa682466
339,datasets/cat_10k/images/074a94d13d859d555667fef649b85ed8.jpg,074a94d13d859d555667fef649b85ed8
340,datasets/cat_10k/images/074eaa0f025a456ccc8dcd96979f2fce.jpg,074eaa0f025a456ccc8dcd96979f2fce
341,datasets/cat_10k/images/07524bc5993cf827d543594cefdc622d.jpg,07524bc5993cf827d543594cefdc622d
342,datasets/cat_10k/images/07536482763f7ac5e3803782818abed4.jpg,07536482763f7ac5e3803782818abed4
343,datasets/cat_10k/images/0757509cb9888ac64239d72f8febd0fe.jpg,0757509cb9888ac64239d72f8febd0fe
344,datasets/cat_10k/images/075a07fd5c34e2c372cffb8b9fc5a76c.jpg,075a07fd5c34e2c372cffb8b9fc5a76c
345,datasets/cat_10k/images/07671993e77ed2c053e5c52a4c08eac7.jpg,07671993e77ed2c053e5c52a4c08eac7
346,datasets/cat_10k/images/0767e4b4c1846405f27f9532ef291198.jpg,0767e4b4c1846405f27f9532ef291198
347,datasets/cat_10k/images/0768ecf69a60f2fe4f1bafe922ca2d35.jpg,0768ecf69a60f2fe4f1bafe922ca2d35
348,datasets/cat_10k/images/076989a634264fcd6cf88f213140eccd.jpg,076989a634264fcd6cf88f213140eccd
349,datasets/cat_10k/images/076ad9edb095c355b19c1cbd68dcae76.jpg,076ad9edb095c355b19c1cbd68dcae76
350,datasets/cat_10k/images/076dab08fe784bcbdf4eb0237eabb8ea.jpg,076dab08fe784bcbdf4eb0237eabb8ea
351,datasets/cat_10k/images/076f0bb83e49893bf7467dee70d11b80.jpg,076f0bb83e49893bf7467dee70d11b80
352,datasets/cat_10k/images/07748609a3d4a6c17ea2765f3bbb488e.jpg,07748609a3d4a6c17ea2765f3bbb488e
353,datasets/cat_10k/images/078cb4b9c7d4e6647605943a27d4c863.jpg,078cb4b9c7d4e6647605943a27d4c863
354,datasets/cat_10k/images/078fcf64c7f4c19861b03ada80dd8a91.jpg,078fcf64c7f4c19861b03ada80dd8a91
355,datasets/cat_10k/images/0798254c94615068ecccdc428264189f.jpg,0798254c94615068ecccdc428264189f
356,datasets/cat_10k/images/079b703987fffdb4e60ee84b1611e555.jpg,079b703987fffdb4e60ee84b1611e555
357,datasets/cat_10k/images/07a0aeaed35f33ec9dbf09326a72de77.jpg,07a0aeaed35f33ec9dbf09326a72de77
358,datasets/cat_10k/images/07a55a53899022e17dfb0cc018491427.jpg,07a55a53899022e17dfb0cc018491427
359,datasets/cat_10k/images/07a8041133f9c8d6975217597ea24123.jpg,07a8041133f9c8d6975217597ea24123
360,datasets/cat_10k/images/07aa08a6acfdca4592819913d5fa9d54.jpg,07aa08a6acfdca4592819913d5fa9d54
361,datasets/cat_10k/images/07aa432dfec8d2c6b36cafafb9fbcc1f.jpg,07aa432dfec8d2c6b36cafafb9fbcc1f
362,datasets/cat_10k/images/07b0975b7178c2f8ccee4a5270dc089a.jpg,07b0975b7178c2f8ccee4a5270dc089a
363,datasets/cat_10k/images/07b1da74bc269f266700f9a8286454bf.jpg,07b1da74bc269f266700f9a8286454bf
364,datasets/cat_10k/images/07b62303e772c6f04472a67f0b53d031.jpg,07b62303e772c6f04472a67f0b53d031
365,datasets/cat_10k/images/07b8816a7ce92cf2d99e2a088d8af221.jpg,07b8816a7ce92cf2d99e2a088d8af221
366,datasets/cat_10k/images/07bc7d5819c9d36aeb59425110759b7c.jpg,07bc7d5819c9d36aeb59425110759b7c
367,datasets/cat_10k/images/07c62d4de2934210b479bc1a61d60e59.jpg,07c62d4de2934210b479bc1a61d60e59
368,datasets/cat_10k/images/07ccbaba0935fc937c751b289c43a14f.jpg,07ccbaba0935fc937c751b289c43a14f
369,datasets/cat_10k/images/07ce37ffa340ce0d408eda13a1ae8e5e.jpg,07ce37ffa340ce0d408eda13a1ae8e5e
370,datasets/cat_10k/images/07cf774288608a8615ef21f0363532a2.jpg,07cf774288608a8615ef21f0363532a2
371,datasets/cat_10k/images/07d6210beb0b70a1608438988e122d3a.jpg,07d6210beb0b70a1608438988e122d3a
372,datasets/cat_10k/images/07d7e02177f97b7c8c787b57f9615aa9.jpg,07d7e02177f97b7c8c787b57f9615aa9
373,datasets/cat_10k/images/07dac58e9fe0f2f7c942a14c63a7840a.jpg,07dac58e9fe0f2f7c942a14c63a7840a
374,datasets/cat_10k/images/07df3f38cef4f8ed8ffeab7efcbf9c68.jpg,07df3f38cef4f8ed8ffeab7efcbf9c68
375,datasets/cat_10k/images/07e8bd82ab07fd2097e1618229bfadda.jpg,07e8bd82ab07fd2097e1618229bfadda
376,datasets/cat_10k/images/07eaab7f12d98870ebc3bba22a229ea0.jpg,07eaab7f12d98870ebc3bba22a229ea0
377,datasets/cat_10k/images/07f4ded60e999a31be44c6fdf702d296.jpg,07f4ded60e999a31be44c6fdf702d296
378,datasets/cat_10k/images/07f76ffe36a2a97292db2e93d3a201ca.jpg,07f76ffe36a2a97292db2e93d3a201ca
379,datasets/cat_10k/images/07ff6f34513d5c3b0625f997c891659f.jpg,07ff6f34513d5c3b0625f997c891659f
380,datasets/cat_10k/images/07ffc007d3c9bfd447f6030bd635a65e.jpg,07ffc007d3c9bfd447f6030bd635a65e
381,datasets/cat_10k/images/08042e96ef05e794cfe26c65e725bdc7.jpg,08042e96ef05e794cfe26c65e725bdc7
382,datasets/cat_10k/images/0806aef8a0aa5ae21938f52b3bb6ec31.jpg,0806aef8a0aa5ae21938f52b3bb6ec31
383,datasets/cat_10k/images/080790dfb70aea54c3371ee83ee2ef37.jpg,080790dfb70aea54c3371ee83ee2ef37
384,datasets/cat_10k/images/0808be127897ba602f337d3555032057.jpg,0808be127897ba602f337d3555032057
385,datasets/cat_10k/images/08095eb55fefcbed3cfa918835e15a90.jpg,08095eb55fefcbed3cfa918835e15a90
386,datasets/cat_10k/images/080ba7714c5501f70c70f2ae796d3842.jpg,080ba7714c5501f70c70f2ae796d3842
387,datasets/cat_10k/images/081151fbce7a1a4f939d0ded83ebb94c.jpg,081151fbce7a1a4f939d0ded83ebb94c
388,datasets/cat_10k/images/081b80edf08dadb1bed674c3f96159fb.jpg,081b80edf08dadb1bed674c3f96159fb
389,datasets/cat_10k/images/08317ec3203515d791b5538a63251ea6.jpg,08317ec3203515d791b5538a63251ea6
390,datasets/cat_10k/images/0832e7c229f96ef87e5dd2adc72c9b54.jpg,0832e7c229f96ef87e5dd2adc72c9b54
391,datasets/cat_10k/images/0833fd2a2902e4c744dae0ad5d72b35d.jpg,0833fd2a2902e4c744dae0ad5d72b35d
392,datasets/cat_10k/images/083eb5b379323d1968a0bf4e3f8d94b2.jpg,083eb5b379323d1968a0bf4e3f8d94b2
393,datasets/cat_10k/images/083f03dcbd99158998accf0d66f07f02.jpg,083f03dcbd99158998accf0d66f07f02
394,datasets/cat_10k/images/083f24d8efa694bec442a3cd9aa535a6.jpg,083f24d8efa694bec442a3cd9aa535a6
395,datasets/cat_10k/images/084214627f112bdae208ba1ab98784c6.jpg,084214627f112bdae208ba1ab98784c6
396,datasets/cat_10k/images/084297ade10b0d68e18ee9c23847612a.jpg,084297ade10b0d68e18ee9c23847612a
397,datasets/cat_10k/images/084652d1df9ef1a140a3754245f042f4.jpg,084652d1df9ef1a140a3754245f042f4
398,datasets/cat_10k/images/085871fb8ad684ff74ceb0112dcf2395.jpg,085871fb8ad684ff74ceb0112dcf2395
399,datasets/cat_10k/images/085f12fe46bf96f4142bf6a4ece966bc.jpg,085f12fe46bf96f4142bf6a4ece966bc
400,datasets/cat_10k/images/0865faf91312301b6eae1862c0409e92.jpg,0865faf91312301b6eae1862c0409e92
401,datasets/cat_10k/images/086d8f0e0b0991222ec8ddf59256a5df.jpg,086d8f0e0b0991222ec8ddf59256a5df
402,datasets/cat_10k/images/086f0ad88b0569ce97dcd864d95a022c.jpg,086f0ad88b0569ce97dcd864d95a022c
403,datasets/cat_10k/images/08708c489bcdc759d551baf8d12ccf83.jpg,08708c489bcdc759d551baf8d12ccf83
404,datasets/cat_10k/images/087098c21a349ec1b4416950a2e36c11.jpg,087098c21a349ec1b4416950a2e36c11
405,datasets/cat_10k/images/0871710cc799e6f61f7f0b861d766cbe.jpg,0871710cc799e6f61f7f0b861d766cbe
406,datasets/cat_10k/images/0881044b01806dd7453c317383f2e810.jpg,0881044b01806dd7453c317383f2e810
407,datasets/cat_10k/images/0881e93ae6f366c1b3e59e830104303a.jpg,0881e93ae6f366c1b3e59e830104303a
408,datasets/cat_10k/images/088efd9c79f39b94bb3fcbdc98b55908.jpg,088efd9c79f39b94bb3fcbdc98b55908
409,datasets/cat_10k/images/088f98e4ba7c7cb3b5806ca9d29a41be.jpg,088f98e4ba7c7cb3b5806ca9d29a41be
410,datasets/cat_10k/images/08944187897430344c6f708042a749d6.jpg,08944187897430344c6f708042a749d6
411,datasets/cat_10k/images/08955398a53bbedbe9c6aec85ae86dca.jpg,08955398a53bbedbe9c6aec85ae86dca
412,datasets/cat_10k/images/08984c7356352fc379180208b98cbf7e.jpg,08984c7356352fc379180208b98cbf7e
413,datasets/cat_10k/images/089fdc4208f0e98b7634d2b0fedf5da6.jpg,089fdc4208f0e98b7634d2b0fedf5da6
414,datasets/cat_10k/images/08a1549bea7b923d55b1f6dd8904466c.jpg,08a1549bea7b923d55b1f6dd8904466c
415,datasets/cat_10k/images/08a1a606f5362c02c8231147e92ac0ee.jpg,08a1a606f5362c02c8231147e92ac0ee
416,datasets/cat_10k/images/08a4227b686629b2c5f9b30d4c9affee.jpg,08a4227b686629b2c5f9b30d4c9affee
417,datasets/cat_10k/images/08a87816a01a6f1552f9fc7876efbe7d.jpg,08a87816a01a6f1552f9fc7876efbe7d
418,datasets/cat_10k/images/08abe074c8422e31060e7fc61b4cde79.jpg,08abe074c8422e31060e7fc61b4cde79
419,datasets/cat_10k/images/08acb6c75873395becec4bead1bf38f2.jpg,08acb6c75873395becec4bead1bf38f2
420,datasets/cat_10k/images/08b3d00dde87383770eba43b6a735d22.jpg,08b3d00dde87383770eba43b6a735d22
421,datasets/cat_10k/images/08b83c0ae1d4805c5540776c1a70dee0.jpg,08b83c0ae1d4805c5540776c1a70dee0
422,datasets/cat_10k/images/08c0b2b8f256b4b75bf7875145fc9d06.jpg,08c0b2b8f256b4b75bf7875145fc9d06
423,datasets/cat_10k/images/08c15f0814485540d35198943202d5c4.jpg,08c15f0814485540d35198943202d5c4
424,datasets/cat_10k/images/08c1afc2e2cf8c03bb5813f6b4737717.jpg,08c1afc2e2cf8c03bb5813f6b4737717
425,datasets/cat_10k/images/08cdc067a4ddfd124bfd06f7ee4f40b5.jpg,08cdc067a4ddfd124bfd06f7ee4f40b5
426,datasets/cat_10k/images/08d81fac8acf1027221a68f3c68b3d4b.jpg,08d81fac8acf1027221a68f3c68b3d4b
427,datasets/cat_10k/images/08d8fad52b7d7d03c3ffef6d9a21d21a.jpg,08d8fad52b7d7d03c3ffef6d9a21d21a
428,datasets/cat_10k/images/08e14929bb8facacc2ec986e808e9690.jpg,08e14929bb8facacc2ec986e808e9690
429,datasets/cat_10k/images/08e2b94a016ae230ace726e1b7d489fe.jpg,08e2b94a016ae230ace726e1b7d489fe
430,datasets/cat_10k/images/08e4c4b1ff301668286bff122d254443.jpg,08e4c4b1ff301668286bff122d254443
431,datasets/cat_10k/images/08ee16f6926255e8e18c2d750aaef825.jpg,08ee16f6926255e8e18c2d750aaef825
432,datasets/cat_10k/images/08f0439c6764e1f8a5234ff7e66306be.jpg,08f0439c6764e1f8a5234ff7e66306be
433,datasets/cat_10k/images/08f5df1d827060f195becb952bf09757.jpg,08f5df1d827060f195becb952bf09757
434,datasets/cat_10k/images/08fb516dd178aa2d220ecff710455bae.jpg,08fb516dd178aa2d220ecff710455bae
435,datasets/cat_10k/images/09047ee20d42d91ed0891ba9557aa20b.jpg,09047ee20d42d91ed0891ba9557aa20b
436,datasets/cat_10k/images/090ac444af83cdc4d89af3da111ad451.jpg,090ac444af83cdc4d89af3da111ad451
437,datasets/cat_10k/images/090ccfce709262e98fd75beee90bb168.jpg,090ccfce709262e98fd75beee90bb168
438,datasets/cat_10k/images/090e30f9779979de27d7c641f0513e21.jpg,090e30f9779979de27d7c641f0513e21
439,datasets/cat_10k/images/09131424d5b90c714545bc377fdb8081.jpg,09131424d5b90c714545bc377fdb8081
440,datasets/cat_10k/images/0919570572fbf5631490676d20d43f07.jpg,0919570572fbf5631490676d20d43f07
441,datasets/cat_10k/images/092333215790fbeb9731bfa735c0ef1c.jpg,092333215790fbeb9731bfa735c0ef1c
442,datasets/cat_10k/images/0928ca2a0bf3107dfdeb4dd345c20800.jpg,0928ca2a0bf3107dfdeb4dd345c20800
443,datasets/cat_10k/images/09304574e6bcd353beeb3514dfbe0e94.jpg,09304574e6bcd353beeb3514dfbe0e94
444,datasets/cat_10k/images/093ecd39c29ed99b8fcdf5440c9ee01a.jpg,093ecd39c29ed99b8fcdf5440c9ee01a
445,datasets/cat_10k/images/0941ed848bc645410317cf509b1ae14f.jpg,0941ed848bc645410317cf509b1ae14f
446,datasets/cat_10k/images/094479acc23dced75d6897fcdd3d1ceb.jpg,094479acc23dced75d6897fcdd3d1ceb
447,datasets/cat_10k/images/095293a56d38019b4a365d18d6af6c4c.jpg,095293a56d38019b4a365d18d6af6c4c
448,datasets/cat_10k/images/095482d3e9764ba012faac2396cbf1d2.jpg,095482d3e9764ba012faac2396cbf1d2
449,datasets/cat_10k/images/095d3c417de23a603b155f0c14344fcb.jpg,095d3c417de23a603b155f0c14344fcb
450,datasets/cat_10k/images/096324c20323b50f1549d32144b3dc3a.jpg,096324c20323b50f1549d32144b3dc3a
451,datasets/cat_10k/images/096947a13e81ec5c726b6c1105ce4600.jpg,096947a13e81ec5c726b6c1105ce4600
452,datasets/cat_10k/images/0971db709bfe8a401140437bb729e2c1.jpg,0971db709bfe8a401140437bb729e2c1
453,datasets/cat_10k/images/0974d95cff9b294290df945f018bc3f4.jpg,0974d95cff9b294290df945f018bc3f4
454,datasets/cat_10k/images/0975c53456292b3d374bbd549af4da2c.jpg,0975c53456292b3d374bbd549af4da2c
455,datasets/cat_10k/images/097fcac476c8250a3a996f0257f69d90.jpg,097fcac476c8250a3a996f0257f69d90
456,datasets/cat_10k/images/0982afeda46ce01481389ee541d74ee3.jpg,0982afeda46ce01481389ee541d74ee3
457,datasets/cat_10k/images/0987a3704e94d6dfe5ece78fbe42ab1b.jpg,0987a3704e94d6dfe5ece78fbe42ab1b
458,datasets/cat_10k/images/098a79612a6c347a13e878269eae0522.jpg,098a79612a6c347a13e878269eae0522
459,datasets/cat_10k/images/09901d3b1270fd9c73bd385230dfcffc.jpg,09901d3b1270fd9c73bd385230dfcffc
460,datasets/cat_10k/images/099819f46d41705934dc46701621aeba.jpg,099819f46d41705934dc46701621aeba
461,datasets/cat_10k/images/099b97a1fc3f79606e367eb85b76996e.jpg,099b97a1fc3f79606e367eb85b76996e
462,datasets/cat_10k/images/099c033b689fbb959b95fdf8ca9dae1a.jpg,099c033b689fbb959b95fdf8ca9dae1a
463,datasets/cat_10k/images/099ee4094b4b3c086b725eb60317b5ce.jpg,099ee4094b4b3c086b725eb60317b5ce
464,datasets/cat_10k/images/09a525008a1cbc534cb2d1c98092878c.jpg,09a525008a1cbc534cb2d1c98092878c
465,datasets/cat_10k/images/09a88b1953dcb956d94b87b40a191a56.jpg,09a88b1953dcb956d94b87b40a191a56
466,datasets/cat_10k/images/09adadb1cf98c76dfbf5e560f551608e.jpg,09adadb1cf98c76dfbf5e560f551608e
467,datasets/cat_10k/images/09aee6de37274f9ff5347801acac9fb7.jpg,09aee6de37274f9ff5347801acac9fb7
468,datasets/cat_10k/images/09aeeb373ecbcc2372779859e9003aee.jpg,09aeeb373ecbcc2372779859e9003aee
469,datasets/cat_10k/images/09b617bd3cd780015d774091e3eea1c8.jpg,09b617bd3cd780015d774091e3eea1c8
470,datasets/cat_10k/images/09baf6e7c05303a0a8ef318f7ff6e0b3.jpg,09baf6e7c05303a0a8ef318f7ff6e0b3
471,datasets/cat_10k/images/09bce5389f115aea22fc0f1d1f6b6fb5.jpg,09bce5389f115aea22fc0f1d1f6b6fb5
472,datasets/cat_10k/images/09bfb25860b299f5f25da4543cb41292.jpg,09bfb25860b299f5f25da4543cb41292
473,datasets/cat_10k/images/09c256e6b157df140b09a6fdfa794b30.jpg,09c256e6b157df140b09a6fdfa794b30
474,datasets/cat_10k/images/09c72474ae64256e3ff29725be4c340d.jpg,09c72474ae64256e3ff29725be4c340d
475,datasets/cat_10k/images/09c7fb94f4c17de9d5dcac58693eb08c.jpg,09c7fb94f4c17de9d5dcac58693eb08c
476,datasets/cat_10k/images/09c93b3ff5111ee2c3d8351a7f2ebedd.jpg,09c93b3ff5111ee2c3d8351a7f2ebedd
477,datasets/cat_10k/images/09d1e1990eeaba6d69bc533ead05d869.jpg,09d1e1990eeaba6d69bc533ead05d869
478,datasets/cat_10k/images/09d62da493ea549c5fbadc12eb63fcb7.jpg,09d62da493ea549c5fbadc12eb63fcb7
479,datasets/cat_10k/images/09d832b25549634f413f576665f668f8.jpg,09d832b25549634f413f576665f668f8
480,datasets/cat_10k/images/09d949b736cfd7b1b7adc02a72ff26e8.jpg,09d949b736cfd7b1b7adc02a72ff26e8
481,datasets/cat_10k/images/09de2d4fad104a833583146523cec67e.jpg,09de2d4fad104a833583146523cec67e
482,datasets/cat_10k/images/09ec28b02de9e2c2ca5a61cef3992b5c.jpg,09ec28b02de9e2c2ca5a61cef3992b5c
483,datasets/cat_10k/images/09f95ca10ca17e473c97463162b8c996.jpg,09f95ca10ca17e473c97463162b8c996
484,datasets/cat_10k/images/09f972faf7a37745181ebbe70329f19d.jpg,09f972faf7a37745181ebbe70329f19d
485,datasets/cat_10k/images/09fa5f51f9f976f11547a34b1c5dac85.jpg,09fa5f51f9f976f11547a34b1c5dac85
486,datasets/cat_10k/images/09fb7fdf09e62fb9d26723f9fbf00a15.jpg,09fb7fdf09e62fb9d26723f9fbf00a15
487,datasets/cat_10k/images/0a02c31d4d651fb4b8f40aa853a829e1.jpg,0a02c31d4d651fb4b8f40aa853a829e1
488,datasets/cat_10k/images/0a0e997a8d4d61aa44fb525877224448.jpg,0a0e997a8d4d61aa44fb525877224448
489,datasets/cat_10k/images/0a15fc11ae6d57df670dcb24be0541f7.jpg,0a15fc11ae6d57df670dcb24be0541f7
490,datasets/cat_10k/images/0a1ec8913a2368e41a31fe4d0b9817da.jpg,0a1ec8913a2368e41a31fe4d0b9817da
491,datasets/cat_10k/images/0a2a1ae2ec159d28bf66395216a0531b.jpg,0a2a1ae2ec159d28bf66395216a0531b
492,datasets/cat_10k/images/0a2aac5cf81d505f6cd685fe3fd714ef.jpg,0a2aac5cf81d505f6cd685fe3fd714ef
493,datasets/cat_10k/images/0a39e8f2595c5509065ce1e1ab8f96b0.jpg,0a39e8f2595c5509065ce1e1ab8f96b0
494,datasets/cat_10k/images/0a3cd9ae7332fc9af7e7be95048f89b4.jpg,0a3cd9ae7332fc9af7e7be95048f89b4
495,datasets/cat_10k/images/0a41ef3d996ef306c16e9839c5eacbfb.jpg,0a41ef3d996ef306c16e9839c5eacbfb
496,datasets/cat_10k/images/0a4485d0a33eac94ddb6b7aac32b9e83.jpg,0a4485d0a33eac94ddb6b7aac32b9e83
497,datasets/cat_10k/images/0a49436eef550148a7d628263541539d.jpg,0a49436eef550148a7d628263541539d
498,datasets/cat_10k/images/0a4cd4d1f42e8bf493c58db34eca865f.jpg,0a4cd4d1f42e8bf493c58db34eca865f
499,datasets/cat_10k/images/0a4ff8e9b5333b2cefc5f327d7e390ab.jpg,0a4ff8e9b5333b2cefc5f327d7e390ab
500,datasets/cat_10k/images/0a5ce05099dfa438502a335cda7a72e8.jpg,0a5ce05099dfa438502a335cda7a72e8
501,datasets/cat_10k/images/0a61102f55936e1a5acf6ecfa53f6f6b.jpg,0a61102f55936e1a5acf6ecfa53f6f6b
502,datasets/cat_10k/images/0a63e6e91bdabc6327bb01d8a16eeda7.jpg,0a63e6e91bdabc6327bb01d8a16eeda7
503,datasets/cat_10k/images/0a6b3dae048729e479dcfaebede0bd14.jpg,0a6b3dae048729e479dcfaebede0bd14
504,datasets/cat_10k/images/0a6e40bb5ba4a0c03a3def4ee576634f.jpg,0a6e40bb5ba4a0c03a3def4ee576634f
505,datasets/cat_10k/images/0a6f44b1bdd65ccd188f3406966aea50.jpg,0a6f44b1bdd65ccd188f3406966aea50
506,datasets/cat_10k/images/0a8366435ab634f3fd7122523f9cb559.jpg,0a8366435ab634f3fd7122523f9cb559
507,datasets/cat_10k/images/0a8379024d48d46a68b75593f9ebdf57.jpg,0a8379024d48d46a68b75593f9ebdf57
508,datasets/cat_10k/images/0a8645d647fb6f810fd2fb6abb7656d0.jpg,0a8645d647fb6f810fd2fb6abb7656d0
509,datasets/cat_10k/images/0a89440ab91b8d1eae40b2c9e00c2f88.jpg,0a89440ab91b8d1eae40b2c9e00c2f88
510,datasets/cat_10k/images/0a8b47ef7d380f5308ca1f8c79bfc52f.jpg,0a8b47ef7d380f5308ca1f8c79bfc52f
511,datasets/cat_10k/images/0a9d699e0f80a9b5c4b4ee83dce75fb7.jpg,0a9d699e0f80a9b5c4b4ee83dce75fb7
512,datasets/cat_10k/images/0aa46bf7dfd25986d418f69933006971.jpg,0aa46bf7dfd25986d418f69933006971
513,datasets/cat_10k/images/0aac5d70f0ef768aec0dbafc7d6ee1a1.jpg,0aac5d70f0ef768aec0dbafc7d6ee1a1
514,datasets/cat_10k/images/0ab3d09f1b4bd477698daf20c710987c.jpg,0ab3d09f1b4bd477698daf20c710987c
515,datasets/cat_10k/images/0ab4d14dfb08795b6da0bdbe4981542f.jpg,0ab4d14dfb08795b6da0bdbe4981542f
516,datasets/cat_10k/images/0ab9d8ab476fb3d83a4aa329e8e130e6.jpg,0ab9d8ab476fb3d83a4aa329e8e130e6
517,datasets/cat_10k/images/0aba33350d2c98e4c1f8202efdda08db.jpg,0aba33350d2c98e4c1f8202efdda08db
518,datasets/cat_10k/images/0ac4ac4d93c0d43101edf9f6ae2e76d6.jpg,0ac4ac4d93c0d43101edf9f6ae2e76d6
519,datasets/cat_10k/images/0ac9fc0978cbf0a1e2cb4478d093943e.jpg,0ac9fc0978cbf0a1e2cb4478d093943e
520,datasets/cat_10k/images/0acac6c1967fa5a40d6e834413239037.jpg,0acac6c1967fa5a40d6e834413239037
521,datasets/cat_10k/images/0acddc554cb1f306a0e3472b04fe54fe.jpg,0acddc554cb1f306a0e3472b04fe54fe
522,datasets/cat_10k/images/0acf80cc1360bf6f097390d1bca4f251.jpg,0acf80cc1360bf6f097390d1bca4f251
523,datasets/cat_10k/images/0ad74dfe798df0448710ca4db9bfdd24.jpg,0ad74dfe798df0448710ca4db9bfdd24
524,datasets/cat_10k/images/0adcfdd78c01d29f15da5f2903dd5ffb.jpg,0adcfdd78c01d29f15da5f2903dd5ffb
525,datasets/cat_10k/images/0adfd44f1f25a3cb5f7a8130d22f836c.jpg,0adfd44f1f25a3cb5f7a8130d22f836c
526,datasets/cat_10k/images/0ae8c259248b05a02aff4f9cfc51d16c.jpg,0ae8c259248b05a02aff4f9cfc51d16c
527,datasets/cat_10k/images/0aefd16d84531d4f0a95dccaa7150b8d.jpg,0aefd16d84531d4f0a95dccaa7150b8d
528,datasets/cat_10k/images/0af31d31a84560adb9540f330c5629bd.jpg,0af31d31a84560adb9540f330c5629bd
529,datasets/cat_10k/images/0af48afed6058104ea2e5dab95d58bb5.jpg,0af48afed6058104ea2e5dab95d58bb5
530,datasets/cat_10k/images/0afc566c532885cbd0fe87d782ebe1e6.jpg,0afc566c532885cbd0fe87d782ebe1e6
531,datasets/cat_10k/images/0b0c8b500ab5084c1ae85f971665c64f.jpg,0b0c8b500ab5084c1ae85f971665c64f
532,datasets/cat_10k/images/0b0d2fe192a1524f9d9544c5c9fb7e69.jpg,0b0d2fe192a1524f9d9544c5c9fb7e69
533,datasets/cat_10k/images/0b191aa36641e7a1fe742a3b889b5033.jpg,0b191aa36641e7a1fe742a3b889b5033
534,datasets/cat_10k/images/0b22a2e2af9fa2ffcb6f325fa0ed223c.jpg,0b22a2e2af9fa2ffcb6f325fa0ed223c
535,datasets/cat_10k/images/0b32f6cdbb6f6c5f8bdce0c37c4e1b02.jpg,0b32f6cdbb6f6c5f8bdce0c37c4e1b02
536,datasets/cat_10k/images/0b402a33cf08327517ef2eaf8d72d007.jpg,0b402a33cf08327517ef2eaf8d72d007
537,datasets/cat_10k/images/0b45d0f8caefde7ae60d73a8efa5c554.jpg,0b45d0f8caefde7ae60d73a8efa5c554
538,datasets/cat_10k/images/0b462472d587ca9fc14e0a146fa11bf9.jpg,0b462472d587ca9fc14e0a146fa11bf9
539,datasets/cat_10k/images/0b54121d9b0255f127be1fb2f11a3ead.jpg,0b54121d9b0255f127be1fb2f11a3ead
540,datasets/cat_10k/images/0b5459232b74d36f3001dc2675cafb88.jpg,0b5459232b74d36f3001dc2675cafb88
541,datasets/cat_10k/images/0b546b3fba999df13daf50be160a8618.jpg,0b546b3fba999df13daf50be160a8618
542,datasets/cat_10k/images/0b60b6a81ad8a73c517084c080af5945.jpg,0b60b6a81ad8a73c517084c080af5945
543,datasets/cat_10k/images/0b70442f2299aa2069e30faa1eb4e930.jpg,0b70442f2299aa2069e30faa1eb4e930
544,datasets/cat_10k/images/0b762b4f2f08af2123ee97bc91c40ac7.jpg,0b762b4f2f08af2123ee97bc91c40ac7
545,datasets/cat_10k/images/0b7f58342da7508af4d1e4becd8eed1a.jpg,0b7f58342da7508af4d1e4becd8eed1a
546,datasets/cat_10k/images/0b8cdb19fab0b086cb995d99ab891655.jpg,0b8cdb19fab0b086cb995d99ab891655
547,datasets/cat_10k/images/0b90cee41666ab9c419fee1e96c2386a.jpg,0b90cee41666ab9c419fee1e96c2386a
548,datasets/cat_10k/images/0b9b122ba307e2c1db93160134c8bdd8.jpg,0b9b122ba307e2c1db93160134c8bdd8
549,datasets/cat_10k/images/0b9f05f8e8ed25d86fc7df0e6a234983.jpg,0b9f05f8e8ed25d86fc7df0e6a234983
550,datasets/cat_10k/images/0ba9ecfe10a7a806f8be21d20c277183.jpg,0ba9ecfe10a7a806f8be21d20c277183
551,datasets/cat_10k/images/0babc64be44835a154608d0eea05fbb1.jpg,0babc64be44835a154608d0eea05fbb1
552,datasets/cat_10k/images/0baf5b369d0f659bd9a0ca2632b8dfe5.jpg,0baf5b369d0f659bd9a0ca2632b8dfe5
553,datasets/cat_10k/images/0bafe1a83b14f716504a3d2fecdab213.jpg,0bafe1a83b14f716504a3d2fecdab213
554,datasets/cat_10k/images/0bb014185d8a4bab7770d4c8d6faa968.jpg,0bb014185d8a4bab7770d4c8d6faa968
555,datasets/cat_10k/images/0bb16b580f3011086818242a37930325.jpg,0bb16b580f3011086818242a37930325
556,datasets/cat_10k/images/0bb2c651906c87ba1eb29ff90f96af69.jpg,0bb2c651906c87ba1eb29ff90f96af69
557,datasets/cat_10k/images/0bb607e5c8b11966e5f74e3d89aaa8c4.jpg,0bb607e5c8b11966e5f74e3d89aaa8c4
558,datasets/cat_10k/images/0bb6a224fb072beb4acb9084bc107fb2.jpg,0bb6a224fb072beb4acb9084bc107fb2
559,datasets/cat_10k/images/0bbdb907a59f318cb90d91f850b7ee29.jpg,0bbdb907a59f318cb90d91f850b7ee29
560,datasets/cat_10k/images/0bbdfb7c240bd81e0772ff6fed41e8f9.jpg,0bbdfb7c240bd81e0772ff6fed41e8f9
561,datasets/cat_10k/images/0bca4bf8b25f07de4594ac3f74357d7f.jpg,0bca4bf8b25f07de4594ac3f74357d7f
562,datasets/cat_10k/images/0bcc0b2511c74e5a43d53920e4186718.jpg,0bcc0b2511c74e5a43d53920e4186718
563,datasets/cat_10k/images/0bdaa232c221567dd0bcca9c436002e5.jpg,0bdaa232c221567dd0bcca9c436002e5
564,datasets/cat_10k/images/0be0862698872610f8688e8db0eb78f1.jpg,0be0862698872610f8688e8db0eb78f1
565,datasets/cat_10k/images/0be909e0337eda0b2368883d05141d61.jpg,0be909e0337eda0b2368883d05141d61
566,datasets/cat_10k/images/0beee11adab64ae8ff666bbaafe3ad48.jpg,0beee11adab64ae8ff666bbaafe3ad48
567,datasets/cat_10k/images/0bf1803ead303aae73de4dccac7a81c4.jpg,0bf1803ead303aae73de4dccac7a81c4
568,datasets/cat_10k/images/0bf854c4a9f80005ef4365fa7364c4d1.jpg,0bf854c4a9f80005ef4365fa7364c4d1
569,datasets/cat_10k/images/0bfc07acde9e37c761e9a6a917245c3b.jpg,0bfc07acde9e37c761e9a6a917245c3b
570,datasets/cat_10k/images/0c0317f124f3d6e9f08c19b5f7f18c70.jpg,0c0317f124f3d6e9f08c19b5f7f18c70
571,datasets/cat_10k/images/0c0a56242bbf5711de2700bec071e87f.jpg,0c0a56242bbf5711de2700bec071e87f
572,datasets/cat_10k/images/0c0f94bc0f232cf5d67a5ae23401aa85.jpg,0c0f94bc0f232cf5d67a5ae23401aa85
573,datasets/cat_10k/images/0c187f97642d5ab10755b57879f3fc76.jpg,0c187f97642d5ab10755b57879f3fc76
574,datasets/cat_10k/images/0c1939c8c9c0acda8e707f6687e0523d.jpg,0c1939c8c9c0acda8e707f6687e0523d
575,datasets/cat_10k/images/0c1e32e2729d14832d230be0390678f9.jpg,0c1e32e2729d14832d230be0390678f9
576,datasets/cat_10k/images/0c219f3c871879be842d948040d5333c.jpg,0c219f3c871879be842d948040d5333c
577,datasets/cat_10k/images/0c241558c2a40d2c5117df625624ffa4.jpg,0c241558c2a40d2c5117df625624ffa4
578,datasets/cat_10k/images/0c2477784eb16789020c5a3e437244a4.jpg,0c2477784eb16789020c5a3e437244a4
579,datasets/cat_10k/images/0c2b0a5013489ec27b26a71f4abcaec0.jpg,0c2b0a5013489ec27b26a71f4abcaec0
580,datasets/cat_10k/images/0c2d491b2ba6c961476f78c04af20055.jpg,0c2d491b2ba6c961476f78c04af20055
581,datasets/cat_10k/images/0c38751dfe6c4bbf9c24af9e53c67096.jpg,0c38751dfe6c4bbf9c24af9e53c67096
582,datasets/cat_10k/images/0c3d7d18eda23429a305e173669a69dd.jpg,0c3d7d18eda23429a305e173669a69dd
583,datasets/cat_10k/images/0c3f00119f0026512c610be573d9864b.jpg,0c3f00119f0026512c610be573d9864b
584,datasets/cat_10k/images/0c4b64177875880e0fa0e468fb95d359.jpg,0c4b64177875880e0fa0e468fb95d359
585,datasets/cat_10k/images/0c4f6960933ba9a7800aa6334e3c5fd9.jpg,0c4f6960933ba9a7800aa6334e3c5fd9
586,datasets/cat_10k/images/0c584e1353f7f251d90acf1216919adb.jpg,0c584e1353f7f251d90acf1216919adb
587,datasets/cat_10k/images/0c63db2c3bb38938954b666cf921c4e4.jpg,0c63db2c3bb38938954b666cf921c4e4
588,datasets/cat_10k/images/0c6a20aa3afb3266b2ca8aa9a0f72b13.jpg,0c6a20aa3afb3266b2ca8aa9a0f72b13
589,datasets/cat_10k/images/0c702da5e479ab2362828b9a82e5fad7.jpg,0c702da5e479ab2362828b9a82e5fad7
590,datasets/cat_10k/images/0c74150c14cdd6d8f420c3c8f34dad48.jpg,0c74150c14cdd6d8f420c3c8f34dad48
591,datasets/cat_10k/images/0c807e6b017ad6f766b79b85406b7f9a.jpg,0c807e6b017ad6f766b79b85406b7f9a
592,datasets/cat_10k/images/0c87941875d0194e18d24bf052c555fe.jpg,0c87941875d0194e18d24bf052c555fe
593,datasets/cat_10k/images/0c89f8000ad34df33f7427eca4fbedca.jpg,0c89f8000ad34df33f7427eca4fbedca
594,datasets/cat_10k/images/0c8fd573342963145e602af8e69cde64.jpg,0c8fd573342963145e602af8e69cde64
595,datasets/cat_10k/images/0c90d00d26b80004028cff6af0517886.jpg,0c90d00d26b80004028cff6af0517886
596,datasets/cat_10k/images/0c93609664fcdc8a3c6d26ce573712a4.jpg,0c93609664fcdc8a3c6d26ce573712a4
597,datasets/cat_10k/images/0c948653b028b9539934d7d22401b880.jpg,0c948653b028b9539934d7d22401b880
598,datasets/cat_10k/images/0c9a0f57ab7fab3fe06262a522909a85.jpg,0c9a0f57ab7fab3fe06262a522909a85
599,datasets/cat_10k/images/0c9a31dd8a73c437783ea8c5120e632f.jpg,0c9a31dd8a73c437783ea8c5120e632f
600,datasets/cat_10k/images/0ca9f8a95c839d08a87821963d6f8252.jpg,0ca9f8a95c839d08a87821963d6f8252
601,datasets/cat_10k/images/0caf7723f7cb7430468321f5dde87d6b.jpg,0caf7723f7cb7430468321f5dde87d6b
602,datasets/cat_10k/images/0cb218b2971a346b744e5a94871bab72.jpg,0cb218b2971a346b744e5a94871bab72
603,datasets/cat_10k/images/0cb5ca656a2b94ed4b18b0a35d57ed2a.jpg,0cb5ca656a2b94ed4b18b0a35d57ed2a
604,datasets/cat_10k/images/0cbe016933b3c78604d546b7d1a0d90b.jpg,0cbe016933b3c78604d546b7d1a0d90b
605,datasets/cat_10k/images/0cbe9cacfb1727a81860eedc36459f37.jpg,0cbe9cacfb1727a81860eedc36459f37
606,datasets/cat_10k/images/0cbee351a40c4030b7f6011a365eb6bc.jpg,0cbee351a40c4030b7f6011a365eb6bc
607,datasets/cat_10k/images/0cd1992576cdd888e7f7bb7489e7bb0e.jpg,0cd1992576cdd888e7f7bb7489e7bb0e
608,datasets/cat_10k/images/0cdba187174c0c42d99a8cc4435c3d99.jpg,0cdba187174c0c42d99a8cc4435c3d99
609,datasets/cat_10k/images/0ce8141cf13978def51ca8c642f5bcc8.jpg,0ce8141cf13978def51ca8c642f5bcc8
610,datasets/cat_10k/images/0cf01d07db1212c946de6fded2b1204d.jpg,0cf01d07db1212c946de6fded2b1204d
611,datasets/cat_10k/images/0cf95f60a6e09f8969f925da9d7363e2.jpg,0cf95f60a6e09f8969f925da9d7363e2
612,datasets/cat_10k/images/0cf9719648980f89f6ac548a770f339d.jpg,0cf9719648980f89f6ac548a770f339d
613,datasets/cat_10k/images/0cfa924f45a96672ebe6e7ca9aabf6f3.jpg,0cfa924f45a96672ebe6e7ca9aabf6f3
614,datasets/cat_10k/images/0cfbad19726f3388caa5b75ce228fb1e.jpg,0cfbad19726f3388caa5b75ce228fb1e
615,datasets/cat_10k/images/0d0038834b9cf0566f7048bae13f46f1.jpg,0d0038834b9cf0566f7048bae13f46f1
616,datasets/cat_10k/images/0d051731ad054f7939cf84268c3cd6cc.jpg,0d051731ad054f7939cf84268c3cd6cc
617,datasets/cat_10k/images/0d052b1d9f121daf3cc8e3ba40df6621.jpg,0d052b1d9f121daf3cc8e3ba40df6621
618,datasets/cat_10k/images/0d05bdfbce89927c4e15f724b0caad6f.jpg,0d05bdfbce89927c4e15f724b0caad6f
619,datasets/cat_10k/images/0d0b21cddd98b3c943d34acfbce939ba.jpg,0d0b21cddd98b3c943d34acfbce939ba
620,datasets/cat_10k/images/0d0df0e012b39f71273a62747724bd14.jpg,0d0df0e012b39f71273a62747724bd14
621,datasets/cat_10k/images/0d17606b44354aeea8a2eda51920bac2.jpg,0d17606b44354aeea8a2eda51920bac2
622,datasets/cat_10k/images/0d271e59e34cd598a34a12f55e53457b.jpg,0d271e59e34cd598a34a12f55e53457b
623,datasets/cat_10k/images/0d2895a23e430b590d976de0def1390d.jpg,0d2895a23e430b590d976de0def1390d
624,datasets/cat_10k/images/0d299d238a7a4832e759bf64779d970e.jpg,0d299d238a7a4832e759bf64779d970e
625,datasets/cat_10k/images/0d29b49c1214d7a06155651e4c310577.jpg,0d29b49c1214d7a06155651e4c310577
626,datasets/cat_10k/images/0d2f6dec7de95cd6c027adfdc0da5cbb.jpg,0d2f6dec7de95cd6c027adfdc0da5cbb
627,datasets/cat_10k/images/0d2fb2c6495d54675da0c828e62e9ae4.jpg,0d2fb2c6495d54675da0c828e62e9ae4
628,datasets/cat_10k/images/0d32b1147c15e3577ba60eb35737a624.jpg,0d32b1147c15e3577ba60eb35737a624
629,datasets/cat_10k/images/0d3303cc90007f0e0f3b46ebd6bbede4.jpg,0d3303cc90007f0e0f3b46ebd6bbede4
630,datasets/cat_10k/images/0d358cf2b04fa54d00f4f89a7263a35c.jpg,0d358cf2b04fa54d00f4f89a7263a35c
631,datasets/cat_10k/images/0d37cd4fd6bcedf53874a1f9acbaefcf.jpg,0d37cd4fd6bcedf53874a1f9acbaefcf
632,datasets/cat_10k/images/0d3944f65627dc3779216fa42d16eb53.jpg,0d3944f65627dc3779216fa42d16eb53
633,datasets/cat_10k/images/0d39c973d7f3f4b23057ade0d865387f.jpg,0d39c973d7f3f4b23057ade0d865387f
634,datasets/cat_10k/images/0d3d02f5b4ff6ab4bdb1c4ab73f171d4.jpg,0d3d02f5b4ff6ab4bdb1c4ab73f171d4
635,datasets/cat_10k/images/0d50897fd13f4081be0e3519aa653cac.jpg,0d50897fd13f4081be0e3519aa653cac
636,datasets/cat_10k/images/0d54e99eb78850ccc37b542fc84e83a4.jpg,0d54e99eb78850ccc37b542fc84e83a4
637,datasets/cat_10k/images/0d56f496d0217bb6a9bd22fd32138156.jpg,0d56f496d0217bb6a9bd22fd32138156
638,datasets/cat_10k/images/0d5832352344edee2f2a65fe0bdf89a6.jpg,0d5832352344edee2f2a65fe0bdf89a6
639,datasets/cat_10k/images/0d5c30d3bda0d1bb86aa329b55d6b0db.jpg,0d5c30d3bda0d1bb86aa329b55d6b0db
640,datasets/cat_10k/images/0d62cc1729016beaf0c490633807ea8d.jpg,0d62cc1729016beaf0c490633807ea8d
641,datasets/cat_10k/images/0d7751eeeaededa7a32ee65562afa13b.jpg,0d7751eeeaededa7a32ee65562afa13b
642,datasets/cat_10k/images/0d7f0db2b14a857c8529d5327cf88a4e.jpg,0d7f0db2b14a857c8529d5327cf88a4e
643,datasets/cat_10k/images/0d9fdaab10e4c06bf1b0aa1c689d30c2.jpg,0d9fdaab10e4c06bf1b0aa1c689d30c2
644,datasets/cat_10k/images/0dab81809a38bca9a0bfe1233a5921d6.jpg,0dab81809a38bca9a0bfe1233a5921d6
645,datasets/cat_10k/images/0dabae191ecf478f314b256e30faf62f.jpg,0dabae191ecf478f314b256e30faf62f
646,datasets/cat_10k/images/0dac5f6574794239d53c998a270f4a37.jpg,0dac5f6574794239d53c998a270f4a37
647,datasets/cat_10k/images/0db03fcec290b2eb459df9fd24e86ed3.jpg,0db03fcec290b2eb459df9fd24e86ed3
648,datasets/cat_10k/images/0db1ba231f26e1adae74ea34cc2c6851.jpg,0db1ba231f26e1adae74ea34cc2c6851
649,datasets/cat_10k/images/0dbe315d79179168870c6362e50c6ed8.jpg,0dbe315d79179168870c6362e50c6ed8
650,datasets/cat_10k/images/0dc4ceace43fd5fea0b0033ea210a971.jpg,0dc4ceace43fd5fea0b0033ea210a971
651,datasets/cat_10k/images/0dc9f1f1eb94fd578cc645bf0fff27c4.jpg,0dc9f1f1eb94fd578cc645bf0fff27c4
652,datasets/cat_10k/images/0dcbbd608d8e1c7d80ae2c129beb2a4f.jpg,0dcbbd608d8e1c7d80ae2c129beb2a4f
653,datasets/cat_10k/images/0dcbf6dd5d0035fa054f688fee88c42e.jpg,0dcbf6dd5d0035fa054f688fee88c42e
654,datasets/cat_10k/images/0ddbd3d2b815f58a57674983d3163670.jpg,0ddbd3d2b815f58a57674983d3163670
655,datasets/cat_10k/images/0de1b9d7e957ee8579ffdddfee2caf88.jpg,0de1b9d7e957ee8579ffdddfee2caf88
656,datasets/cat_10k/images/0de3af6d4d2616b3142a285beb563a89.jpg,0de3af6d4d2616b3142a285beb563a89
657,datasets/cat_10k/images/0deb5885ed86e0d1baefc92d81505f31.jpg,0deb5885ed86e0d1baefc92d81505f31
658,datasets/cat_10k/images/0df1694b6852d5a5f38d29fe21ea81cd.jpg,0df1694b6852d5a5f38d29fe21ea81cd
659,datasets/cat_10k/images/0df49cf2499db1d1d8bf776151eca7e1.jpg,0df49cf2499db1d1d8bf776151eca7e1
660,datasets/cat_10k/images/0df7c89e21e0aec6a4d2d185678e9b11.jpg,0df7c89e21e0aec6a4d2d185678e9b11
661,datasets/cat_10k/images/0dfeb9efd8e499784493ea7297d721b8.jpg,0dfeb9efd8e499784493ea7297d721b8
662,datasets/cat_10k/images/0e00c4d9ae051e61521c1b748d60e90c.jpg,0e00c4d9ae051e61521c1b748d60e90c
663,datasets/cat_10k/images/0e06201a5f6091d821d4217560e3208a.jpg,0e06201a5f6091d821d4217560e3208a
664,datasets/cat_10k/images/0e08f5aae408ce979fe81abe6a2dd6c1.jpg,0e08f5aae408ce979fe81abe6a2dd6c1
665,datasets/cat_10k/images/0e09075c0b3a3aee61d952db60f60520.jpg,0e09075c0b3a3aee61d952db60f60520
666,datasets/cat_10k/images/0e0f7565dd1ada6b690ddec4b5d6be55.jpg,0e0f7565dd1ada6b690ddec4b5d6be55
667,datasets/cat_10k/images/0e11ecb6a55da34293f4a404d9a836a7.jpg,0e11ecb6a55da34293f4a404d9a836a7
668,datasets/cat_10k/images/0e12e9417ccce895c8483f59fd1737cd.jpg,0e12e9417ccce895c8483f59fd1737cd
669,datasets/cat_10k/images/0e136f9ce5a8c1a817efae2f5872ce53.jpg,0e136f9ce5a8c1a817efae2f5872ce53
670,datasets/cat_10k/images/0e14af092897feed930c529e48eab86a.jpg,0e14af092897feed930c529e48eab86a
671,datasets/cat_10k/images/0e16b36d2adb22d16ee07fd4ad7a8517.jpg,0e16b36d2adb22d16ee07fd4ad7a8517
672,datasets/cat_10k/images/0e1dad31eb767a3a12f9a640a7cb1d8a.jpg,0e1dad31eb767a3a12f9a640a7cb1d8a
673,datasets/cat_10k/images/0e2d1a59b95f0b1fc993055ac5ac552e.jpg,0e2d1a59b95f0b1fc993055ac5ac552e
674,datasets/cat_10k/images/0e2e12916cac016446e5e804d4bb6b1c.jpg,0e2e12916cac016446e5e804d4bb6b1c
675,datasets/cat_10k/images/0e30beb8878a87dd70414e16cb0a5473.jpg,0e30beb8878a87dd70414e16cb0a5473
676,datasets/cat_10k/images/0e3667b369678e552fe9b06828275ffc.jpg,0e3667b369678e552fe9b06828275ffc
677,datasets/cat_10k/images/0e39606f048433e288abd3b29afd702c.jpg,0e39606f048433e288abd3b29afd702c
678,datasets/cat_10k/images/0e3b847af6951ad5dfaddb8d4b331416.jpg,0e3b847af6951ad5dfaddb8d4b331416
679,datasets/cat_10k/images/0e3cb264562ed2a12d7ae0f1200603ec.jpg,0e3cb264562ed2a12d7ae0f1200603ec
680,datasets/cat_10k/images/0e497e06b785efaa02466979c8618e32.jpg,0e497e06b785efaa02466979c8618e32
681,datasets/cat_10k/images/0e4aad92c11c24e908bf1085923a4687.jpg,0e4aad92c11c24e908bf1085923a4687
682,datasets/cat_10k/images/0e51c70c096d2eec1f10b83282eef7af.jpg,0e51c70c096d2eec1f10b83282eef7af
683,datasets/cat_10k/images/0e52e154ae2d02c750ce1be213e97749.jpg,0e52e154ae2d02c750ce1be213e97749
684,datasets/cat_10k/images/0e548d5ac44abe3e1de0005cadadf65d.jpg,0e548d5ac44abe3e1de0005cadadf65d
685,datasets/cat_10k/images/0e618b4c5b1975f0c571357efe615e3e.jpg,0e618b4c5b1975f0c571357efe615e3e
686,datasets/cat_10k/images/0e7600ac5a46da6d94caf5ed282bf9e7.jpg,0e7600ac5a46da6d94caf5ed282bf9e7
687,datasets/cat_10k/images/0e7c1f27c28de5958e8990aa9594dd59.jpg,0e7c1f27c28de5958e8990aa9594dd59
688,datasets/cat_10k/images/0e880055c25ec079a2066c1cd0c632f9.jpg,0e880055c25ec079a2066c1cd0c632f9
689,datasets/cat_10k/images/0e8c4c50d3e9ad6237cba93fe0c7ee27.jpg,0e8c4c50d3e9ad6237cba93fe0c7ee27
690,datasets/cat_10k/images/0e8e83e35fc07075f8ecaaddaa882ed5.jpg,0e8e83e35fc07075f8ecaaddaa882ed5
691,datasets/cat_10k/images/0e96adca25b1b8430dee0d261ca316cd.jpg,0e96adca25b1b8430dee0d261ca316cd
692,datasets/cat_10k/images/0ea54e616f677fe982886d9decf55987.jpg,0ea54e616f677fe982886d9decf55987
693,datasets/cat_10k/images/0eb3dcad4f04da9260c3342270dfa231.jpg,0eb3dcad4f04da9260c3342270dfa231
694,datasets/cat_10k/images/0eb79925b3a64a756852c57f4158b9ae.jpg,0eb79925b3a64a756852c57f4158b9ae
695,datasets/cat_10k/images/0eb911410f5089391015ea205c177472.jpg,0eb911410f5089391015ea205c177472
696,datasets/cat_10k/images/0eb99056668f31d34f468d4f83958dd7.jpg,0eb99056668f31d34f468d4f83958dd7
697,datasets/cat_10k/images/0ec1809c87c47562dfad2ed574d4171b.jpg,0ec1809c87c47562dfad2ed574d4171b
698,datasets/cat_10k/images/0ecc26ae64851c69128a93a3d114d41c.jpg,0ecc26ae64851c69128a93a3d114d41c
699,datasets/cat_10k/images/0ecf8f19c9930bfadebad8a54518ffbd.jpg,0ecf8f19c9930bfadebad8a54518ffbd
700,datasets/cat_10k/images/0eda8e8dc07341bf1f88736476746f82.jpg,0eda8e8dc07341bf1f88736476746f82
701,datasets/cat_10k/images/0edb73e3bf9598ca27e6bc90ea219832.jpg,0edb73e3bf9598ca27e6bc90ea219832
702,datasets/cat_10k/images/0edf6aae3e4e22153435aa8ce7cb90bf.jpg,0edf6aae3e4e22153435aa8ce7cb90bf
703,datasets/cat_10k/images/0ee07f8f9c2541015faaa591f655fb96.jpg,0ee07f8f9c2541015faaa591f655fb96
704,datasets/cat_10k/images/0ee4012e97131beb2f15e3f1b9c3adb4.jpg,0ee4012e97131beb2f15e3f1b9c3adb4
705,datasets/cat_10k/images/0ee504f972904aeb207702bb65851f5c.jpg,0ee504f972904aeb207702bb65851f5c
706,datasets/cat_10k/images/0ee9de1ee91ebb6fee3873c3fac6ba1d.jpg,0ee9de1ee91ebb6fee3873c3fac6ba1d
707,datasets/cat_10k/images/0eeeaf4bedc98a8cf445f3310b22aa9e.jpg,0eeeaf4bedc98a8cf445f3310b22aa9e
708,datasets/cat_10k/images/0ef417602bfb1bce9fa82fd81971df36.jpg,0ef417602bfb1bce9fa82fd81971df36
709,datasets/cat_10k/images/0ef5db0d39d7ae312d97742a603f5acb.jpg,0ef5db0d39d7ae312d97742a603f5acb
710,datasets/cat_10k/images/0ef987a82f261cafde2d8ab6dc0e27d1.jpg,0ef987a82f261cafde2d8ab6dc0e27d1
711,datasets/cat_10k/images/0f027b56b2c9bc876a082f801787bde1.jpg,0f027b56b2c9bc876a082f801787bde1
712,datasets/cat_10k/images/0f0419fd938f902caffcf2c6a21a92e3.jpg,0f0419fd938f902caffcf2c6a21a92e3
713,datasets/cat_10k/images/0f07980827bd7eb4e107d60be1e4aa6d.jpg,0f07980827bd7eb4e107d60be1e4aa6d
714,datasets/cat_10k/images/0f0b44e13f54eb46cc9ea180450f59f8.jpg,0f0b44e13f54eb46cc9ea180450f59f8
715,datasets/cat_10k/images/0f14ce9cbbfcca61c085d13ac89bb461.jpg,0f14ce9cbbfcca61c085d13ac89bb461
716,datasets/cat_10k/images/0f16b7ca6df0f2c591ccf832d3574a4c.jpg,0f16b7ca6df0f2c591ccf832d3574a4c
717,datasets/cat_10k/images/0f1abf3865215f91308734e2a1cd7ea6.jpg,0f1abf3865215f91308734e2a1cd7ea6
718,datasets/cat_10k/images/0f1ccf94b91c2fbd19d7edca84ffbac2.jpg,0f1ccf94b91c2fbd19d7edca84ffbac2
719,datasets/cat_10k/images/0f2127d1b6c9352466815f9ca54d9f13.jpg,0f2127d1b6c9352466815f9ca54d9f13
720,datasets/cat_10k/images/0f25463749c44556602fe87fcadd9335.jpg,0f25463749c44556602fe87fcadd9335
721,datasets/cat_10k/images/0f3c118752487bd18b36cf7ee946e39c.jpg,0f3c118752487bd18b36cf7ee946e39c
722,datasets/cat_10k/images/0f431c69d2bf847805c3770240bd9e8f.jpg,0f431c69d2bf847805c3770240bd9e8f
723,datasets/cat_10k/images/0f44f8578cb520c550677dd3a9519bf7.jpg,0f44f8578cb520c550677dd3a9519bf7
724,datasets/cat_10k/images/0f4a27c8d6dc821965e5f017db282e13.jpg,0f4a27c8d6dc821965e5f017db282e13
725,datasets/cat_10k/images/0f4abd90a36bdc343e212958a58be6a6.jpg,0f4abd90a36bdc343e212958a58be6a6
726,datasets/cat_10k/images/0f55db232cca4867360617b3d1e3eee2.jpg,0f55db232cca4867360617b3d1e3eee2
727,datasets/cat_10k/images/0f59adff43ca59fe53b3010670fa0ffc.jpg,0f59adff43ca59fe53b3010670fa0ffc
728,datasets/cat_10k/images/0f693942336a7ab1cca289f1ec272bf3.jpg,0f693942336a7ab1cca289f1ec272bf3
729,datasets/cat_10k/images/0f6c86eb93fd4c450f5be7bb631e5390.jpg,0f6c86eb93fd4c450f5be7bb631e5390
730,datasets/cat_10k/images/0f7aef3056572653a6d7dbab86217af0.jpg,0f7aef3056572653a6d7dbab86217af0
731,datasets/cat_10k/images/0f7b6af8671412cac9c619498a8c4636.jpg,0f7b6af8671412cac9c619498a8c4636
732,datasets/cat_10k/images/0f7ebc65c29843953cc108d7cb3d2cc5.jpg,0f7ebc65c29843953cc108d7cb3d2cc5
733,datasets/cat_10k/images/0f7fdd52d292a8616235d6b116c49cb2.jpg,0f7fdd52d292a8616235d6b116c49cb2
734,datasets/cat_10k/images/0f8061526d68ce862bf719a3fd701482.jpg,0f8061526d68ce862bf719a3fd701482
735,datasets/cat_10k/images/0f86bd129dc8306c314b92f400bed666.jpg,0f86bd129dc8306c314b92f400bed666
736,datasets/cat_10k/images/0f8b72e6dd810cbde50cae2ba87d1d59.jpg,0f8b72e6dd810cbde50cae2ba87d1d59
737,datasets/cat_10k/images/0f90f8688943d3ecb98746fc31d85732.jpg,0f90f8688943d3ecb98746fc31d85732
738,datasets/cat_10k/images/0f91b533b01057e9483cbe305bda39e0.jpg,0f91b533b01057e9483cbe305bda39e0
739,datasets/cat_10k/images/0f92e04b9e9a3c8b9fc8867d9c4fb958.jpg,0f92e04b9e9a3c8b9fc8867d9c4fb958
740,datasets/cat_10k/images/0f954d842eeb09c1042f988697ba09e4.jpg,0f954d842eeb09c1042f988697ba09e4
741,datasets/cat_10k/images/0f9ccd12345d1534fc5f6c517f5596a3.jpg,0f9ccd12345d1534fc5f6c517f5596a3
742,datasets/cat_10k/images/0fa5628c8d685cffc394beb9c74ba39c.jpg,0fa5628c8d685cffc394beb9c74ba39c
743,datasets/cat_10k/images/0faba23d8a0dac054021de91bd8edeb7.jpg,0faba23d8a0dac054021de91bd8edeb7
744,datasets/cat_10k/images/0facc3d57e0b0abb71c9b6670fbe9ca5.jpg,0facc3d57e0b0abb71c9b6670fbe9ca5
745,datasets/cat_10k/images/0fada626f2380b5b8496fc705953fb20.jpg,0fada626f2380b5b8496fc705953fb20
746,datasets/cat_10k/images/0faddbe86af24470686514eb68daa896.jpg,0faddbe86af24470686514eb68daa896
747,datasets/cat_10k/images/0fc991ead5a0794dc96d5afcc729dd0e.jpg,0fc991ead5a0794dc96d5afcc729dd0e
748,datasets/cat_10k/images/0fca669a834fa6031435ca3a2073bb10.jpg,0fca669a834fa6031435ca3a2073bb10
749,datasets/cat_10k/images/0fccb46e775aab0e79d891d5a43538a2.jpg,0fccb46e775aab0e79d891d5a43538a2
750,datasets/cat_10k/images/0fd17b59959da892faad1faa849c9eea.jpg,0fd17b59959da892faad1faa849c9eea
751,datasets/cat_10k/images/0ff505ad399284c320b422d81faebabe.jpg,0ff505ad399284c320b422d81faebabe
752,datasets/cat_10k/images/0ff8d0341dcf5638ef0370157e398b5c.jpg,0ff8d0341dcf5638ef0370157e398b5c
753,datasets/cat_10k/images/0ffa9cdc7d9b6238fa16338b2c98f73d.jpg,0ffa9cdc7d9b6238fa16338b2c98f73d
754,datasets/cat_10k/images/0ffe37d7db0e9b7a42f4ade64d570907.jpg,0ffe37d7db0e9b7a42f4ade64d570907
755,datasets/cat_10k/images/100257d5fb7cf8d414845c7e8531bb7f.jpg,100257d5fb7cf8d414845c7e8531bb7f
756,datasets/cat_10k/images/100a66eea3e58933382efa23d84b4146.jpg,100a66eea3e58933382efa23d84b4146
757,datasets/cat_10k/images/10110c6d1a17e27a8a551945af72dd3c.jpg,10110c6d1a17e27a8a551945af72dd3c
758,datasets/cat_10k/images/1016e85accfb715f4b2d6cfa7124f3de.jpg,1016e85accfb715f4b2d6cfa7124f3de
759,datasets/cat_10k/images/101d73078b14d7ac34e4d45898356ccc.jpg,101d73078b14d7ac34e4d45898356ccc
760,datasets/cat_10k/images/1025ae3dc317dc18213d7148aed7980d.jpg,1025ae3dc317dc18213d7148aed7980d
761,datasets/cat_10k/images/1027c8f3c43cb545f384bfee31da4ab4.jpg,1027c8f3c43cb545f384bfee31da4ab4
762,datasets/cat_10k/images/1029cf2199b3c43cab948722b831a2ef.jpg,1029cf2199b3c43cab948722b831a2ef
763,datasets/cat_10k/images/102e5a2bcf70489bc24695a24bc23a49.jpg,102e5a2bcf70489bc24695a24bc23a49
764,datasets/cat_10k/images/103bc6c514ea1d10dde7a3e61817ef51.jpg,103bc6c514ea1d10dde7a3e61817ef51
765,datasets/cat_10k/images/10410bf4152ecace77967bec6e19a37d.jpg,10410bf4152ecace77967bec6e19a37d
766,datasets/cat_10k/images/1045bdf439a360ff76c71607632f7dec.jpg,1045bdf439a360ff76c71607632f7dec
767,datasets/cat_10k/images/104c564887cfb7bb88de40ac4c66a891.jpg,104c564887cfb7bb88de40ac4c66a891
768,datasets/cat_10k/images/10537e5f087167867059d02cec6ab43f.jpg,10537e5f087167867059d02cec6ab43f
769,datasets/cat_10k/images/1058004726e5d9e34600d7c6d061b15c.jpg,1058004726e5d9e34600d7c6d061b15c
770,datasets/cat_10k/images/1059b1a8b111a979520011566bd6931f.jpg,1059b1a8b111a979520011566bd6931f
771,datasets/cat_10k/images/1061d4253b8e7d9680a81376e6e258e4.jpg,1061d4253b8e7d9680a81376e6e258e4
772,datasets/cat_10k/images/1067871a593eff2269f9586fd5ae56e0.jpg,1067871a593eff2269f9586fd5ae56e0
773,datasets/cat_10k/images/106bea95417521e389753abcc0e67dea.jpg,106bea95417521e389753abcc0e67dea
774,datasets/cat_10k/images/106f43ba1ebd19016d75d7796fc5d202.jpg,106f43ba1ebd19016d75d7796fc5d202
775,datasets/cat_10k/images/1070f306176804dc52830e9c4eaf3dbc.jpg,1070f306176804dc52830e9c4eaf3dbc
776,datasets/cat_10k/images/107a10381f4b6d7e5b02402ba979b705.jpg,107a10381f4b6d7e5b02402ba979b705
777,datasets/cat_10k/images/107a19cb0d34382a0ca2b3229a817c34.jpg,107a19cb0d34382a0ca2b3229a817c34
778,datasets/cat_10k/images/107b3ab3d6e3d58c0c13947c3ebaa4f5.jpg,107b3ab3d6e3d58c0c13947c3ebaa4f5
779,datasets/cat_10k/images/107be0fd99ff4bcb3532f61e8ebc715c.jpg,107be0fd99ff4bcb3532f61e8ebc715c
780,datasets/cat_10k/images/1089bef50c9139c388330e0fe207e56c.jpg,1089bef50c9139c388330e0fe207e56c
781,datasets/cat_10k/images/108f854f14e81e3490700c4af6b6e6f8.jpg,108f854f14e81e3490700c4af6b6e6f8
782,datasets/cat_10k/images/109a94c6d3cc3d07c5755a402e57992d.jpg,109a94c6d3cc3d07c5755a402e57992d
783,datasets/cat_10k/images/109d340c286c5776831c119bae53f25f.jpg,109d340c286c5776831c119bae53f25f
784,datasets/cat_10k/images/109fed77c19ba0de8989c35119eb880d.jpg,109fed77c19ba0de8989c35119eb880d
785,datasets/cat_10k/images/10a258472af4fe960b6e5ef3135ebf3d.jpg,10a258472af4fe960b6e5ef3135ebf3d
786,datasets/cat_10k/images/10b578dab7cc94ec3a7e6bf9f5b601d9.jpg,10b578dab7cc94ec3a7e6bf9f5b601d9
787,datasets/cat_10k/images/10b894d42bcf44ae4db604da74249ad5.jpg,10b894d42bcf44ae4db604da74249ad5
788,datasets/cat_10k/images/10bab6e83431b2c4819ac1d8bcab0031.jpg,10bab6e83431b2c4819ac1d8bcab0031
789,datasets/cat_10k/images/10be9ea88254489e71bce674f423ed56.jpg,10be9ea88254489e71bce674f423ed56
790,datasets/cat_10k/images/10c93e4374a51f4434b4785cab5567b3.jpg,10c93e4374a51f4434b4785cab5567b3
791,datasets/cat_10k/images/10caeabcc7735fd913907b069490bb23.jpg,10caeabcc7735fd913907b069490bb23
792,datasets/cat_10k/images/10ccf83709df4ad6f6959fabb298a78e.jpg,10ccf83709df4ad6f6959fabb298a78e
793,datasets/cat_10k/images/10cebfda978256e899e03b7c46089c46.jpg,10cebfda978256e899e03b7c46089c46
794,datasets/cat_10k/images/10d0288d476c68dbc704fd9f8f7278fe.jpg,10d0288d476c68dbc704fd9f8f7278fe
795,datasets/cat_10k/images/10d3c7d83540a08a806d6a5fda166e11.jpg,10d3c7d83540a08a806d6a5fda166e11
796,datasets/cat_10k/images/10dae4fbba5f08ed5ce32db6e755a7d5.jpg,10dae4fbba5f08ed5ce32db6e755a7d5
797,datasets/cat_10k/images/10dafc7453dbeb3e45cdfa75b6a5601e.jpg,10dafc7453dbeb3e45cdfa75b6a5601e
798,datasets/cat_10k/images/10de12e6ad9bbba997cae48160453a56.jpg,10de12e6ad9bbba997cae48160453a56
799,datasets/cat_10k/images/10dfbe68d041a88d8bea33aa6269fa52.jpg,10dfbe68d041a88d8bea33aa6269fa52
800,datasets/cat_10k/images/10e37f989edbe62382689327ea570e7f.jpg,10e37f989edbe62382689327ea570e7f
801,datasets/cat_10k/images/10e8caecac1f99857fb60d25013db12c.jpg,10e8caecac1f99857fb60d25013db12c
802,datasets/cat_10k/images/10e9d2d01d821e285c854a187b000c2a.jpg,10e9d2d01d821e285c854a187b000c2a
803,datasets/cat_10k/images/10f923e3c2a779623e4ede5c5859dd97.jpg,10f923e3c2a779623e4ede5c5859dd97
804,datasets/cat_10k/images/10fa759fb42e19e140c06f4e758407c4.jpg,10fa759fb42e19e140c06f4e758407c4
805,datasets/cat_10k/images/10fb30be28298789d15eb7fd33317789.jpg,10fb30be28298789d15eb7fd33317789
806,datasets/cat_10k/images/11029a54543a2d33505dab8e5d21cbc2.jpg,11029a54543a2d33505dab8e5d21cbc2
807,datasets/cat_10k/images/1102bc717f827898ab914b376326627d.jpg,1102bc717f827898ab914b376326627d
808,datasets/cat_10k/images/1109ac3ee895ab0a2871fbbc8dfa9af3.jpg,1109ac3ee895ab0a2871fbbc8dfa9af3
809,datasets/cat_10k/images/110a8cc8347a29809b8a23b017cf6242.jpg,110a8cc8347a29809b8a23b017cf6242
810,datasets/cat_10k/images/11198dbfcc49100778ff0586a4c28107.jpg,11198dbfcc49100778ff0586a4c28107
811,datasets/cat_10k/images/111c8cb5ee714d567cabdc15b9bfa5c3.jpg,111c8cb5ee714d567cabdc15b9bfa5c3
812,datasets/cat_10k/images/1125bc26b6c31087a8b7bb94b0e6cd8f.jpg,1125bc26b6c31087a8b7bb94b0e6cd8f
813,datasets/cat_10k/images/112cf2d27f829bbe9fc25ab0cb864516.jpg,112cf2d27f829bbe9fc25ab0cb864516
814,datasets/cat_10k/images/112fd7750f6b45ec5643d18721304757.jpg,112fd7750f6b45ec5643d18721304757
815,datasets/cat_10k/images/1132634adbced7c484f1f0ca0cd8f613.jpg,1132634adbced7c484f1f0ca0cd8f613
816,datasets/cat_10k/images/113b2e19ddb36e3e33511255738865b3.jpg,113b2e19ddb36e3e33511255738865b3
817,datasets/cat_10k/images/1145c0d49d8b3cab01345dd8268c045a.jpg,1145c0d49d8b3cab01345dd8268c045a
818,datasets/cat_10k/images/11483cce1cabf04a945b6e998cfbc8d0.jpg,11483cce1cabf04a945b6e998cfbc8d0
819,datasets/cat_10k/images/11497ae66cecc901fd90de7a0fee7e9e.jpg,11497ae66cecc901fd90de7a0fee7e9e
820,datasets/cat_10k/images/114c7cb2edf423b8529362aaf14a1127.jpg,114c7cb2edf423b8529362aaf14a1127
821,datasets/cat_10k/images/114d8611c9f1daa135553c99c6a87f80.jpg,114d8611c9f1daa135553c99c6a87f80
822,datasets/cat_10k/images/11548749969364049a29575fbce41943.jpg,11548749969364049a29575fbce41943
823,datasets/cat_10k/images/115caad2e185b8da10191f42cbe82a06.jpg,115caad2e185b8da10191f42cbe82a06
824,datasets/cat_10k/images/115f9677c9d687e26bd448ef0cc06faa.jpg,115f9677c9d687e26bd448ef0cc06faa
825,datasets/cat_10k/images/116076173044a51444d37d203a3cc0b6.jpg,116076173044a51444d37d203a3cc0b6
826,datasets/cat_10k/images/116088759c940bbb7295fb3740df6e24.jpg,116088759c940bbb7295fb3740df6e24
827,datasets/cat_10k/images/1168cd8271ac36af4e882639e6c65db0.jpg,1168cd8271ac36af4e882639e6c65db0
828,datasets/cat_10k/images/1169c5458adc60950a06e7a798642f6c.jpg,1169c5458adc60950a06e7a798642f6c
829,datasets/cat_10k/images/116ec5c1d132da6db41adaf974dea3cc.jpg,116ec5c1d132da6db41adaf974dea3cc
830,datasets/cat_10k/images/117444f4a9bcf31f9ea30c40e1791953.jpg,117444f4a9bcf31f9ea30c40e1791953
831,datasets/cat_10k/images/1176cf8c7b17e56f97d124b2bf994742.jpg,1176cf8c7b17e56f97d124b2bf994742
832,datasets/cat_10k/images/11787de9ee6eaaf43ddd9663d4194f3c.jpg,11787de9ee6eaaf43ddd9663d4194f3c
833,datasets/cat_10k/images/11850b7f7e0bd1676ec378eb14746116.jpg,11850b7f7e0bd1676ec378eb14746116
834,datasets/cat_10k/images/1186c75e808fca7b00928c9f9dc5aed2.jpg,1186c75e808fca7b00928c9f9dc5aed2
835,datasets/cat_10k/images/11894418b99f3c6b018d6fba1d457ceb.jpg,11894418b99f3c6b018d6fba1d457ceb
836,datasets/cat_10k/images/119b767d59541d881ddee1c643e9aa7b.jpg,119b767d59541d881ddee1c643e9aa7b
837,datasets/cat_10k/images/11acaf7d2e5c0f462d8b93e610a1f459.jpg,11acaf7d2e5c0f462d8b93e610a1f459
838,datasets/cat_10k/images/11b4b04246a4f261e1b9c13c5984ebb0.jpg,11b4b04246a4f261e1b9c13c5984ebb0
839,datasets/cat_10k/images/11bb0a80fa660deba502384ca5cf7c35.jpg,11bb0a80fa660deba502384ca5cf7c35
840,datasets/cat_10k/images/11c3521b77a0867d8bed0b6c33080688.jpg,11c3521b77a0867d8bed0b6c33080688
841,datasets/cat_10k/images/11c45b5ecbf6caea0d5dd12eb4fb3c50.jpg,11c45b5ecbf6caea0d5dd12eb4fb3c50
842,datasets/cat_10k/images/11c59043a31dfa5f87ee2dfb1142a9c5.jpg,11c59043a31dfa5f87ee2dfb1142a9c5
843,datasets/cat_10k/images/11c701d06331d95aba7a430209b76242.jpg,11c701d06331d95aba7a430209b76242
844,datasets/cat_10k/images/11c8d46c07eff15b48eaf6a5b48b7da9.jpg,11c8d46c07eff15b48eaf6a5b48b7da9
845,datasets/cat_10k/images/11d1ed441ff22d75718d23c3bc668154.jpg,11d1ed441ff22d75718d23c3bc668154
846,datasets/cat_10k/images/11d44566f5bdb4bf0180a3084ea383ed.jpg,11d44566f5bdb4bf0180a3084ea383ed
847,datasets/cat_10k/images/11d80fb3dcd11a627fd11b5ef1935849.jpg,11d80fb3dcd11a627fd11b5ef1935849
848,datasets/cat_10k/images/11de972fb8f8e6c81d243926456be64a.jpg,11de972fb8f8e6c81d243926456be64a
849,datasets/cat_10k/images/11e053acceebdf327388f12623826e96.jpg,11e053acceebdf327388f12623826e96
850,datasets/cat_10k/images/11e11fc4af3d03ff131bef71f71b4c09.jpg,11e11fc4af3d03ff131bef71f71b4c09
851,datasets/cat_10k/images/11e2e8ca4dff43406f09de29f898d383.jpg,11e2e8ca4dff43406f09de29f898d383
852,datasets/cat_10k/images/11e40821451305122a054265eb8398ac.jpg,11e40821451305122a054265eb8398ac
853,datasets/cat_10k/images/11e619f63556e5ede4575079a694f83f.jpg,11e619f63556e5ede4575079a694f83f
854,datasets/cat_10k/images/11e7234e064b263e89904cac9152c765.jpg,11e7234e064b263e89904cac9152c765
855,datasets/cat_10k/images/11f503914931628d11ef8b30d9f90d15.jpg,11f503914931628d11ef8b30d9f90d15
856,datasets/cat_10k/images/11f5cda93cc3613ed16503825f5c2501.jpg,11f5cda93cc3613ed16503825f5c2501
857,datasets/cat_10k/images/11f74908851945d229e8a1b0d1dadb3a.jpg,11f74908851945d229e8a1b0d1dadb3a
858,datasets/cat_10k/images/11f9a7e7567e612fb3e012931543573c.jpg,11f9a7e7567e612fb3e012931543573c
859,datasets/cat_10k/images/11fc6d7fcafd196806f701741cdb14b5.jpg,11fc6d7fcafd196806f701741cdb14b5
860,datasets/cat_10k/images/11fd96d8feb02cf14cc672067c129380.jpg,11fd96d8feb02cf14cc672067c129380
861,datasets/cat_10k/images/12005a632fb6bf4becffa322e935e0a1.jpg,12005a632fb6bf4becffa322e935e0a1
862,datasets/cat_10k/images/12043946059e544017543e473b0fdb26.jpg,12043946059e544017543e473b0fdb26
863,datasets/cat_10k/images/1213383ec6ca0d2f9c051143e7d7b0ad.jpg,1213383ec6ca0d2f9c051143e7d7b0ad
864,datasets/cat_10k/images/1218adf7ee475bd5a1f9d78e14155e05.jpg,1218adf7ee475bd5a1f9d78e14155e05
865,datasets/cat_10k/images/121ceb55a980c9f88f74fd8270d4b17b.jpg,121ceb55a980c9f88f74fd8270d4b17b
866,datasets/cat_10k/images/121f9195762805e32bae1164f47eb552.jpg,121f9195762805e32bae1164f47eb552
867,datasets/cat_10k/images/1221e67b8b25edfe3d53cd7b7a33e5d3.jpg,1221e67b8b25edfe3d53cd7b7a33e5d3
868,datasets/cat_10k/images/1228fdb5acccdfb5c0b78941dd777337.jpg,1228fdb5acccdfb5c0b78941dd777337
869,datasets/cat_10k/images/122dce94b3f63bc19a375bd405b93b64.jpg,122dce94b3f63bc19a375bd405b93b64
870,datasets/cat_10k/images/123a864af295519321114b5133fe3f63.jpg,123a864af295519321114b5133fe3f63
871,datasets/cat_10k/images/123a8e1515c93d8f71f47e8d27567db3.jpg,123a8e1515c93d8f71f47e8d27567db3
872,datasets/cat_10k/images/124c5d0d8f11c8ffb9f57cac85e72dbb.jpg,124c5d0d8f11c8ffb9f57cac85e72dbb
873,datasets/cat_10k/images/12553ca0832cb86022f5e8ceaae1feb9.jpg,12553ca0832cb86022f5e8ceaae1feb9
874,datasets/cat_10k/images/126388ca4ad394fa7b99aab1d646e05a.jpg,126388ca4ad394fa7b99aab1d646e05a
875,datasets/cat_10k/images/126419b221dae17ea5a8d1b657659546.jpg,126419b221dae17ea5a8d1b657659546
876,datasets/cat_10k/images/126dd2117d61dc980d5cc79b7d002758.jpg,126dd2117d61dc980d5cc79b7d002758
877,datasets/cat_10k/images/1271d572b233a676e607fcdec8db922b.jpg,1271d572b233a676e607fcdec8db922b
878,datasets/cat_10k/images/127425af891405b7ce51882fc308429f.jpg,127425af891405b7ce51882fc308429f
879,datasets/cat_10k/images/12755c6bf0ea304a545377697c24c94d.jpg,12755c6bf0ea304a545377697c24c94d
880,datasets/cat_10k/images/1275dd556faf5b612489feb8611f5f56.jpg,1275dd556faf5b612489feb8611f5f56
881,datasets/cat_10k/images/1278ccfa6149c2503cab68632380c888.jpg,1278ccfa6149c2503cab68632380c888
882,datasets/cat_10k/images/127b261951b992a5d519f1dffd17b660.jpg,127b261951b992a5d519f1dffd17b660
883,datasets/cat_10k/images/1282653a30774357b7d9b572702be912.jpg,1282653a30774357b7d9b572702be912
884,datasets/cat_10k/images/1284840a17cb6e33ce6e1b793febaa18.jpg,1284840a17cb6e33ce6e1b793febaa18
885,datasets/cat_10k/images/1289810a0fa4120ae8b574ce0d082884.jpg,1289810a0fa4120ae8b574ce0d082884
886,datasets/cat_10k/images/128f3b0622c2ac1aa202f686c031230f.jpg,128f3b0622c2ac1aa202f686c031230f
887,datasets/cat_10k/images/129cf2a0cf5ac0819b498a691f20dbc9.jpg,129cf2a0cf5ac0819b498a691f20dbc9
888,datasets/cat_10k/images/12ae1f8a6d1b3c92c3d1a4b5ad49ef1e.jpg,12ae1f8a6d1b3c92c3d1a4b5ad49ef1e
889,datasets/cat_10k/images/12b1aace772b195b5aa8e895b8553fdc.jpg,12b1aace772b195b5aa8e895b8553fdc
890,datasets/cat_10k/images/12b224f4032eba7cee83ae85d08391b0.jpg,12b224f4032eba7cee83ae85d08391b0
891,datasets/cat_10k/images/12b5eff63c86d093f5113cb6e8cdd229.jpg,12b5eff63c86d093f5113cb6e8cdd229
892,datasets/cat_10k/images/12baa6bd267458f6234334f8a43428b4.jpg,12baa6bd267458f6234334f8a43428b4
893,datasets/cat_10k/images/12bf6aa3967588d24283c64841b9cdc6.jpg,12bf6aa3967588d24283c64841b9cdc6
894,datasets/cat_10k/images/12bfa7ac50022edb31ad429498fc0d9a.jpg,12bfa7ac50022edb31ad429498fc0d9a
895,datasets/cat_10k/images/12c07a05ddb218e339d390b7e462ea30.jpg,12c07a05ddb218e339d390b7e462ea30
896,datasets/cat_10k/images/12ca8ea1d1a4c63dc29da80a6ec721ae.jpg,12ca8ea1d1a4c63dc29da80a6ec721ae
897,datasets/cat_10k/images/12ce44beb73ec600d4786b5416cf16d9.jpg,12ce44beb73ec600d4786b5416cf16d9
898,datasets/cat_10k/images/12cfc91ec32d01039e54259924c320b0.jpg,12cfc91ec32d01039e54259924c320b0
899,datasets/cat_10k/images/12d00956031caa739ee46819d693bfef.jpg,12d00956031caa739ee46819d693bfef
900,datasets/cat_10k/images/12d850f15ee9a9b2adcd86ca3cc90482.jpg,12d850f15ee9a9b2adcd86ca3cc90482
901,datasets/cat_10k/images/12d9328a0fea30d0700849df9df72fa8.jpg,12d9328a0fea30d0700849df9df72fa8
902,datasets/cat_10k/images/12d9a21f8f4cf80cb673e17f4fef6a68.jpg,12d9a21f8f4cf80cb673e17f4fef6a68
903,datasets/cat_10k/images/12dbfd7300739a456786988c726bf0df.jpg,12dbfd7300739a456786988c726bf0df
904,datasets/cat_10k/images/12ddf3d7cbb8f7fbd33eb97a207621c7.jpg,12ddf3d7cbb8f7fbd33eb97a207621c7
905,datasets/cat_10k/images/12ded872e6ae965c376c69f8a60a9efe.jpg,12ded872e6ae965c376c69f8a60a9efe
906,datasets/cat_10k/images/12e0aad9cf7d47885d9416170da16e60.jpg,12e0aad9cf7d47885d9416170da16e60
907,datasets/cat_10k/images/12e6956e6e0bc6caf053b0980632f084.jpg,12e6956e6e0bc6caf053b0980632f084
908,datasets/cat_10k/images/12e6b39025a748e543d76ffdce45b647.jpg,12e6b39025a748e543d76ffdce45b647
909,datasets/cat_10k/images/12ebe79ed072f37b24bb61a01e09b10f.jpg,12ebe79ed072f37b24bb61a01e09b10f
910,datasets/cat_10k/images/12eee71968489ae34c90b8b881c8f71e.jpg,12eee71968489ae34c90b8b881c8f71e
911,datasets/cat_10k/images/12ef850e198c16b1d23545e020fb386b.jpg,12ef850e198c16b1d23545e020fb386b
912,datasets/cat_10k/images/12f669f5898b92c2d5d86a6996b24afd.jpg,12f669f5898b92c2d5d86a6996b24afd
913,datasets/cat_10k/images/12fc4d601d9ed87b7339cf34bf515eef.jpg,12fc4d601d9ed87b7339cf34bf515eef
914,datasets/cat_10k/images/12ff915f7313cdf0297388ef80a05bb0.jpg,12ff915f7313cdf0297388ef80a05bb0
915,datasets/cat_10k/images/130900ba1ed8203237523b2e9a3761bc.jpg,130900ba1ed8203237523b2e9a3761bc
916,datasets/cat_10k/images/130b81a6b847e37aeef952e19ddf1785.jpg,130b81a6b847e37aeef952e19ddf1785
917,datasets/cat_10k/images/130cc0a6b56050f4f1602735c5c305e0.jpg,130cc0a6b56050f4f1602735c5c305e0
918,datasets/cat_10k/images/130e67d9187ecc0559701a149b141f37.jpg,130e67d9187ecc0559701a149b141f37
919,datasets/cat_10k/images/131786787c16ac26cad300889843c7f3.jpg,131786787c16ac26cad300889843c7f3
920,datasets/cat_10k/images/1318bf150c8c6bc24aa572a85100e4eb.jpg,1318bf150c8c6bc24aa572a85100e4eb
921,datasets/cat_10k/images/132fd4ae9a938fc99d40a95dd2e2549b.jpg,132fd4ae9a938fc99d40a95dd2e2549b
922,datasets/cat_10k/images/133141f474a2e7f7c93bc60e71ba16da.jpg,133141f474a2e7f7c93bc60e71ba16da
923,datasets/cat_10k/images/1332483c767a9ea0805a93e4d52b7940.jpg,1332483c767a9ea0805a93e4d52b7940
924,datasets/cat_10k/images/1337da5ff9528d1740880306f52d7c9d.jpg,1337da5ff9528d1740880306f52d7c9d
925,datasets/cat_10k/images/13380aa5db412603755e77e0bb9311ac.jpg,13380aa5db412603755e77e0bb9311ac
926,datasets/cat_10k/images/13387b10a0bf4b722b838d5bc1d6c35e.jpg,13387b10a0bf4b722b838d5bc1d6c35e
927,datasets/cat_10k/images/133c1fcefe65614e8fd5e8e39659ef1c.jpg,133c1fcefe65614e8fd5e8e39659ef1c
928,datasets/cat_10k/images/13420176483e70e0bc34097e0794f2c8.jpg,13420176483e70e0bc34097e0794f2c8
929,datasets/cat_10k/images/134cb0757c72874dc68e253a131e1672.jpg,134cb0757c72874dc68e253a131e1672
930,datasets/cat_10k/images/134d911c51f46c2d56b6f9dccb81f377.jpg,134d911c51f46c2d56b6f9dccb81f377
931,datasets/cat_10k/images/135f4318757ad5e4cf724b8e17b708fe.jpg,135f4318757ad5e4cf724b8e17b708fe
932,datasets/cat_10k/images/13604d11789a99bf09805960fc3fef6a.jpg,13604d11789a99bf09805960fc3fef6a
933,datasets/cat_10k/images/13626459c55946170aebba6e79b7c46f.jpg,13626459c55946170aebba6e79b7c46f
934,datasets/cat_10k/images/13652131113fc325f419eb0911d4922f.jpg,13652131113fc325f419eb0911d4922f
935,datasets/cat_10k/images/1370bea539241abdf31b61bd05aba372.jpg,1370bea539241abdf31b61bd05aba372
936,datasets/cat_10k/images/13786af27420274aea955d68fda307ba.jpg,13786af27420274aea955d68fda307ba
937,datasets/cat_10k/images/1389b4e83998f230d8c623532dd704cc.jpg,1389b4e83998f230d8c623532dd704cc
938,datasets/cat_10k/images/1391d825a989268a95c2e9c548a8a570.jpg,1391d825a989268a95c2e9c548a8a570
939,datasets/cat_10k/images/1399d956eac5ed7be5a5201780ad5a4a.jpg,1399d956eac5ed7be5a5201780ad5a4a
940,datasets/cat_10k/images/139eb65a549bd5e6b962163f2fdd93be.jpg,139eb65a549bd5e6b962163f2fdd93be
941,datasets/cat_10k/images/13a1c6dc91e855aa967dc31691c090ca.jpg,13a1c6dc91e855aa967dc31691c090ca
942,datasets/cat_10k/images/13a5815812978eee506111e290fb9e79.jpg,13a5815812978eee506111e290fb9e79
943,datasets/cat_10k/images/13a7d163d9eb178b169c5df3d801d38c.jpg,13a7d163d9eb178b169c5df3d801d38c
944,datasets/cat_10k/images/13ac9a91032deb14d3c8ebdabbc77395.jpg,13ac9a91032deb14d3c8ebdabbc77395
945,datasets/cat_10k/images/13b14daf661de024d0dfd4d3c1ad0ef1.jpg,13b14daf661de024d0dfd4d3c1ad0ef1
946,datasets/cat_10k/images/13b1b100cc64164ed06d9e018c57a7ac.jpg,13b1b100cc64164ed06d9e018c57a7ac
947,datasets/cat_10k/images/13b3ba3bbf158ef62ad176e23363fca4.jpg,13b3ba3bbf158ef62ad176e23363fca4
948,datasets/cat_10k/images/13b499648c9ea65eba2dfe6b994fea88.jpg,13b499648c9ea65eba2dfe6b994fea88
949,datasets/cat_10k/images/13b7a808a18d71b6384e82e5a72e9f68.jpg,13b7a808a18d71b6384e82e5a72e9f68
950,datasets/cat_10k/images/13b8d507109abeb6be7330f796713bbb.jpg,13b8d507109abeb6be7330f796713bbb
951,datasets/cat_10k/images/13c627b8c9ab120f4cbb42b4bf6f1a72.jpg,13c627b8c9ab120f4cbb42b4bf6f1a72
952,datasets/cat_10k/images/13c6844d2bd91256a222a0c6cf9341d1.jpg,13c6844d2bd91256a222a0c6cf9341d1
953,datasets/cat_10k/images/13cba06a698a6e058615da61cd0d1b86.jpg,13cba06a698a6e058615da61cd0d1b86
954,datasets/cat_10k/images/13cbcc4a4ddf34e90129ca189bb444eb.jpg,13cbcc4a4ddf34e90129ca189bb444eb
955,datasets/cat_10k/images/13d5c532c2e1997b676fc066ca10f57c.jpg,13d5c532c2e1997b676fc066ca10f57c
956,datasets/cat_10k/images/13dfe8936faf494141b15f13f387f27c.jpg,13dfe8936faf494141b15f13f387f27c
957,datasets/cat_10k/images/13e01a73ca7d21f88d434e652c507e87.jpg,13e01a73ca7d21f88d434e652c507e87
958,datasets/cat_10k/images/13e25be49085fcfac54bde3c83c74a54.jpg,13e25be49085fcfac54bde3c83c74a54
959,datasets/cat_10k/images/13e351b3a6c27a27a5bcb991fdb4246d.jpg,13e351b3a6c27a27a5bcb991fdb4246d
960,datasets/cat_10k/images/13e40ac30a01b2045de2ecf043a0f782.jpg,13e40ac30a01b2045de2ecf043a0f782
961,datasets/cat_10k/images/13f415b478d03f3fccdc48892c790af6.jpg,13f415b478d03f3fccdc48892c790af6
962,datasets/cat_10k/images/13f8c2151a48883d70099dbe6a92592d.jpg,13f8c2151a48883d70099dbe6a92592d
963,datasets/cat_10k/images/13fb6471bc8c80f36c392647c88199c3.jpg,13fb6471bc8c80f36c392647c88199c3
964,datasets/cat_10k/images/13febeaf619946a4fa5acbde5f4b9b19.jpg,13febeaf619946a4fa5acbde5f4b9b19
965,datasets/cat_10k/images/140becb2b501f795b573a5220f927d20.jpg,140becb2b501f795b573a5220f927d20
966,datasets/cat_10k/images/1410d0243a4a4c3020f7c6ab56eafdd2.jpg,1410d0243a4a4c3020f7c6ab56eafdd2
967,datasets/cat_10k/images/1413ff6c52cb261d92be6b9d8aebef49.jpg,1413ff6c52cb261d92be6b9d8aebef49
968,datasets/cat_10k/images/1416b6cf0819710fccc8b760943dc071.jpg,1416b6cf0819710fccc8b760943dc071
969,datasets/cat_10k/images/1417acab12672152e61e0a00af2d6c61.jpg,1417acab12672152e61e0a00af2d6c61
970,datasets/cat_10k/images/141f757dcf37c1a9df7f52e3293d6a4e.jpg,141f757dcf37c1a9df7f52e3293d6a4e
971,datasets/cat_10k/images/141fdfca83622b30682bd627ed8b4eb7.jpg,141fdfca83622b30682bd627ed8b4eb7
972,datasets/cat_10k/images/142579510f73d403f15b8a80752a23b6.jpg,142579510f73d403f15b8a80752a23b6
973,datasets/cat_10k/images/142589630711ae979ce6b4ac81445d91.jpg,142589630711ae979ce6b4ac81445d91
974,datasets/cat_10k/images/1437b8ff680460c981f3f16e86b86e4a.jpg,1437b8ff680460c981f3f16e86b86e4a
975,datasets/cat_10k/images/14442631314604a9b5f4173b2651afaa.jpg,14442631314604a9b5f4173b2651afaa
976,datasets/cat_10k/images/144538e952191f5e9d3df4d4c6686e61.jpg,144538e952191f5e9d3df4d4c6686e61
977,datasets/cat_10k/images/14477e1942d61367eabe61abb10800cc.jpg,14477e1942d61367eabe61abb10800cc
978,datasets/cat_10k/images/144e6eb5452ada9cd28a6f566945cddd.jpg,144e6eb5452ada9cd28a6f566945cddd
979,datasets/cat_10k/images/145555e2a096c9a7d8e1ec774c237015.jpg,145555e2a096c9a7d8e1ec774c237015
980,datasets/cat_10k/images/145721d1dbce6328d90d0e947a05324c.jpg,145721d1dbce6328d90d0e947a05324c
981,datasets/cat_10k/images/1457659eff2bbf06f589580983679bec.jpg,1457659eff2bbf06f589580983679bec
982,datasets/cat_10k/images/145b600b32139729873049628f7b535c.jpg,145b600b32139729873049628f7b535c
983,datasets/cat_10k/images/1461182b4eae1f4333c6ed8b64c4d75c.jpg,1461182b4eae1f4333c6ed8b64c4d75c
984,datasets/cat_10k/images/1462687ddd20cfbcbe79d33c70015ad7.jpg,1462687ddd20cfbcbe79d33c70015ad7
985,datasets/cat_10k/images/1462dfcf4be1868463d67974cfb6c978.jpg,1462dfcf4be1868463d67974cfb6c978
986,datasets/cat_10k/images/14673d45ee8500ab7cf0d20db2481258.jpg,14673d45ee8500ab7cf0d20db2481258
987,datasets/cat_10k/images/147365e188ed4d67a62937ae7a1f8f4a.jpg,147365e188ed4d67a62937ae7a1f8f4a
988,datasets/cat_10k/images/147982634112c2c16f39c104ee927ce9.jpg,147982634112c2c16f39c104ee927ce9
989,datasets/cat_10k/images/14818a2ada79c715370ef3d120610f85.jpg,14818a2ada79c715370ef3d120610f85
990,datasets/cat_10k/images/1481db12f4a56ce7c7648571065105fd.jpg,1481db12f4a56ce7c7648571065105fd
991,datasets/cat_10k/images/148541ffbeeb8ef9d8f5f506d68f8da5.jpg,148541ffbeeb8ef9d8f5f506d68f8da5
992,datasets/cat_10k/images/14885351870082d3b6615e4ae80e5de9.jpg,14885351870082d3b6615e4ae80e5de9
993,datasets/cat_10k/images/148fa898e18d403efca2270f0117a88a.jpg,148fa898e18d403efca2270f0117a88a
994,datasets/cat_10k/images/1495bd2b75c90c55bcd889d93f4a4976.jpg,1495bd2b75c90c55bcd889d93f4a4976
995,datasets/cat_10k/images/1496c22657e4181c914f1cff8ca5f56a.jpg,1496c22657e4181c914f1cff8ca5f56a
996,datasets/cat_10k/images/149f38fb874575d5e251e188e7410eb9.jpg,149f38fb874575d5e251e188e7410eb9
997,datasets/cat_10k/images/14a4683884d45d651e3b48fa4696780b.jpg,14a4683884d45d651e3b48fa4696780b
998,datasets/cat_10k/images/14a4f3d7da45170b700d4f4a5d3a63f2.jpg,14a4f3d7da45170b700d4f4a5d3a63f2
999,datasets/cat_10k/images/14a96950349db2857756f7e0886ebac6.jpg,14a96950349db2857756f7e0886ebac6
1000,datasets/cat_10k/images/14b81c93c0063c578435f6e717be5feb.jpg,14b81c93c0063c578435f6e717be5feb
1001,datasets/cat_10k/images/14b84cc0469759c8af070a9e5bcb53f8.jpg,14b84cc0469759c8af070a9e5bcb53f8
1002,datasets/cat_10k/images/14ba6d7a46f273ee283768b2fad0670f.jpg,14ba6d7a46f273ee283768b2fad0670f
1003,datasets/cat_10k/images/14bf36ad1a5c6e4ca36214540eba3d0f.jpg,14bf36ad1a5c6e4ca36214540eba3d0f
1004,datasets/cat_10k/images/14c1946407e2b408aadfcaf94a1ff479.jpg,14c1946407e2b408aadfcaf94a1ff479
1005,datasets/cat_10k/images/14c5604a3536ab7434dc11c5c699660f.jpg,14c5604a3536ab7434dc11c5c699660f
1006,datasets/cat_10k/images/14c7a321ee70f9bab779cda4b812b075.jpg,14c7a321ee70f9bab779cda4b812b075
1007,datasets/cat_10k/images/14cd496270ab633872c2e9754e7222d8.jpg,14cd496270ab633872c2e9754e7222d8
1008,datasets/cat_10k/images/14d28b34d557e1a8ff3164b8251298c1.jpg,14d28b34d557e1a8ff3164b8251298c1
1009,datasets/cat_10k/images/14d322b3096e83d9b54fc8f15ab0e6d7.jpg,14d322b3096e83d9b54fc8f15ab0e6d7
1010,datasets/cat_10k/images/14d6c89ca6e06eae273e781c2a093df4.jpg,14d6c89ca6e06eae273e781c2a093df4
1011,datasets/cat_10k/images/14ddf8b0c36c0aa813d48ab62cfc4a4d.jpg,14ddf8b0c36c0aa813d48ab62cfc4a4d
1012,datasets/cat_10k/images/14e771e6aa1b159b42edc9702a2f0c84.jpg,14e771e6aa1b159b42edc9702a2f0c84
1013,datasets/cat_10k/images/14ead4a07d63ee5bad9b63eff9f99c7e.jpg,14ead4a07d63ee5bad9b63eff9f99c7e
1014,datasets/cat_10k/images/14f08d68cea287680b03e65f756928f3.jpg,14f08d68cea287680b03e65f756928f3
1015,datasets/cat_10k/images/150816307576600a6b24a52e2d56268d.jpg,150816307576600a6b24a52e2d56268d
1016,datasets/cat_10k/images/150d17952756eb72bf08962e05ffc491.jpg,150d17952756eb72bf08962e05ffc491
1017,datasets/cat_10k/images/150fb97316a457de51e146d7cd9a0ff3.jpg,150fb97316a457de51e146d7cd9a0ff3
1018,datasets/cat_10k/images/15184072cec6c89fd85f9431cf1096fc.jpg,15184072cec6c89fd85f9431cf1096fc
1019,datasets/cat_10k/images/151e3f50bc912b584aa81d8044a0d558.jpg,151e3f50bc912b584aa81d8044a0d558
1020,datasets/cat_10k/images/152255c18b891d5ad835c394a5048441.jpg,152255c18b891d5ad835c394a5048441
1021,datasets/cat_10k/images/1523f7fd68b932b91bbb5f9878ddbe0d.jpg,1523f7fd68b932b91bbb5f9878ddbe0d
1022,datasets/cat_10k/images/1537c6ad391f5ca941fa7bacc15df82f.jpg,1537c6ad391f5ca941fa7bacc15df82f
1023,datasets/cat_10k/images/153b69e90f80282b2a648568dcb0260e.jpg,153b69e90f80282b2a648568dcb0260e
1024,datasets/cat_10k/images/153d340f94328e4b7e835fede1f76139.jpg,153d340f94328e4b7e835fede1f76139
1025,datasets/cat_10k/images/153d3673147e0f353903fa15944be49e.jpg,153d3673147e0f353903fa15944be49e
1026,datasets/cat_10k/images/15415719961f179e25d905cfc9b14370.jpg,15415719961f179e25d905cfc9b14370
1027,datasets/cat_10k/images/15491302d348a7ad08276a1e6512d076.jpg,15491302d348a7ad08276a1e6512d076
1028,datasets/cat_10k/images/15495145171cdd9eb07cc4a2e81f0031.jpg,15495145171cdd9eb07cc4a2e81f0031
1029,datasets/cat_10k/images/154df5bad211a7b2990c050161f4ea41.jpg,154df5bad211a7b2990c050161f4ea41
1030,datasets/cat_10k/images/1550418a9303f1b6268590ce877c5dbb.jpg,1550418a9303f1b6268590ce877c5dbb
1031,datasets/cat_10k/images/155a341d9413cb4034105ca9fd075ab4.jpg,155a341d9413cb4034105ca9fd075ab4
1032,datasets/cat_10k/images/155d610cdedaa6787f0838da8c182246.jpg,155d610cdedaa6787f0838da8c182246
1033,datasets/cat_10k/images/156382cc88ab1ba791ea1f0088c387f5.jpg,156382cc88ab1ba791ea1f0088c387f5
1034,datasets/cat_10k/images/1568bcab219ad4bf0bc3905c5ec9179c.jpg,1568bcab219ad4bf0bc3905c5ec9179c
1035,datasets/cat_10k/images/1570d3cc2d7aeee3e18a507e8e0bbaa0.jpg,1570d3cc2d7aeee3e18a507e8e0bbaa0
1036,datasets/cat_10k/images/15718263de56353a415509810bf8fff5.jpg,15718263de56353a415509810bf8fff5
1037,datasets/cat_10k/images/15755aefaf11e6e0dcc5899f7f52b50c.jpg,15755aefaf11e6e0dcc5899f7f52b50c
1038,datasets/cat_10k/images/1575951896d7ba12195ff93bd254e44d.jpg,1575951896d7ba12195ff93bd254e44d
1039,datasets/cat_10k/images/1580516aa76bd9cb694b36e9d8c8a268.jpg,1580516aa76bd9cb694b36e9d8c8a268
1040,datasets/cat_10k/images/1584c74b7926209f407ebc9e4ad08506.jpg,1584c74b7926209f407ebc9e4ad08506
1041,datasets/cat_10k/images/1586e1860088fa5d2b84f6d3671a19e3.jpg,1586e1860088fa5d2b84f6d3671a19e3
1042,datasets/cat_10k/images/1586ea82fbc9653711c0bacbd1fe6a0b.jpg,1586ea82fbc9653711c0bacbd1fe6a0b
1043,datasets/cat_10k/images/1588e2679911618df62f6d111a82f68e.jpg,1588e2679911618df62f6d111a82f68e
1044,datasets/cat_10k/images/158e090fab27104574934a4a5d4f600a.jpg,158e090fab27104574934a4a5d4f600a
1045,datasets/cat_10k/images/158f777bd19e605006b7846a7ed46f98.jpg,158f777bd19e605006b7846a7ed46f98
1046,datasets/cat_10k/images/158fe127b559adc75ce0004d64992119.jpg,158fe127b559adc75ce0004d64992119
1047,datasets/cat_10k/images/159110ee24fc539f9e7ef31227911ffe.jpg,159110ee24fc539f9e7ef31227911ffe
1048,datasets/cat_10k/images/1595bcabd3f5b90a6a0173b464e51a8e.jpg,1595bcabd3f5b90a6a0173b464e51a8e
1049,datasets/cat_10k/images/159c56afaac01401193555bf7c7ef939.jpg,159c56afaac01401193555bf7c7ef939
1050,datasets/cat_10k/images/15a12ec5eb24e2eab17838b3b6fe1ebc.jpg,15a12ec5eb24e2eab17838b3b6fe1ebc
1051,datasets/cat_10k/images/15ae3ddecbd1aa158c368b120c46b59c.jpg,15ae3ddecbd1aa158c368b120c46b59c
1052,datasets/cat_10k/images/15b89f42ea31aa3e36782d592f242891.jpg,15b89f42ea31aa3e36782d592f242891
1053,datasets/cat_10k/images/15b8a39a2eefc23f657d1af448a6f02b.jpg,15b8a39a2eefc23f657d1af448a6f02b
1054,datasets/cat_10k/images/15be6615ed752db639662dbca66a1bd3.jpg,15be6615ed752db639662dbca66a1bd3
1055,datasets/cat_10k/images/15cf65aa77cf95b05258e1f229d43eac.jpg,15cf65aa77cf95b05258e1f229d43eac
1056,datasets/cat_10k/images/15dd1b24051b20cfb6f657a12f686632.jpg,15dd1b24051b20cfb6f657a12f686632
1057,datasets/cat_10k/images/15e966d8f6b8ec556e199d03e7e10752.jpg,15e966d8f6b8ec556e199d03e7e10752
1058,datasets/cat_10k/images/15ec7e5f57299125f56d9e652036baba.jpg,15ec7e5f57299125f56d9e652036baba
1059,datasets/cat_10k/images/15f395aa3d8a7c869d9be617e5705bbf.jpg,15f395aa3d8a7c869d9be617e5705bbf
1060,datasets/cat_10k/images/15fa6c90603feb7089540b606d49e875.jpg,15fa6c90603feb7089540b606d49e875
1061,datasets/cat_10k/images/16045369a783fbe6be87bafc4f1a8f55.jpg,16045369a783fbe6be87bafc4f1a8f55
1062,datasets/cat_10k/images/160d45af04a60091cc39368cb7650679.jpg,160d45af04a60091cc39368cb7650679
1063,datasets/cat_10k/images/160fa860c17d9074229500359dc57d31.jpg,160fa860c17d9074229500359dc57d31
1064,datasets/cat_10k/images/1615698d97bc48a17fa1c96a5a9033b6.jpg,1615698d97bc48a17fa1c96a5a9033b6
1065,datasets/cat_10k/images/1616349c80e626b70a559e66c8cd1418.jpg,1616349c80e626b70a559e66c8cd1418
1066,datasets/cat_10k/images/161ad26b611b4fc66838d8a5b25a5a64.jpg,161ad26b611b4fc66838d8a5b25a5a64
1067,datasets/cat_10k/images/161e77451d1440ade87a0e400092ec99.jpg,161e77451d1440ade87a0e400092ec99
1068,datasets/cat_10k/images/161f6d307cce2bc08b4446ca7c9a7da1.jpg,161f6d307cce2bc08b4446ca7c9a7da1
1069,datasets/cat_10k/images/162128a292d7c8e7fdd27a3b663074dd.jpg,162128a292d7c8e7fdd27a3b663074dd
1070,datasets/cat_10k/images/1627f2ebdc20b3c5e05e628a77c4d09c.jpg,1627f2ebdc20b3c5e05e628a77c4d09c
1071,datasets/cat_10k/images/1631f1d29a47c65d98cde86a7ac9fd93.jpg,1631f1d29a47c65d98cde86a7ac9fd93
1072,datasets/cat_10k/images/163fd291e3887ce879285feb2a5f84df.jpg,163fd291e3887ce879285feb2a5f84df
1073,datasets/cat_10k/images/164f2cf768901bebf0473f7b8d15b48e.jpg,164f2cf768901bebf0473f7b8d15b48e
1074,datasets/cat_10k/images/16524ca3c295fbdbff3fce523cefd900.jpg,16524ca3c295fbdbff3fce523cefd900
1075,datasets/cat_10k/images/16653a6778df26ab84926a0345baf441.jpg,16653a6778df26ab84926a0345baf441
1076,datasets/cat_10k/images/1668280d844b28c4facf1c8fb2991102.jpg,1668280d844b28c4facf1c8fb2991102
1077,datasets/cat_10k/images/1668ccc7960ba19e6333c69023e495d3.jpg,1668ccc7960ba19e6333c69023e495d3
1078,datasets/cat_10k/images/166ce32bfe745e9482238afc3d794854.jpg,166ce32bfe745e9482238afc3d794854
1079,datasets/cat_10k/images/166fd9bbc8a10696084d1ada44195fbc.jpg,166fd9bbc8a10696084d1ada44195fbc
1080,datasets/cat_10k/images/1674ebb3e24b4f23330ab0672f660916.jpg,1674ebb3e24b4f23330ab0672f660916
1081,datasets/cat_10k/images/16773f34bdbf74c28d1fd758beaac252.jpg,16773f34bdbf74c28d1fd758beaac252
1082,datasets/cat_10k/images/167b666170701ae3535aedebf2a552ab.jpg,167b666170701ae3535aedebf2a552ab
1083,datasets/cat_10k/images/168717b8d8d4a10a68df63e71a0ca3cc.jpg,168717b8d8d4a10a68df63e71a0ca3cc
1084,datasets/cat_10k/images/16871b059258ee4bdd233bdb990fec37.jpg,16871b059258ee4bdd233bdb990fec37
1085,datasets/cat_10k/images/16894f276d4e9dbb5630c28b8bc1be80.jpg,16894f276d4e9dbb5630c28b8bc1be80
1086,datasets/cat_10k/images/168d231b93668e402ca037900314a411.jpg,168d231b93668e402ca037900314a411
1087,datasets/cat_10k/images/16954aefb610950c1744064cfda2034b.jpg,16954aefb610950c1744064cfda2034b
1088,datasets/cat_10k/images/169b132d7bf97bc93df6fd9b2d8de034.jpg,169b132d7bf97bc93df6fd9b2d8de034
1089,datasets/cat_10k/images/16a012d3584eb435d8f5cbac1e61d896.jpg,16a012d3584eb435d8f5cbac1e61d896
1090,datasets/cat_10k/images/16a18df1efa91752c3d407edb438703f.jpg,16a18df1efa91752c3d407edb438703f
1091,datasets/cat_10k/images/16a41e1e6524a01f8e707774f6ea288e.jpg,16a41e1e6524a01f8e707774f6ea288e
1092,datasets/cat_10k/images/16a4992828d3f2eec40fd56f3ce2ed0f.jpg,16a4992828d3f2eec40fd56f3ce2ed0f
1093,datasets/cat_10k/images/16a65f61099c9d3aeaa2ae0cbfcaecf2.jpg,16a65f61099c9d3aeaa2ae0cbfcaecf2
1094,datasets/cat_10k/images/16a8d754565e6eee34244bfb784c679e.jpg,16a8d754565e6eee34244bfb784c679e
1095,datasets/cat_10k/images/16b154f40640a6e595bee246cab42fab.jpg,16b154f40640a6e595bee246cab42fab
1096,datasets/cat_10k/images/16b21159c2c791a8be358dc9a80a9cb0.jpg,16b21159c2c791a8be358dc9a80a9cb0
1097,datasets/cat_10k/images/16bb576f9732bb068f265f5f68e346dc.jpg,16bb576f9732bb068f265f5f68e346dc
1098,datasets/cat_10k/images/16bc15d312db2b99ea96e46782cb12a9.jpg,16bc15d312db2b99ea96e46782cb12a9
1099,datasets/cat_10k/images/16c1b8c65f22b1548f22b9a8b93fa6b5.jpg,16c1b8c65f22b1548f22b9a8b93fa6b5
1100,datasets/cat_10k/images/16d7006e9c6b251b9ae04e9480f64c74.jpg,16d7006e9c6b251b9ae04e9480f64c74
1101,datasets/cat_10k/images/16d8f01e58d20ede3187a5ac548c67b1.jpg,16d8f01e58d20ede3187a5ac548c67b1
1102,datasets/cat_10k/images/16db9dadb39cfe58905b6d48644006d0.jpg,16db9dadb39cfe58905b6d48644006d0
1103,datasets/cat_10k/images/16dd60029f0510266a34fbc05d4aa800.jpg,16dd60029f0510266a34fbc05d4aa800
1104,datasets/cat_10k/images/16dfe6acf28dad0503976e63429c252a.jpg,16dfe6acf28dad0503976e63429c252a
1105,datasets/cat_10k/images/16e0c4fb4c1fd363dfefd8e64c2148fa.jpg,16e0c4fb4c1fd363dfefd8e64c2148fa
1106,datasets/cat_10k/images/16e55fcedcd32eb9a6bf19e848a64414.jpg,16e55fcedcd32eb9a6bf19e848a64414
1107,datasets/cat_10k/images/16e738e170feecc1062e4141cd095ef0.jpg,16e738e170feecc1062e4141cd095ef0
1108,datasets/cat_10k/images/16e7b9b260d8698cc3573091f6548f13.jpg,16e7b9b260d8698cc3573091f6548f13
1109,datasets/cat_10k/images/16ef718aa9a01d0e01405404d116b42d.jpg,16ef718aa9a01d0e01405404d116b42d
1110,datasets/cat_10k/images/16f0f4e7396d776224596fc80c1d3a26.jpg,16f0f4e7396d776224596fc80c1d3a26
1111,datasets/cat_10k/images/16f8628ceec0f5e2fe9d5f1b22c983bf.jpg,16f8628ceec0f5e2fe9d5f1b22c983bf
1112,datasets/cat_10k/images/16fd7f39a0733485986333c95cddab9e.jpg,16fd7f39a0733485986333c95cddab9e
1113,datasets/cat_10k/images/1704ea0b26f115d82ad09dfad25caf98.jpg,1704ea0b26f115d82ad09dfad25caf98
1114,datasets/cat_10k/images/1707a25c1f820cbcb0ab5729a12c0e3b.jpg,1707a25c1f820cbcb0ab5729a12c0e3b
1115,datasets/cat_10k/images/1708597fe78afe1278e69dcd25664926.jpg,1708597fe78afe1278e69dcd25664926
1116,datasets/cat_10k/images/1708b8dfff285bd7143a07a499b4ea17.jpg,1708b8dfff285bd7143a07a499b4ea17
1117,datasets/cat_10k/images/17095a086bb930004835e368e5258448.jpg,17095a086bb930004835e368e5258448
1118,datasets/cat_10k/images/170fbd96ac08a76943bc3fe655a26c60.jpg,170fbd96ac08a76943bc3fe655a26c60
1119,datasets/cat_10k/images/17192e8332b7cdeb64e040d62ad5b69d.jpg,17192e8332b7cdeb64e040d62ad5b69d
1120,datasets/cat_10k/images/171e5bdc5e42b5272dafa10c648e78b2.jpg,171e5bdc5e42b5272dafa10c648e78b2
1121,datasets/cat_10k/images/1722d635ec2ea5d347b03dbaa303f4fe.jpg,1722d635ec2ea5d347b03dbaa303f4fe
1122,datasets/cat_10k/images/17242518b98148ee0aad328211c65bc8.jpg,17242518b98148ee0aad328211c65bc8
1123,datasets/cat_10k/images/172cbebfefd489eee3e69778650cd7fc.jpg,172cbebfefd489eee3e69778650cd7fc
1124,datasets/cat_10k/images/1737ef7358561cbb792c9ac1e36ba22d.jpg,1737ef7358561cbb792c9ac1e36ba22d
1125,datasets/cat_10k/images/17447ad9595f05780c9fb11aaed7a529.jpg,17447ad9595f05780c9fb11aaed7a529
1126,datasets/cat_10k/images/1750a021282899fa26e30cce399a4855.jpg,1750a021282899fa26e30cce399a4855
1127,datasets/cat_10k/images/175e0cc578706c12bf14cc4571605b06.jpg,175e0cc578706c12bf14cc4571605b06
1128,datasets/cat_10k/images/1760e72a2203016b732d4d3081f442af.jpg,1760e72a2203016b732d4d3081f442af
1129,datasets/cat_10k/images/1764c2555d2989b338dfb12d6c511b6a.jpg,1764c2555d2989b338dfb12d6c511b6a
1130,datasets/cat_10k/images/1772a0f0d549ae431313212e1883409d.jpg,1772a0f0d549ae431313212e1883409d
1131,datasets/cat_10k/images/177356069a4e39672a2e3e4e5cf5954c.jpg,177356069a4e39672a2e3e4e5cf5954c
1132,datasets/cat_10k/images/177c6da195ef29f36a038315fa3ed2f6.jpg,177c6da195ef29f36a038315fa3ed2f6
1133,datasets/cat_10k/images/177f1140004364b0e42611446d0f1b2b.jpg,177f1140004364b0e42611446d0f1b2b
1134,datasets/cat_10k/images/178c3dcd673f1e0ac9b25dfc2085cfdb.jpg,178c3dcd673f1e0ac9b25dfc2085cfdb
1135,datasets/cat_10k/images/178dd3bccc74496a73b3290dcb240253.jpg,178dd3bccc74496a73b3290dcb240253
1136,datasets/cat_10k/images/178e93fb32b70ecadf80ead3400a70ad.jpg,178e93fb32b70ecadf80ead3400a70ad
1137,datasets/cat_10k/images/17904835b27a3e2679cd489eba7381ee.jpg,17904835b27a3e2679cd489eba7381ee
1138,datasets/cat_10k/images/179897d15ce5c64e42df6620b8691323.jpg,179897d15ce5c64e42df6620b8691323
1139,datasets/cat_10k/images/17a3704352041ea2ed46c88c6a10e016.jpg,17a3704352041ea2ed46c88c6a10e016
1140,datasets/cat_10k/images/17ab01793256bb08f07ad6e9498fc048.jpg,17ab01793256bb08f07ad6e9498fc048
1141,datasets/cat_10k/images/17b70304ef2cadec52aaf832e331d3b7.jpg,17b70304ef2cadec52aaf832e331d3b7
1142,datasets/cat_10k/images/17ba7b7dffb8e1c38fc7ad3c931bc3bf.jpg,17ba7b7dffb8e1c38fc7ad3c931bc3bf
1143,datasets/cat_10k/images/17baea0ad7e575584697576f90d180b4.jpg,17baea0ad7e575584697576f90d180b4
1144,datasets/cat_10k/images/17c555118a2e9fe95af20fe4af72b996.jpg,17c555118a2e9fe95af20fe4af72b996
1145,datasets/cat_10k/images/17c5fb4824c40dfbe8efd0a2b8326c26.jpg,17c5fb4824c40dfbe8efd0a2b8326c26
1146,datasets/cat_10k/images/17c8556f16098a0a4e51c5334e5edabc.jpg,17c8556f16098a0a4e51c5334e5edabc
1147,datasets/cat_10k/images/17cb9b6cebf2f9518d07b0a2a922d447.jpg,17cb9b6cebf2f9518d07b0a2a922d447
1148,datasets/cat_10k/images/17cfe91d815ab92ebdcac1a1ce95551a.jpg,17cfe91d815ab92ebdcac1a1ce95551a
1149,datasets/cat_10k/images/17d0ada02ba597a5a7ae904f0b3e7a92.jpg,17d0ada02ba597a5a7ae904f0b3e7a92
1150,datasets/cat_10k/images/17d59b9600d58c65bdd822534b07bda1.jpg,17d59b9600d58c65bdd822534b07bda1
1151,datasets/cat_10k/images/17d6106da8f21d83761997ed10e1d3ba.jpg,17d6106da8f21d83761997ed10e1d3ba
1152,datasets/cat_10k/images/17d796dab722b22344c901f0bb5c9ab5.jpg,17d796dab722b22344c901f0bb5c9ab5
1153,datasets/cat_10k/images/17deab804914042dbe418952073cd2ea.jpg,17deab804914042dbe418952073cd2ea
1154,datasets/cat_10k/images/17e5891d814c25d953650afb0605f569.jpg,17e5891d814c25d953650afb0605f569
1155,datasets/cat_10k/images/17f56a6274f95fc520e405fd6e66abf7.jpg,17f56a6274f95fc520e405fd6e66abf7
1156,datasets/cat_10k/images/17f63cac07646d7683b36074ef5854da.jpg,17f63cac07646d7683b36074ef5854da
1157,datasets/cat_10k/images/17ff60ec6aa617fd3f6e105dbfced865.jpg,17ff60ec6aa617fd3f6e105dbfced865
1158,datasets/cat_10k/images/1804b8d251b3bdf441109757e778856b.jpg,1804b8d251b3bdf441109757e778856b
1159,datasets/cat_10k/images/1805ea2a1c75bf9a68fdc1a469e75d52.jpg,1805ea2a1c75bf9a68fdc1a469e75d52
1160,datasets/cat_10k/images/18109b8bdf4df562336bd1f68f8d9740.jpg,18109b8bdf4df562336bd1f68f8d9740
1161,datasets/cat_10k/images/1811ccc7df1cc8691095374068c369c8.jpg,1811ccc7df1cc8691095374068c369c8
1162,datasets/cat_10k/images/181464204b8cb3c2e5b222993d452414.jpg,181464204b8cb3c2e5b222993d452414
1163,datasets/cat_10k/images/18147c37878ee1aad3302fe70c8f417b.jpg,18147c37878ee1aad3302fe70c8f417b
1164,datasets/cat_10k/images/1816d771ab7a6f31dcaed5e6a7d41531.jpg,1816d771ab7a6f31dcaed5e6a7d41531
1165,datasets/cat_10k/images/181df5a2427b4a2106a87980c08f185a.jpg,181df5a2427b4a2106a87980c08f185a
1166,datasets/cat_10k/images/18250bf5b736e35f92aa73b78ae852a8.jpg,18250bf5b736e35f92aa73b78ae852a8
1167,datasets/cat_10k/images/182c7f70c4a7912693bc506ca141105b.jpg,182c7f70c4a7912693bc506ca141105b
1168,datasets/cat_10k/images/182ca1e9fd2a9bd46d239daa18010787.jpg,182ca1e9fd2a9bd46d239daa18010787
1169,datasets/cat_10k/images/182e14bd183d3049ee4f67e62ef1490b.jpg,182e14bd183d3049ee4f67e62ef1490b
1170,datasets/cat_10k/images/1831f5bf5f1247b858550ad4aa818930.jpg,1831f5bf5f1247b858550ad4aa818930
1171,datasets/cat_10k/images/18326665eb2f4398735901d974210506.jpg,18326665eb2f4398735901d974210506
1172,datasets/cat_10k/images/1839fc72814759e3f7c38796a9e89e9b.jpg,1839fc72814759e3f7c38796a9e89e9b
1173,datasets/cat_10k/images/183fad5fb97366e17ea09a7da1f99e07.jpg,183fad5fb97366e17ea09a7da1f99e07
1174,datasets/cat_10k/images/184295c8a0ba81e22bee3b53d50eb5f1.jpg,184295c8a0ba81e22bee3b53d50eb5f1
1175,datasets/cat_10k/images/18488b957ebee941acf7dd3b69c71439.jpg,18488b957ebee941acf7dd3b69c71439
1176,datasets/cat_10k/images/1848bf91436e296a8e49980aceaa2482.jpg,1848bf91436e296a8e49980aceaa2482
1177,datasets/cat_10k/images/185c605862b584fd92bcd78f1e18d49c.jpg,185c605862b584fd92bcd78f1e18d49c
1178,datasets/cat_10k/images/185db5e1417369000a558987800e8c41.jpg,185db5e1417369000a558987800e8c41
1179,datasets/cat_10k/images/185dd2fc3707151c816f6bb5051ce470.jpg,185dd2fc3707151c816f6bb5051ce470
1180,datasets/cat_10k/images/1866544d14dcf3f359904ce7fbb2a959.jpg,1866544d14dcf3f359904ce7fbb2a959
1181,datasets/cat_10k/images/186864109cd4f4c46dc70ac2ac323d53.jpg,186864109cd4f4c46dc70ac2ac323d53
1182,datasets/cat_10k/images/186c3302205866822433807ad2f40a3f.jpg,186c3302205866822433807ad2f40a3f
1183,datasets/cat_10k/images/186e35a9d1af1bc68049d9ad64438f23.jpg,186e35a9d1af1bc68049d9ad64438f23
1184,datasets/cat_10k/images/1881358f96ecb4eb47fdd0de5a7bddb5.jpg,1881358f96ecb4eb47fdd0de5a7bddb5
1185,datasets/cat_10k/images/18835a87364afd265c307175574f162f.jpg,18835a87364afd265c307175574f162f
1186,datasets/cat_10k/images/1883fc5204e361e1eda96bbff70b9210.jpg,1883fc5204e361e1eda96bbff70b9210
1187,datasets/cat_10k/images/1889d93feec3b6b398753e0a85f421b9.jpg,1889d93feec3b6b398753e0a85f421b9
1188,datasets/cat_10k/images/188b6aadff3b8d91ed0ad16c99a6c855.jpg,188b6aadff3b8d91ed0ad16c99a6c855
1189,datasets/cat_10k/images/188cc7a46671eb3d0fde3567674548d0.jpg,188cc7a46671eb3d0fde3567674548d0
1190,datasets/cat_10k/images/188f8e3ddbffa362e929c318bd7f76d3.jpg,188f8e3ddbffa362e929c318bd7f76d3
1191,datasets/cat_10k/images/1897774325f45e7d8c6f7cb62dec7a22.jpg,1897774325f45e7d8c6f7cb62dec7a22
1192,datasets/cat_10k/images/1898e793a7864ed1755851256c9488f7.jpg,1898e793a7864ed1755851256c9488f7
1193,datasets/cat_10k/images/189c7267a3f783ea94d3679723d2d88c.jpg,189c7267a3f783ea94d3679723d2d88c
1194,datasets/cat_10k/images/18a024fc7e3f034a77a9736ca4c1bbe2.jpg,18a024fc7e3f034a77a9736ca4c1bbe2
1195,datasets/cat_10k/images/18abaf54859214fce9f98ee15fe3db37.jpg,18abaf54859214fce9f98ee15fe3db37
1196,datasets/cat_10k/images/18aeb809079586d62b710066a099ceab.jpg,18aeb809079586d62b710066a099ceab
1197,datasets/cat_10k/images/18af067778fe3254a0bbab7d4db21e09.jpg,18af067778fe3254a0bbab7d4db21e09
1198,datasets/cat_10k/images/18b51ecbfac0a685f1d58ff1fb0164bc.jpg,18b51ecbfac0a685f1d58ff1fb0164bc
1199,datasets/cat_10k/images/18b92d7a786f083dcd726b615b01b560.jpg,18b92d7a786f083dcd726b615b01b560
1200,datasets/cat_10k/images/18ba99649312a4cb70e25450261953bb.jpg,18ba99649312a4cb70e25450261953bb
1201,datasets/cat_10k/images/18bb9a77ada30a0a5a370a77b7575e3f.jpg,18bb9a77ada30a0a5a370a77b7575e3f
1202,datasets/cat_10k/images/18bebfbc6686f279212180a58e49597a.jpg,18bebfbc6686f279212180a58e49597a
1203,datasets/cat_10k/images/18c53de9e2654dde437a9132a7eeea04.jpg,18c53de9e2654dde437a9132a7eeea04
1204,datasets/cat_10k/images/18c6de7ac104ba54f7df633f1c0f58de.jpg,18c6de7ac104ba54f7df633f1c0f58de
1205,datasets/cat_10k/images/18c8b37778ea7f2a5182d4b3b40410a3.jpg,18c8b37778ea7f2a5182d4b3b40410a3
1206,datasets/cat_10k/images/18c8ce6e570743e56b155e8233711b51.jpg,18c8ce6e570743e56b155e8233711b51
1207,datasets/cat_10k/images/18cb1d01bb1eb29c340b52d45f03c5dc.jpg,18cb1d01bb1eb29c340b52d45f03c5dc
1208,datasets/cat_10k/images/18ceb5b2585be11bf3cfc217ee2556d7.jpg,18ceb5b2585be11bf3cfc217ee2556d7
1209,datasets/cat_10k/images/18d073c2e9a288b5788eea57f8172014.jpg,18d073c2e9a288b5788eea57f8172014
1210,datasets/cat_10k/images/18d22d91656a1fe5bc08f6dda944a9be.jpg,18d22d91656a1fe5bc08f6dda944a9be
1211,datasets/cat_10k/images/18d82bda79b76125339f6060cafb76a9.jpg,18d82bda79b76125339f6060cafb76a9
1212,datasets/cat_10k/images/18e379d5c5046c1d7c106b237ab7a33f.jpg,18e379d5c5046c1d7c106b237ab7a33f
1213,datasets/cat_10k/images/18e5b63bdb638cffcbf61ac730e2e7cb.jpg,18e5b63bdb638cffcbf61ac730e2e7cb
1214,datasets/cat_10k/images/18f034f8abd83d9515550c064eca9b0b.jpg,18f034f8abd83d9515550c064eca9b0b
1215,datasets/cat_10k/images/18f92a8c15d2ef8d6bf4dd075786aab1.jpg,18f92a8c15d2ef8d6bf4dd075786aab1
1216,datasets/cat_10k/images/18fbd38702fe3458f984d263348f121a.jpg,18fbd38702fe3458f984d263348f121a
1217,datasets/cat_10k/images/18fc1e0b121995febe714bea00121bf8.jpg,18fc1e0b121995febe714bea00121bf8
1218,datasets/cat_10k/images/18fd536b694c082fe0d3de5d01d79d3f.jpg,18fd536b694c082fe0d3de5d01d79d3f
1219,datasets/cat_10k/images/190ac59e2807ce937fbc1c204b76a757.jpg,190ac59e2807ce937fbc1c204b76a757
1220,datasets/cat_10k/images/19124924db27f3317501d08a24b71059.jpg,19124924db27f3317501d08a24b71059
1221,datasets/cat_10k/images/19196728f9956a80f4e735cfe9f7c78e.jpg,19196728f9956a80f4e735cfe9f7c78e
1222,datasets/cat_10k/images/191a1aa1636d687c001783669d253eaf.jpg,191a1aa1636d687c001783669d253eaf
1223,datasets/cat_10k/images/191f94a3d914cc316189bf2e4d8f00b7.jpg,191f94a3d914cc316189bf2e4d8f00b7
1224,datasets/cat_10k/images/19227577ec48efe9e2aafb4b08fdc103.jpg,19227577ec48efe9e2aafb4b08fdc103
1225,datasets/cat_10k/images/1926513bca185b0ef1438f3e83237a41.jpg,1926513bca185b0ef1438f3e83237a41
1226,datasets/cat_10k/images/1927a08575dedcaee780cd303c8c8af8.jpg,1927a08575dedcaee780cd303c8c8af8
1227,datasets/cat_10k/images/19322858b4226efe94ba7faf2957da35.jpg,19322858b4226efe94ba7faf2957da35
1228,datasets/cat_10k/images/1937a93037e29f57a018848217fa551a.jpg,1937a93037e29f57a018848217fa551a
1229,datasets/cat_10k/images/19398f4324af29896c9072e77ab6da34.jpg,19398f4324af29896c9072e77ab6da34
1230,datasets/cat_10k/images/193a7aa57a565b09d96a5c388160b0ec.jpg,193a7aa57a565b09d96a5c388160b0ec
1231,datasets/cat_10k/images/194c6dc14497828f404066e5cfd052a7.jpg,194c6dc14497828f404066e5cfd052a7
1232,datasets/cat_10k/images/19508a73c6e7cee022d7524ec1179dd5.jpg,19508a73c6e7cee022d7524ec1179dd5
1233,datasets/cat_10k/images/19528c05a84c18ef57be29131a221f67.jpg,19528c05a84c18ef57be29131a221f67
1234,datasets/cat_10k/images/1956401c2a2667e286f75ba1dcc16bc0.jpg,1956401c2a2667e286f75ba1dcc16bc0
1235,datasets/cat_10k/images/1965e02a313eedddd0823f9aead97944.jpg,1965e02a313eedddd0823f9aead97944
1236,datasets/cat_10k/images/196e778a5cbe3efb079e9bdf619b26b3.jpg,196e778a5cbe3efb079e9bdf619b26b3
1237,datasets/cat_10k/images/19821799f1f1a9ca1e26074c654274a1.jpg,19821799f1f1a9ca1e26074c654274a1
1238,datasets/cat_10k/images/1998cedf7b0d771e131a09f7ff052518.jpg,1998cedf7b0d771e131a09f7ff052518
1239,datasets/cat_10k/images/199ebd12d218c5023de1781bc2aff1a2.jpg,199ebd12d218c5023de1781bc2aff1a2
1240,datasets/cat_10k/images/19a4417b9d2f5b5a5c76cf8077ad2d2e.jpg,19a4417b9d2f5b5a5c76cf8077ad2d2e
1241,datasets/cat_10k/images/19b2a7441d78c6c529ec3f92ae822252.jpg,19b2a7441d78c6c529ec3f92ae822252
1242,datasets/cat_10k/images/19b3f58eec1937dee85f9371d81c689c.jpg,19b3f58eec1937dee85f9371d81c689c
1243,datasets/cat_10k/images/19bb2c172d13337d6a523ccecb6bf01e.jpg,19bb2c172d13337d6a523ccecb6bf01e
1244,datasets/cat_10k/images/19bbb5200f883e240f3d844a57f67c65.jpg,19bbb5200f883e240f3d844a57f67c65
1245,datasets/cat_10k/images/19bf9fb4af07174a055a7e08a8a5b098.jpg,19bf9fb4af07174a055a7e08a8a5b098
1246,datasets/cat_10k/images/19c0b9ed77127776fac5fae0e6434cfc.jpg,19c0b9ed77127776fac5fae0e6434cfc
1247,datasets/cat_10k/images/19c1f9cad1f10610615b45776cc80da4.jpg,19c1f9cad1f10610615b45776cc80da4
1248,datasets/cat_10k/images/19c7677d5749f6aaebea03c0b26f11a0.jpg,19c7677d5749f6aaebea03c0b26f11a0
1249,datasets/cat_10k/images/19c8378839cdcc9d740172bd1a1b7f4c.jpg,19c8378839cdcc9d740172bd1a1b7f4c
1250,datasets/cat_10k/images/19ca30812a7d5901727ea19ba5fd97ef.jpg,19ca30812a7d5901727ea19ba5fd97ef
1251,datasets/cat_10k/images/19cea6f7b83d1ae3232ed4fa6c3e3b51.jpg,19cea6f7b83d1ae3232ed4fa6c3e3b51
1252,datasets/cat_10k/images/19d1d2f6db8b2bc0c76bfdfbebecbf52.jpg,19d1d2f6db8b2bc0c76bfdfbebecbf52
1253,datasets/cat_10k/images/19d448386bacfdb183e2a9d9cda70923.jpg,19d448386bacfdb183e2a9d9cda70923
1254,datasets/cat_10k/images/19d9d1fd1cf7004734761436b67855ef.jpg,19d9d1fd1cf7004734761436b67855ef
1255,datasets/cat_10k/images/19db269e6e89fe9eae11acb32b0a3b8b.jpg,19db269e6e89fe9eae11acb32b0a3b8b
1256,datasets/cat_10k/images/19dbd9e090278133981cefe549a478bd.jpg,19dbd9e090278133981cefe549a478bd
1257,datasets/cat_10k/images/19df9de799b5742276d93d42e21d17fb.jpg,19df9de799b5742276d93d42e21d17fb
1258,datasets/cat_10k/images/19e2fd6356e6d7a551bab765ed23760c.jpg,19e2fd6356e6d7a551bab765ed23760c
1259,datasets/cat_10k/images/19e404d973155d5216fb8cdddaf79eeb.jpg,19e404d973155d5216fb8cdddaf79eeb
1260,datasets/cat_10k/images/19e794b84d03e721f065e7e7237285ec.jpg,19e794b84d03e721f065e7e7237285ec
1261,datasets/cat_10k/images/19edd456628c824a546f1238fb66b87e.jpg,19edd456628c824a546f1238fb66b87e
1262,datasets/cat_10k/images/19ef74a65d93570047f9ed9f446f805d.jpg,19ef74a65d93570047f9ed9f446f805d
1263,datasets/cat_10k/images/19f24946bd448b011dd2224311d76b04.jpg,19f24946bd448b011dd2224311d76b04
1264,datasets/cat_10k/images/19f8dbd1d745013bf15bf015ba09662f.jpg,19f8dbd1d745013bf15bf015ba09662f
1265,datasets/cat_10k/images/19fc6f1e741d7eac3fb67cfebe696687.jpg,19fc6f1e741d7eac3fb67cfebe696687
1266,datasets/cat_10k/images/1a0dad00722dcce3ee89e75ca24175ea.jpg,1a0dad00722dcce3ee89e75ca24175ea
1267,datasets/cat_10k/images/1a1190760975b418661a7f5151f2b3cf.jpg,1a1190760975b418661a7f5151f2b3cf
1268,datasets/cat_10k/images/1a12bbf13bff8e8b8c68a4ceeb27ad66.jpg,1a12bbf13bff8e8b8c68a4ceeb27ad66
1269,datasets/cat_10k/images/1a156823cb75b53f90910cd6b2d7df84.jpg,1a156823cb75b53f90910cd6b2d7df84
1270,datasets/cat_10k/images/1a188e38023e0308754873c1fe26b809.jpg,1a188e38023e0308754873c1fe26b809
1271,datasets/cat_10k/images/1a19e2b689b6adac44705822f2593d90.jpg,1a19e2b689b6adac44705822f2593d90
1272,datasets/cat_10k/images/1a1d57ae34235ecff95c37daf35c2f84.jpg,1a1d57ae34235ecff95c37daf35c2f84
1273,datasets/cat_10k/images/1a277d7279e8c0012e00623ebe33afcb.jpg,1a277d7279e8c0012e00623ebe33afcb
1274,datasets/cat_10k/images/1a2efb9e4df8a183ee52988f7e4a5c2c.jpg,1a2efb9e4df8a183ee52988f7e4a5c2c
1275,datasets/cat_10k/images/1a34f2a54431816a13f9d98d66e57af3.jpg,1a34f2a54431816a13f9d98d66e57af3
1276,datasets/cat_10k/images/1a39fd18b2b87ebdd24dc106cb82f348.jpg,1a39fd18b2b87ebdd24dc106cb82f348
1277,datasets/cat_10k/images/1a3be38f4a23069e3891c279a973823e.jpg,1a3be38f4a23069e3891c279a973823e
1278,datasets/cat_10k/images/1a3f553a32dae35cd6724fb977c5b5d9.jpg,1a3f553a32dae35cd6724fb977c5b5d9
1279,datasets/cat_10k/images/1a40eb5f724876b41bddedec15857b45.jpg,1a40eb5f724876b41bddedec15857b45
1280,datasets/cat_10k/images/1a425f658a524bc903d3d911492a591f.jpg,1a425f658a524bc903d3d911492a591f
1281,datasets/cat_10k/images/1a4261022b4bd4962035883d0db6c3a2.jpg,1a4261022b4bd4962035883d0db6c3a2
1282,datasets/cat_10k/images/1a439d73108db717ae97318fab0f2694.jpg,1a439d73108db717ae97318fab0f2694
1283,datasets/cat_10k/images/1a480c7d466db4236509bb6e9a83ddb3.jpg,1a480c7d466db4236509bb6e9a83ddb3
1284,datasets/cat_10k/images/1a5027f8c6fd03a668c7b72cecd06c5d.jpg,1a5027f8c6fd03a668c7b72cecd06c5d
1285,datasets/cat_10k/images/1a58e28262651c33ee6bf8dccab3e771.jpg,1a58e28262651c33ee6bf8dccab3e771
1286,datasets/cat_10k/images/1a5c6d9995bbedccfac308e955871416.jpg,1a5c6d9995bbedccfac308e955871416
1287,datasets/cat_10k/images/1a61c2d0bac0ca65d35007421621019b.jpg,1a61c2d0bac0ca65d35007421621019b
1288,datasets/cat_10k/images/1a66adac9f773fd68281898c681fe70c.jpg,1a66adac9f773fd68281898c681fe70c
1289,datasets/cat_10k/images/1a6c584a20f5139e761809a19ecb2891.jpg,1a6c584a20f5139e761809a19ecb2891
1290,datasets/cat_10k/images/1a6d358b6cd7742a576832ccaa425ec3.jpg,1a6d358b6cd7742a576832ccaa425ec3
1291,datasets/cat_10k/images/1a708a5823e61e98c271df1acbe0dbbb.jpg,1a708a5823e61e98c271df1acbe0dbbb
1292,datasets/cat_10k/images/1a79c9abc6a0ea0fa6888d3a04fa2f0d.jpg,1a79c9abc6a0ea0fa6888d3a04fa2f0d
1293,datasets/cat_10k/images/1a7d59afbbe073e8779c8f15cc6e4733.jpg,1a7d59afbbe073e8779c8f15cc6e4733
1294,datasets/cat_10k/images/1a80ff60aea0aa4d3810bacecdd6090b.jpg,1a80ff60aea0aa4d3810bacecdd6090b
1295,datasets/cat_10k/images/1a832418307787cf2e97cb4495ad0735.jpg,1a832418307787cf2e97cb4495ad0735
1296,datasets/cat_10k/images/1a834b132fd4477a542358035eeb7999.jpg,1a834b132fd4477a542358035eeb7999
1297,datasets/cat_10k/images/1a846fd13893e62d5f7bca0dd622456b.jpg,1a846fd13893e62d5f7bca0dd622456b
1298,datasets/cat_10k/images/1a87053122cd787f5b0e0e5841ef9271.jpg,1a87053122cd787f5b0e0e5841ef9271
1299,datasets/cat_10k/images/1a8881c772b55191c5940e3f0be1e922.jpg,1a8881c772b55191c5940e3f0be1e922
1300,datasets/cat_10k/images/1a98a1a1daa75cff1186bcd52689e84c.jpg,1a98a1a1daa75cff1186bcd52689e84c
1301,datasets/cat_10k/images/1a9a26050c58cf553014c53be41c23f9.jpg,1a9a26050c58cf553014c53be41c23f9
1302,datasets/cat_10k/images/1aa1f20a3eb63a530f7d28f0b2587ed7.jpg,1aa1f20a3eb63a530f7d28f0b2587ed7
1303,datasets/cat_10k/images/1aa7f8068996e1c37d76d2a642fc6f96.jpg,1aa7f8068996e1c37d76d2a642fc6f96
1304,datasets/cat_10k/images/1aac841b324b2f317c77528f4bf4e68f.jpg,1aac841b324b2f317c77528f4bf4e68f
1305,datasets/cat_10k/images/1abc9040c2983b1276b8ebd680161399.jpg,1abc9040c2983b1276b8ebd680161399
1306,datasets/cat_10k/images/1ac3053dffc25ff37d69e1622da5d4ea.jpg,1ac3053dffc25ff37d69e1622da5d4ea
1307,datasets/cat_10k/images/1ac54fc60ba49f1df8545c0920fc48f3.jpg,1ac54fc60ba49f1df8545c0920fc48f3
1308,datasets/cat_10k/images/1ac6e400b1a98f2ae5c8ac2792031274.jpg,1ac6e400b1a98f2ae5c8ac2792031274
1309,datasets/cat_10k/images/1ac7ce30bcc62d24015df908ed20e19d.jpg,1ac7ce30bcc62d24015df908ed20e19d
1310,datasets/cat_10k/images/1ace3fc5579826132c54df7bcc7210ef.jpg,1ace3fc5579826132c54df7bcc7210ef
1311,datasets/cat_10k/images/1ad2085f507b50e5f5d067e6bcf0463a.jpg,1ad2085f507b50e5f5d067e6bcf0463a
1312,datasets/cat_10k/images/1ad438668c8ac93a9c233d5c5c623aaf.jpg,1ad438668c8ac93a9c233d5c5c623aaf
1313,datasets/cat_10k/images/1ad5f2e0998b68d640927f6b1fea175d.jpg,1ad5f2e0998b68d640927f6b1fea175d
1314,datasets/cat_10k/images/1add11db2adf57c3bd5680210edd662b.jpg,1add11db2adf57c3bd5680210edd662b
1315,datasets/cat_10k/images/1adf0c3e679fb64a8010babb6b868503.jpg,1adf0c3e679fb64a8010babb6b868503
1316,datasets/cat_10k/images/1ae31569d90eb979e1ed46a24abcc6be.jpg,1ae31569d90eb979e1ed46a24abcc6be
1317,datasets/cat_10k/images/1ae4a237cd750cebba91ce9fd62d9e3b.jpg,1ae4a237cd750cebba91ce9fd62d9e3b
1318,datasets/cat_10k/images/1ae8885e69776688f2c4473f92c1eee4.jpg,1ae8885e69776688f2c4473f92c1eee4
1319,datasets/cat_10k/images/1aee058b6745878e117901e305961b50.jpg,1aee058b6745878e117901e305961b50
1320,datasets/cat_10k/images/1af759110635418e3c9085e369d12e25.jpg,1af759110635418e3c9085e369d12e25
1321,datasets/cat_10k/images/1af9a94154989e9a577fed977b708bf7.jpg,1af9a94154989e9a577fed977b708bf7
1322,datasets/cat_10k/images/1afaf99869bc995645f6e97e9ecfa296.jpg,1afaf99869bc995645f6e97e9ecfa296
1323,datasets/cat_10k/images/1afef18a9cd7010b0e4bc241eab517b6.jpg,1afef18a9cd7010b0e4bc241eab517b6
1324,datasets/cat_10k/images/1b01a5a7fccf7a4406315ad075066040.jpg,1b01a5a7fccf7a4406315ad075066040
1325,datasets/cat_10k/images/1b0434f294ca8547d1bc4a3d499d3136.jpg,1b0434f294ca8547d1bc4a3d499d3136
1326,datasets/cat_10k/images/1b087f35e79508117a79816c3c8eb0ee.jpg,1b087f35e79508117a79816c3c8eb0ee
1327,datasets/cat_10k/images/1b0881b38743cc478d8e17f8cf9734d3.jpg,1b0881b38743cc478d8e17f8cf9734d3
1328,datasets/cat_10k/images/1b0ce907f632c4c5dadc1a6954b5087f.jpg,1b0ce907f632c4c5dadc1a6954b5087f
1329,datasets/cat_10k/images/1b14737288827fc2ef339709f040523d.jpg,1b14737288827fc2ef339709f040523d
1330,datasets/cat_10k/images/1b15b0b88b2e7216cdeb2171d6d413d2.jpg,1b15b0b88b2e7216cdeb2171d6d413d2
1331,datasets/cat_10k/images/1b196a87a6ea10b77f92c55a7c26fcc4.jpg,1b196a87a6ea10b77f92c55a7c26fcc4
1332,datasets/cat_10k/images/1b1c30ccc225021ebacb49ef7ee339fc.jpg,1b1c30ccc225021ebacb49ef7ee339fc
1333,datasets/cat_10k/images/1b21f93f9ad8b86989993b0925d938b6.jpg,1b21f93f9ad8b86989993b0925d938b6
1334,datasets/cat_10k/images/1b316e02bb8c591ab21ef382a21cb17d.jpg,1b316e02bb8c591ab21ef382a21cb17d
1335,datasets/cat_10k/images/1b37e49f8fb4a921fa98c61acc9cf9e8.jpg,1b37e49f8fb4a921fa98c61acc9cf9e8
1336,datasets/cat_10k/images/1b3f4dc1538c793a0bcbe39e14a34f97.jpg,1b3f4dc1538c793a0bcbe39e14a34f97
1337,datasets/cat_10k/images/1b446354e2da2d8e281d048265dc4b6b.jpg,1b446354e2da2d8e281d048265dc4b6b
1338,datasets/cat_10k/images/1b4b41d836c8191b584864881f62cc60.jpg,1b4b41d836c8191b584864881f62cc60
1339,datasets/cat_10k/images/1b4e1ddc2139f57d2bb87050e7b780d6.jpg,1b4e1ddc2139f57d2bb87050e7b780d6
1340,datasets/cat_10k/images/1b518996a57e75beba7c7d9bcc1ce331.jpg,1b518996a57e75beba7c7d9bcc1ce331
1341,datasets/cat_10k/images/1b5b9167ba9bfefd367b0d86661ae510.jpg,1b5b9167ba9bfefd367b0d86661ae510
1342,datasets/cat_10k/images/1b5d956ba38c6f4c0509fc01c0567b64.jpg,1b5d956ba38c6f4c0509fc01c0567b64
1343,datasets/cat_10k/images/1b604529da62c6dd8fd0ae5743d16a65.jpg,1b604529da62c6dd8fd0ae5743d16a65
1344,datasets/cat_10k/images/1b6393f01ef6d9dc08a36ce6a801c9fb.jpg,1b6393f01ef6d9dc08a36ce6a801c9fb
1345,datasets/cat_10k/images/1b68d0d3ef0c236252a50c7b8c06c65f.jpg,1b68d0d3ef0c236252a50c7b8c06c65f
1346,datasets/cat_10k/images/1b6e9425cb21e27ac7d6001198fba2b9.jpg,1b6e9425cb21e27ac7d6001198fba2b9
1347,datasets/cat_10k/images/1b6f0ab21c2f2bc676235c07b7119d85.jpg,1b6f0ab21c2f2bc676235c07b7119d85
1348,datasets/cat_10k/images/1b76d09b83d440cf37f90a59f4275584.jpg,1b76d09b83d440cf37f90a59f4275584
1349,datasets/cat_10k/images/1b8110f414f2666491f95badcff72d71.jpg,1b8110f414f2666491f95badcff72d71
1350,datasets/cat_10k/images/1b89026ba4571046ceb8c09b59e64d53.jpg,1b89026ba4571046ceb8c09b59e64d53
1351,datasets/cat_10k/images/1b89a295de1a1d1cb741a2c6688d9f86.jpg,1b89a295de1a1d1cb741a2c6688d9f86
1352,datasets/cat_10k/images/1b9643d49d822878293afc787e8dab1c.jpg,1b9643d49d822878293afc787e8dab1c
1353,datasets/cat_10k/images/1ba05bc4e4ebdbf7983c183725fe5f8d.jpg,1ba05bc4e4ebdbf7983c183725fe5f8d
1354,datasets/cat_10k/images/1ba13f1c1b39c1835439ae2861b900fd.jpg,1ba13f1c1b39c1835439ae2861b900fd
1355,datasets/cat_10k/images/1ba2bfcbe2a10d39537e381dcb59e3ec.jpg,1ba2bfcbe2a10d39537e381dcb59e3ec
1356,datasets/cat_10k/images/1badaca74f2f3befecac936bb655bf9c.jpg,1badaca74f2f3befecac936bb655bf9c
1357,datasets/cat_10k/images/1bb15f57c007309e4076e887612ba92b.jpg,1bb15f57c007309e4076e887612ba92b
1358,datasets/cat_10k/images/1bb684c1f08236c5dfb6c976b5b03f5d.jpg,1bb684c1f08236c5dfb6c976b5b03f5d
1359,datasets/cat_10k/images/1bbb7b1d89cc9ede8538cf73ff35fd6f.jpg,1bbb7b1d89cc9ede8538cf73ff35fd6f
1360,datasets/cat_10k/images/1bbcc291c1e9be4d2223053390427a0e.jpg,1bbcc291c1e9be4d2223053390427a0e
1361,datasets/cat_10k/images/1bbd6205e8ba6b4b2af7f1ec1a1705b0.jpg,1bbd6205e8ba6b4b2af7f1ec1a1705b0
1362,datasets/cat_10k/images/1bc14872c38a3c0987f455bfe8f43ace.jpg,1bc14872c38a3c0987f455bfe8f43ace
1363,datasets/cat_10k/images/1bc589698fdc63443e93439d4ec92129.jpg,1bc589698fdc63443e93439d4ec92129
1364,datasets/cat_10k/images/1bc718bbb736f511fe77be05706cda40.jpg,1bc718bbb736f511fe77be05706cda40
1365,datasets/cat_10k/images/1bc9f2de8452b1d2cf206dd53e7d4e65.jpg,1bc9f2de8452b1d2cf206dd53e7d4e65
1366,datasets/cat_10k/images/1bcc22f038c1780c90a0254039202fb1.jpg,1bcc22f038c1780c90a0254039202fb1
1367,datasets/cat_10k/images/1bd27fd3d78b2bb925d0a3d3cdabdacb.jpg,1bd27fd3d78b2bb925d0a3d3cdabdacb
1368,datasets/cat_10k/images/1be143b3f388c8a613c5cee83ab8c26f.jpg,1be143b3f388c8a613c5cee83ab8c26f
1369,datasets/cat_10k/images/1be260b33a59b28dc2638a3fd6592c13.jpg,1be260b33a59b28dc2638a3fd6592c13
1370,datasets/cat_10k/images/1be3a5e6deeae652647db32dc2178d6e.jpg,1be3a5e6deeae652647db32dc2178d6e
1371,datasets/cat_10k/images/1be47ef9ecca47a80a308631f2696fdb.jpg,1be47ef9ecca47a80a308631f2696fdb
1372,datasets/cat_10k/images/1be8e2cef077f7e5c6fd14bcb7610610.jpg,1be8e2cef077f7e5c6fd14bcb7610610
1373,datasets/cat_10k/images/1bf55f4aa2e94a29a5e98d9dcdf80f89.jpg,1bf55f4aa2e94a29a5e98d9dcdf80f89
1374,datasets/cat_10k/images/1bf70aac75db5988b465dfb88e28cc63.jpg,1bf70aac75db5988b465dfb88e28cc63
1375,datasets/cat_10k/images/1c00490b7a5a1ff9bd22e44931156d7b.jpg,1c00490b7a5a1ff9bd22e44931156d7b
1376,datasets/cat_10k/images/1c0cf5a269594ddd707b6e926f09928f.jpg,1c0cf5a269594ddd707b6e926f09928f
1377,datasets/cat_10k/images/1c0d057067c991b3a0e7d92ff04d4d87.jpg,1c0d057067c991b3a0e7d92ff04d4d87
1378,datasets/cat_10k/images/1c0eebf295d45c2ed5be5a0d13e66aa5.jpg,1c0eebf295d45c2ed5be5a0d13e66aa5
1379,datasets/cat_10k/images/1c0fdedb400afc1368b6cd223c37aded.jpg,1c0fdedb400afc1368b6cd223c37aded
1380,datasets/cat_10k/images/1c1572e1f32538598f63340e2550d677.jpg,1c1572e1f32538598f63340e2550d677
1381,datasets/cat_10k/images/1c262fe210259a9aae614affb28e7424.jpg,1c262fe210259a9aae614affb28e7424
1382,datasets/cat_10k/images/1c2dc59813fc6f553c09c5585e7e4e30.jpg,1c2dc59813fc6f553c09c5585e7e4e30
1383,datasets/cat_10k/images/1c309b52bd4691883b5e85f31a413129.jpg,1c309b52bd4691883b5e85f31a413129
1384,datasets/cat_10k/images/1c3492f59800adc6fb141c7430c794c1.jpg,1c3492f59800adc6fb141c7430c794c1
1385,datasets/cat_10k/images/1c3721d482443c49bfd11095338e389f.jpg,1c3721d482443c49bfd11095338e389f
1386,datasets/cat_10k/images/1c376e2647e837e20731800f168158cf.jpg,1c376e2647e837e20731800f168158cf
1387,datasets/cat_10k/images/1c3f6251bc866dcb356986a00c29814c.jpg,1c3f6251bc866dcb356986a00c29814c
1388,datasets/cat_10k/images/1c400e523a59e554d800825131882580.jpg,1c400e523a59e554d800825131882580
1389,datasets/cat_10k/images/1c4068e6dd3d864d2cff25ee44b0b5dc.jpg,1c4068e6dd3d864d2cff25ee44b0b5dc
1390,datasets/cat_10k/images/1c429e6ee1396044b1452ed3d9ec0213.jpg,1c429e6ee1396044b1452ed3d9ec0213
1391,datasets/cat_10k/images/1c464554028fa9ae8ac07363141e50e4.jpg,1c464554028fa9ae8ac07363141e50e4
1392,datasets/cat_10k/images/1c5a8fd38a9502d308a38faf6b61e42b.jpg,1c5a8fd38a9502d308a38faf6b61e42b
1393,datasets/cat_10k/images/1c5ba8c67cd395a3c1c6b1227e89fa43.jpg,1c5ba8c67cd395a3c1c6b1227e89fa43
1394,datasets/cat_10k/images/1c5fded32d29658f0be44ce3a3d03f33.jpg,1c5fded32d29658f0be44ce3a3d03f33
1395,datasets/cat_10k/images/1c641723927746c43a5c7fd680aac14f.jpg,1c641723927746c43a5c7fd680aac14f
1396,datasets/cat_10k/images/1c78fa6fd07223dc8051184a571432e4.jpg,1c78fa6fd07223dc8051184a571432e4
1397,datasets/cat_10k/images/1c84caa6f29ff997224dfc868e3441f9.jpg,1c84caa6f29ff997224dfc868e3441f9
1398,datasets/cat_10k/images/1c88f867391a3260596cb0f86e83e5d3.jpg,1c88f867391a3260596cb0f86e83e5d3
1399,datasets/cat_10k/images/1c96131841c304f06cf6ce1727839c34.jpg,1c96131841c304f06cf6ce1727839c34
1400,datasets/cat_10k/images/1c980db2d6c91990204ba23808983c1d.jpg,1c980db2d6c91990204ba23808983c1d
1401,datasets/cat_10k/images/1c9d6a648e17f09dfca8e77061d5b512.jpg,1c9d6a648e17f09dfca8e77061d5b512
1402,datasets/cat_10k/images/1ca29adcd3a634c11b29e5f03596bf31.jpg,1ca29adcd3a634c11b29e5f03596bf31
1403,datasets/cat_10k/images/1ca7b68f1b086f0a736c8fe1c39f7bc1.jpg,1ca7b68f1b086f0a736c8fe1c39f7bc1
1404,datasets/cat_10k/images/1caa21cf8c56497a2c34bee74c32f0f3.jpg,1caa21cf8c56497a2c34bee74c32f0f3
1405,datasets/cat_10k/images/1cb2f39f8e9dbac77e9a3e242bd54558.jpg,1cb2f39f8e9dbac77e9a3e242bd54558
1406,datasets/cat_10k/images/1cb87616a0dfb1c08df9005fcdefce71.jpg,1cb87616a0dfb1c08df9005fcdefce71
1407,datasets/cat_10k/images/1cbc942ac4ac074eb84c4ff699c92172.jpg,1cbc942ac4ac074eb84c4ff699c92172
1408,datasets/cat_10k/images/1cc073560c8f08262d45e7b2ea162c97.jpg,1cc073560c8f08262d45e7b2ea162c97
1409,datasets/cat_10k/images/1cc0bd596584f01cdec0070f30ca2c31.jpg,1cc0bd596584f01cdec0070f30ca2c31
1410,datasets/cat_10k/images/1cc626b0b914e0417e183880fe9399d7.jpg,1cc626b0b914e0417e183880fe9399d7
1411,datasets/cat_10k/images/1cc8ff0d89739ba3dd98e699d4116f44.jpg,1cc8ff0d89739ba3dd98e699d4116f44
1412,datasets/cat_10k/images/1ce2937e92874cb512425184e7042332.jpg,1ce2937e92874cb512425184e7042332
1413,datasets/cat_10k/images/1ce4b1436d04b19ca63d76c280ce7960.jpg,1ce4b1436d04b19ca63d76c280ce7960
1414,datasets/cat_10k/images/1ce9fd92a20ba579a9cf410751244f68.jpg,1ce9fd92a20ba579a9cf410751244f68
1415,datasets/cat_10k/images/1cf6996166fa892e1263423902e81bae.jpg,1cf6996166fa892e1263423902e81bae
1416,datasets/cat_10k/images/1cf73e987e480cb9f8b26c3e98efd761.jpg,1cf73e987e480cb9f8b26c3e98efd761
1417,datasets/cat_10k/images/1cfcd1078c3f28c55a14dfa87bbd2dd9.jpg,1cfcd1078c3f28c55a14dfa87bbd2dd9
1418,datasets/cat_10k/images/1d03bde7ad6ea22d97349db6dfbf8e16.jpg,1d03bde7ad6ea22d97349db6dfbf8e16
1419,datasets/cat_10k/images/1d0415e3d95498d003e06aba4c2b3e9b.jpg,1d0415e3d95498d003e06aba4c2b3e9b
1420,datasets/cat_10k/images/1d131b911ecdbcd808682d9f33765e22.jpg,1d131b911ecdbcd808682d9f33765e22
1421,datasets/cat_10k/images/1d144415938919592647250efda1d886.jpg,1d144415938919592647250efda1d886
1422,datasets/cat_10k/images/1d157459451f9dcee15fa8917c36ce34.jpg,1d157459451f9dcee15fa8917c36ce34
1423,datasets/cat_10k/images/1d1c0afe8535bd58aaf16a62cb326574.jpg,1d1c0afe8535bd58aaf16a62cb326574
1424,datasets/cat_10k/images/1d1c2dbcea24a1bf38179e417e058c6f.jpg,1d1c2dbcea24a1bf38179e417e058c6f
1425,datasets/cat_10k/images/1d1da3ca300d247713ef9c09553e0470.jpg,1d1da3ca300d247713ef9c09553e0470
1426,datasets/cat_10k/images/1d21a1d7049eba6d8c4adfc140de3482.jpg,1d21a1d7049eba6d8c4adfc140de3482
1427,datasets/cat_10k/images/1d22919113f66dc038ddd07c06d2aaf2.jpg,1d22919113f66dc038ddd07c06d2aaf2
1428,datasets/cat_10k/images/1d2363797199119e522d462e6566d30e.jpg,1d2363797199119e522d462e6566d30e
1429,datasets/cat_10k/images/1d275ddd41f06ffec1fa823bc4679b2e.jpg,1d275ddd41f06ffec1fa823bc4679b2e
1430,datasets/cat_10k/images/1d299516109cd4d1b99a5da66367e4d8.jpg,1d299516109cd4d1b99a5da66367e4d8
1431,datasets/cat_10k/images/1d32247027eff192c2700d6ac61b3230.jpg,1d32247027eff192c2700d6ac61b3230
1432,datasets/cat_10k/images/1d3da052a9aa5d6d497d43388563ef33.jpg,1d3da052a9aa5d6d497d43388563ef33
1433,datasets/cat_10k/images/1d418db87d1498435571f26b008711fa.jpg,1d418db87d1498435571f26b008711fa
1434,datasets/cat_10k/images/1d43e0faf226a4b0333f7941278db3b0.jpg,1d43e0faf226a4b0333f7941278db3b0
1435,datasets/cat_10k/images/1d43ec4849b8758b7e6fc031675c0b39.jpg,1d43ec4849b8758b7e6fc031675c0b39
1436,datasets/cat_10k/images/1d442833118790eaf11671f2a828cb36.jpg,1d442833118790eaf11671f2a828cb36
1437,datasets/cat_10k/images/1d48a8e1d8a7a385b664d134c5e7144f.jpg,1d48a8e1d8a7a385b664d134c5e7144f
1438,datasets/cat_10k/images/1d4fa5992e473045a9da4675c41080a8.jpg,1d4fa5992e473045a9da4675c41080a8
1439,datasets/cat_10k/images/1d50a58cea69ee54d064d65e6e39f52f.jpg,1d50a58cea69ee54d064d65e6e39f52f
1440,datasets/cat_10k/images/1d52825755108a2a6df146737f6149cb.jpg,1d52825755108a2a6df146737f6149cb
1441,datasets/cat_10k/images/1d541ed724f5aa595a9e231f8af79d1a.jpg,1d541ed724f5aa595a9e231f8af79d1a
1442,datasets/cat_10k/images/1d5514a719958f05d38c17d39ca75933.jpg,1d5514a719958f05d38c17d39ca75933
1443,datasets/cat_10k/images/1d5b1a9921bb116d894b027a87617efb.jpg,1d5b1a9921bb116d894b027a87617efb
1444,datasets/cat_10k/images/1d64629de36b270ee28bbe386f1267bb.jpg,1d64629de36b270ee28bbe386f1267bb
1445,datasets/cat_10k/images/1d6a2f20377fd1150cea46805eafc468.jpg,1d6a2f20377fd1150cea46805eafc468
1446,datasets/cat_10k/images/1d6b47537f5d292b88b58724612c66a4.jpg,1d6b47537f5d292b88b58724612c66a4
1447,datasets/cat_10k/images/1d6b50d57dfe809696e01387a0fac1f7.jpg,1d6b50d57dfe809696e01387a0fac1f7
1448,datasets/cat_10k/images/1d7876f7328e57707c70a666e3d7b5ea.jpg,1d7876f7328e57707c70a666e3d7b5ea
1449,datasets/cat_10k/images/1d79810a3569f0b7c13609731e329d29.jpg,1d79810a3569f0b7c13609731e329d29
1450,datasets/cat_10k/images/1d79e019f4f6ac314b47db5a47787c4b.jpg,1d79e019f4f6ac314b47db5a47787c4b
1451,datasets/cat_10k/images/1d7d099d7e8190d9d59a546303afc326.jpg,1d7d099d7e8190d9d59a546303afc326
1452,datasets/cat_10k/images/1d7ea4c104444195f9e9e81ae3786cee.jpg,1d7ea4c104444195f9e9e81ae3786cee
1453,datasets/cat_10k/images/1d87a9bf66b0353d8e2804840a3735d1.jpg,1d87a9bf66b0353d8e2804840a3735d1
1454,datasets/cat_10k/images/1d88db835d2b43e02421d8de01e367b6.jpg,1d88db835d2b43e02421d8de01e367b6
1455,datasets/cat_10k/images/1d8e8ae6a5eecaee53e619c55444cba4.jpg,1d8e8ae6a5eecaee53e619c55444cba4
1456,datasets/cat_10k/images/1d925eeae5c9ec78dcb52f51e04fee2a.jpg,1d925eeae5c9ec78dcb52f51e04fee2a
1457,datasets/cat_10k/images/1d9ac791252ccdca40b92976c0f7822b.jpg,1d9ac791252ccdca40b92976c0f7822b
1458,datasets/cat_10k/images/1d9c90c99543616ea506c17c58f62148.jpg,1d9c90c99543616ea506c17c58f62148
1459,datasets/cat_10k/images/1d9ce4020b068b35b219f1e887873ed2.jpg,1d9ce4020b068b35b219f1e887873ed2
1460,datasets/cat_10k/images/1d9e5f82409251a25bc222eaca4e481b.jpg,1d9e5f82409251a25bc222eaca4e481b
1461,datasets/cat_10k/images/1da74100d5cad3ba4b733f37cc317781.jpg,1da74100d5cad3ba4b733f37cc317781
1462,datasets/cat_10k/images/1da851358ea740f00ef9ec9eff6b1ff4.jpg,1da851358ea740f00ef9ec9eff6b1ff4
1463,datasets/cat_10k/images/1daa1d19b8885a020c3e7821c2197ac8.jpg,1daa1d19b8885a020c3e7821c2197ac8
1464,datasets/cat_10k/images/1daee61d483fe5080ef0950437fc0469.jpg,1daee61d483fe5080ef0950437fc0469
1465,datasets/cat_10k/images/1db8d65677903d7e2333e4842d28d3e6.jpg,1db8d65677903d7e2333e4842d28d3e6
1466,datasets/cat_10k/images/1dbe5ff5184403e543b522c61fbb0186.jpg,1dbe5ff5184403e543b522c61fbb0186
1467,datasets/cat_10k/images/1dc07b7dbce30e652813ecf2dc52f0a8.jpg,1dc07b7dbce30e652813ecf2dc52f0a8
1468,datasets/cat_10k/images/1dc5184a21e13859fa27f7ecde622608.jpg,1dc5184a21e13859fa27f7ecde622608
1469,datasets/cat_10k/images/1dcfa61e853a961d404a1cf2bb88a042.jpg,1dcfa61e853a961d404a1cf2bb88a042
1470,datasets/cat_10k/images/1dd4b2b4a64ae6d2a2dbb62ef32987e8.jpg,1dd4b2b4a64ae6d2a2dbb62ef32987e8
1471,datasets/cat_10k/images/1dd7f8a1d8aa8aec58386b0f6864108d.jpg,1dd7f8a1d8aa8aec58386b0f6864108d
1472,datasets/cat_10k/images/1de09fcd3c3b059dc179e3ff863ef181.jpg,1de09fcd3c3b059dc179e3ff863ef181
1473,datasets/cat_10k/images/1de1d6e31513060e59561cf9b41d73a9.jpg,1de1d6e31513060e59561cf9b41d73a9
1474,datasets/cat_10k/images/1deeac08e9ea06caeeb0e2a2be3e7d45.jpg,1deeac08e9ea06caeeb0e2a2be3e7d45
1475,datasets/cat_10k/images/1df5503315cf0c1ace761252189347aa.jpg,1df5503315cf0c1ace761252189347aa
1476,datasets/cat_10k/images/1e0604c7524c7c266e35047e30436931.jpg,1e0604c7524c7c266e35047e30436931
1477,datasets/cat_10k/images/1e0f1dea59aecdaab3e97225ecf9e05c.jpg,1e0f1dea59aecdaab3e97225ecf9e05c
1478,datasets/cat_10k/images/1e13f02540d613a67034620d4a6a5384.jpg,1e13f02540d613a67034620d4a6a5384
1479,datasets/cat_10k/images/1e223d4d1aadb609c4329255325b1a4c.jpg,1e223d4d1aadb609c4329255325b1a4c
1480,datasets/cat_10k/images/1e26a9f85706631abeb8efd12f136d1e.jpg,1e26a9f85706631abeb8efd12f136d1e
1481,datasets/cat_10k/images/1e2737cd8843448f7fc18ed870bd946a.jpg,1e2737cd8843448f7fc18ed870bd946a
1482,datasets/cat_10k/images/1e28f20da262d08b71e4ea039dc9c9ca.jpg,1e28f20da262d08b71e4ea039dc9c9ca
1483,datasets/cat_10k/images/1e2e62b8c2c56ca8e8e9a79145c67bac.jpg,1e2e62b8c2c56ca8e8e9a79145c67bac
1484,datasets/cat_10k/images/1e393a9232e933c2923dee23989b5733.jpg,1e393a9232e933c2923dee23989b5733
1485,datasets/cat_10k/images/1e3cf1a4858cd63286e7718ce8f21149.jpg,1e3cf1a4858cd63286e7718ce8f21149
1486,datasets/cat_10k/images/1e3de0d0854f4d589813e75ceee91edb.jpg,1e3de0d0854f4d589813e75ceee91edb
1487,datasets/cat_10k/images/1e44dd1c112e4c0eb364f36b4879e387.jpg,1e44dd1c112e4c0eb364f36b4879e387
1488,datasets/cat_10k/images/1e4506ca67ecb079d22103d4128f081f.jpg,1e4506ca67ecb079d22103d4128f081f
1489,datasets/cat_10k/images/1e45d51c37eca18bcf8e2286bfc3871f.jpg,1e45d51c37eca18bcf8e2286bfc3871f
1490,datasets/cat_10k/images/1e46a32db06dc9b9b445b63a733808e1.jpg,1e46a32db06dc9b9b445b63a733808e1
1491,datasets/cat_10k/images/1e5376854de9c5f35f51eb3464959023.jpg,1e5376854de9c5f35f51eb3464959023
1492,datasets/cat_10k/images/1e62d335800761befebcba99af114f30.jpg,1e62d335800761befebcba99af114f30
1493,datasets/cat_10k/images/1e643bf77eab55f64d6e644b9d83c203.jpg,1e643bf77eab55f64d6e644b9d83c203
1494,datasets/cat_10k/images/1e64739a1a6394efa948801f8233aebc.jpg,1e64739a1a6394efa948801f8233aebc
1495,datasets/cat_10k/images/1e65c04af9e475c25b5d63a5b1d0483e.jpg,1e65c04af9e475c25b5d63a5b1d0483e
1496,datasets/cat_10k/images/1e6f1064cc69d88adcb17a4eaee54949.jpg,1e6f1064cc69d88adcb17a4eaee54949
1497,datasets/cat_10k/images/1e6fa30f5012ae5ce27fcf3ce1092679.jpg,1e6fa30f5012ae5ce27fcf3ce1092679
1498,datasets/cat_10k/images/1e85fa20cc023b262b62bc3410b5ee67.jpg,1e85fa20cc023b262b62bc3410b5ee67
1499,datasets/cat_10k/images/1e89d6df01ea1500112fbbd68b0600b0.jpg,1e89d6df01ea1500112fbbd68b0600b0
1500,datasets/cat_10k/images/1e8b2d17664e498c2829b3ff7678dd8e.jpg,1e8b2d17664e498c2829b3ff7678dd8e
1501,datasets/cat_10k/images/1ea4d3fb81e649cbb2c84b124ab4dfe7.jpg,1ea4d3fb81e649cbb2c84b124ab4dfe7
1502,datasets/cat_10k/images/1eaf4586dda09cc5f3af4bcb722da9d0.jpg,1eaf4586dda09cc5f3af4bcb722da9d0
1503,datasets/cat_10k/images/1eb1177093afa390163eec15b0289de1.jpg,1eb1177093afa390163eec15b0289de1
1504,datasets/cat_10k/images/1eb50001072b74c4701c54c6caec806e.jpg,1eb50001072b74c4701c54c6caec806e
1505,datasets/cat_10k/images/1eb9d596eb85e196827054224a45a10d.jpg,1eb9d596eb85e196827054224a45a10d
1506,datasets/cat_10k/images/1ec98a99d7be6b40820f09fc47d58630.jpg,1ec98a99d7be6b40820f09fc47d58630
1507,datasets/cat_10k/images/1ed47b5ae59405956b7254ef192017c4.jpg,1ed47b5ae59405956b7254ef192017c4
1508,datasets/cat_10k/images/1ed6b766c6859bcb9a9a1b790faaf015.jpg,1ed6b766c6859bcb9a9a1b790faaf015
1509,datasets/cat_10k/images/1ed81f1a180528c77d60b26a650f2a5a.jpg,1ed81f1a180528c77d60b26a650f2a5a
1510,datasets/cat_10k/images/1edd4a0d2d9230ac9ae02013593862f1.jpg,1edd4a0d2d9230ac9ae02013593862f1
1511,datasets/cat_10k/images/1ee3ba142a51a6301ce33cadb21dbd1c.jpg,1ee3ba142a51a6301ce33cadb21dbd1c
1512,datasets/cat_10k/images/1ee8ba5448fa8ca2adab83fb0fa09651.jpg,1ee8ba5448fa8ca2adab83fb0fa09651
1513,datasets/cat_10k/images/1ee9a78d4b6d1cb4127376c09e900ce9.jpg,1ee9a78d4b6d1cb4127376c09e900ce9
1514,datasets/cat_10k/images/1ee9bc9e1f14882718abec004c84884f.jpg,1ee9bc9e1f14882718abec004c84884f
1515,datasets/cat_10k/images/1ef1ab55b424c7b98af20fe753992b7c.jpg,1ef1ab55b424c7b98af20fe753992b7c
1516,datasets/cat_10k/images/1ef1e23c5e4952b7e6a2deb57d7b8a0c.jpg,1ef1e23c5e4952b7e6a2deb57d7b8a0c
1517,datasets/cat_10k/images/1ef4482d758031d92ba2c04ad68fa47a.jpg,1ef4482d758031d92ba2c04ad68fa47a
1518,datasets/cat_10k/images/1efc4fa3c80fb891bd545c8e9956d0c5.jpg,1efc4fa3c80fb891bd545c8e9956d0c5
1519,datasets/cat_10k/images/1efc7e384754d15ea12e4b608df99540.jpg,1efc7e384754d15ea12e4b608df99540
1520,datasets/cat_10k/images/1f074da7940955aa5bca1f7aa7d7e821.jpg,1f074da7940955aa5bca1f7aa7d7e821
1521,datasets/cat_10k/images/1f09aa4f0a8f41cc74c7068138f46098.jpg,1f09aa4f0a8f41cc74c7068138f46098
1522,datasets/cat_10k/images/1f09d72e279391f4a0d4b7ebf735616c.jpg,1f09d72e279391f4a0d4b7ebf735616c
1523,datasets/cat_10k/images/1f09f7953886f544680c765a702cdcff.jpg,1f09f7953886f544680c765a702cdcff
1524,datasets/cat_10k/images/1f0bcdfe07e171311fd2c676f7aa22b9.jpg,1f0bcdfe07e171311fd2c676f7aa22b9
1525,datasets/cat_10k/images/1f1c95622cfd1f27199ede1009cecc79.jpg,1f1c95622cfd1f27199ede1009cecc79
1526,datasets/cat_10k/images/1f206592f3c59b712f7f6702f52444d6.jpg,1f206592f3c59b712f7f6702f52444d6
1527,datasets/cat_10k/images/1f238efcb79346df4e5bda246caa8e59.jpg,1f238efcb79346df4e5bda246caa8e59
1528,datasets/cat_10k/images/1f398912804c05b4333ce806c8ed862d.jpg,1f398912804c05b4333ce806c8ed862d
1529,datasets/cat_10k/images/1f3a3332a3d08292c6a419244fa86d9d.jpg,1f3a3332a3d08292c6a419244fa86d9d
1530,datasets/cat_10k/images/1f3ae72c05bf0cbb8442ac12678bec74.jpg,1f3ae72c05bf0cbb8442ac12678bec74
1531,datasets/cat_10k/images/1f3fe43048843f8bf7d280c66010bca6.jpg,1f3fe43048843f8bf7d280c66010bca6
1532,datasets/cat_10k/images/1f4094e9a16a94fc0f447300606233ae.jpg,1f4094e9a16a94fc0f447300606233ae
1533,datasets/cat_10k/images/1f47212ba38c859d4f303a66b879627c.jpg,1f47212ba38c859d4f303a66b879627c
1534,datasets/cat_10k/images/1f4fa402846894865f8fbade6cf3e99f.jpg,1f4fa402846894865f8fbade6cf3e99f
1535,datasets/cat_10k/images/1f55f0d641f36fd13ec1c64f824a015d.jpg,1f55f0d641f36fd13ec1c64f824a015d
1536,datasets/cat_10k/images/1f59e266370b73fe37c941b6bea019ff.jpg,1f59e266370b73fe37c941b6bea019ff
1537,datasets/cat_10k/images/1f631de2a12cf2e39d38bbd781ba6a63.jpg,1f631de2a12cf2e39d38bbd781ba6a63
1538,datasets/cat_10k/images/1f7275dbb26185e71501911d810ebf16.jpg,1f7275dbb26185e71501911d810ebf16
1539,datasets/cat_10k/images/1f776c6a16517d6b8262c7cf5dbf9ff1.jpg,1f776c6a16517d6b8262c7cf5dbf9ff1
1540,datasets/cat_10k/images/1f7dbf86de47ce3b96ffa094ac8f2416.jpg,1f7dbf86de47ce3b96ffa094ac8f2416
1541,datasets/cat_10k/images/1f899b2f8b01b76c50365eba888c6198.jpg,1f899b2f8b01b76c50365eba888c6198
1542,datasets/cat_10k/images/1f8b807be4b88979ea3b7aa3fdd765fc.jpg,1f8b807be4b88979ea3b7aa3fdd765fc
1543,datasets/cat_10k/images/1f8bc560ca2545f9a738b700aa776453.jpg,1f8bc560ca2545f9a738b700aa776453
1544,datasets/cat_10k/images/1f9f2671a8ef56dac8bc8fae63ec0727.jpg,1f9f2671a8ef56dac8bc8fae63ec0727
1545,datasets/cat_10k/images/1fa3b94ad27d86cbcec385e95a70f22a.jpg,1fa3b94ad27d86cbcec385e95a70f22a
1546,datasets/cat_10k/images/1faf7d0b698a6e789560edf3eb942e1e.jpg,1faf7d0b698a6e789560edf3eb942e1e
1547,datasets/cat_10k/images/1fb3348073fff6fe851929c017b9d90d.jpg,1fb3348073fff6fe851929c017b9d90d
1548,datasets/cat_10k/images/1fc0a7648028806d78063fee9552fca9.jpg,1fc0a7648028806d78063fee9552fca9
1549,datasets/cat_10k/images/1fc37d4eebf16cd12ad1705c5742e8d8.jpg,1fc37d4eebf16cd12ad1705c5742e8d8
1550,datasets/cat_10k/images/1fc3b3484f9b0662cfac9f74946f58e6.jpg,1fc3b3484f9b0662cfac9f74946f58e6
1551,datasets/cat_10k/images/1fc57fa9d3b7e25af1aae87d43a098e6.jpg,1fc57fa9d3b7e25af1aae87d43a098e6
1552,datasets/cat_10k/images/1fc6392b64610022c7c490f26a510b74.jpg,1fc6392b64610022c7c490f26a510b74
1553,datasets/cat_10k/images/1fc8550fb711780c6e2c2185628b9de2.jpg,1fc8550fb711780c6e2c2185628b9de2
1554,datasets/cat_10k/images/1fcde07d619c18979707931bfa09e4b5.jpg,1fcde07d619c18979707931bfa09e4b5
1555,datasets/cat_10k/images/1fcf5f407b363da7463e2af250289b23.jpg,1fcf5f407b363da7463e2af250289b23
1556,datasets/cat_10k/images/1fd41f425f15a27cb20d3ac95cf67887.jpg,1fd41f425f15a27cb20d3ac95cf67887
1557,datasets/cat_10k/images/1fe5a85f612e018185852d4a7cbbaea7.jpg,1fe5a85f612e018185852d4a7cbbaea7
1558,datasets/cat_10k/images/1fe74e437de9a201384116dd773e25f2.jpg,1fe74e437de9a201384116dd773e25f2
1559,datasets/cat_10k/images/1febd6fbe547d6ff93c8fb5c909f230c.jpg,1febd6fbe547d6ff93c8fb5c909f230c
1560,datasets/cat_10k/images/1fec4ab6c5937e60bad7e5cd2fc3d55e.jpg,1fec4ab6c5937e60bad7e5cd2fc3d55e
1561,datasets/cat_10k/images/1ff63ba4f7fc819340f7a18e68fa2650.jpg,1ff63ba4f7fc819340f7a18e68fa2650
1562,datasets/cat_10k/images/1ffbb7150729ec5d61111bbbc38373c7.jpg,1ffbb7150729ec5d61111bbbc38373c7
1563,datasets/cat_10k/images/1ffe8d4ec317c9ed1803fc2e4906af8f.jpg,1ffe8d4ec317c9ed1803fc2e4906af8f
1564,datasets/cat_10k/images/200380234f5ee7da594f36bdb67f431f.jpg,200380234f5ee7da594f36bdb67f431f
1565,datasets/cat_10k/images/200b6d2fe7fd91c13fdbd3d8287583df.jpg,200b6d2fe7fd91c13fdbd3d8287583df
1566,datasets/cat_10k/images/20131669616c7d0681d3bc7cac7f1379.jpg,20131669616c7d0681d3bc7cac7f1379
1567,datasets/cat_10k/images/201874e734cd39aa0698f607b41dd2dc.jpg,201874e734cd39aa0698f607b41dd2dc
1568,datasets/cat_10k/images/2019f008097a1ecec2533133f7bee46b.jpg,2019f008097a1ecec2533133f7bee46b
1569,datasets/cat_10k/images/2029327d35ccd12bd79116995539e501.jpg,2029327d35ccd12bd79116995539e501
1570,datasets/cat_10k/images/2034efcd27294aeb270b80d6e7ae7c4b.jpg,2034efcd27294aeb270b80d6e7ae7c4b
1571,datasets/cat_10k/images/2035e62419c9efccd9540ef6a118d5c3.jpg,2035e62419c9efccd9540ef6a118d5c3
1572,datasets/cat_10k/images/203b6f588acc68d773dbe049b6b42bc7.jpg,203b6f588acc68d773dbe049b6b42bc7
1573,datasets/cat_10k/images/20442132f31ee62a4f19835444ece835.jpg,20442132f31ee62a4f19835444ece835
1574,datasets/cat_10k/images/204cee99806042bd19df0da7c4e88c7c.jpg,204cee99806042bd19df0da7c4e88c7c
1575,datasets/cat_10k/images/204cf56704d7ac9fcff6cbc43f34a526.jpg,204cf56704d7ac9fcff6cbc43f34a526
1576,datasets/cat_10k/images/20562d6c43ed09a5bac0963b2fe7e695.jpg,20562d6c43ed09a5bac0963b2fe7e695
1577,datasets/cat_10k/images/205be000f88519feaa7c593c22355f67.jpg,205be000f88519feaa7c593c22355f67
1578,datasets/cat_10k/images/2066355ca1da99e4d04d671af665093c.jpg,2066355ca1da99e4d04d671af665093c
1579,datasets/cat_10k/images/2067c385693de09ad7f86c3e07a87c9b.jpg,2067c385693de09ad7f86c3e07a87c9b
1580,datasets/cat_10k/images/206899f378deb68026f86a5f8a4b9657.jpg,206899f378deb68026f86a5f8a4b9657
1581,datasets/cat_10k/images/20720da649a59be8fed327ac07b6c808.jpg,20720da649a59be8fed327ac07b6c808
1582,datasets/cat_10k/images/2075c364c2f737c12ca10f7c316382e9.jpg,2075c364c2f737c12ca10f7c316382e9
1583,datasets/cat_10k/images/2077602de6e76a240d0aa26add892ed4.jpg,2077602de6e76a240d0aa26add892ed4
1584,datasets/cat_10k/images/207d98a4b4ff14f860f69790e5fb4d04.jpg,207d98a4b4ff14f860f69790e5fb4d04
1585,datasets/cat_10k/images/207ec7190c3e53d187f4cc3741f172c1.jpg,207ec7190c3e53d187f4cc3741f172c1
1586,datasets/cat_10k/images/2081aedb7e080cec526d259cceda81cb.jpg,2081aedb7e080cec526d259cceda81cb
1587,datasets/cat_10k/images/20891bfb9be10e3cc7fbedda1cd1aa98.jpg,20891bfb9be10e3cc7fbedda1cd1aa98
1588,datasets/cat_10k/images/20906c485ace8fb33b435b741988a0dd.jpg,20906c485ace8fb33b435b741988a0dd
1589,datasets/cat_10k/images/2090e468269968f4f381dc41ea733a4f.jpg,2090e468269968f4f381dc41ea733a4f
1590,datasets/cat_10k/images/209594a95ed47b24dfd65d72fa9b1958.jpg,209594a95ed47b24dfd65d72fa9b1958
1591,datasets/cat_10k/images/2097b93bfce65e28b54d56ed7262a17f.jpg,2097b93bfce65e28b54d56ed7262a17f
1592,datasets/cat_10k/images/2099f862273c7ac7a985354610528462.jpg,2099f862273c7ac7a985354610528462
1593,datasets/cat_10k/images/20a70205cd45bc5fd9097af8147bc02c.jpg,20a70205cd45bc5fd9097af8147bc02c
1594,datasets/cat_10k/images/20a904ab05becf3d5c74dd604eee5492.jpg,20a904ab05becf3d5c74dd604eee5492
1595,datasets/cat_10k/images/20af0d5ecc0cf863e898eaafb0550d9f.jpg,20af0d5ecc0cf863e898eaafb0550d9f
1596,datasets/cat_10k/images/20b35ff7e48f09311e9b4e2ebc3ebeb0.jpg,20b35ff7e48f09311e9b4e2ebc3ebeb0
1597,datasets/cat_10k/images/20b414ee69a38c0d285ceb3de75ed5e7.jpg,20b414ee69a38c0d285ceb3de75ed5e7
1598,datasets/cat_10k/images/20b5bfc3885b37d5d685cced8a5f9530.jpg,20b5bfc3885b37d5d685cced8a5f9530
1599,datasets/cat_10k/images/20bf856bc131a6f8934c3febf56e5f18.jpg,20bf856bc131a6f8934c3febf56e5f18
1600,datasets/cat_10k/images/20c7847d19f0adbbab50a0387e73b481.jpg,20c7847d19f0adbbab50a0387e73b481
1601,datasets/cat_10k/images/20ca1755b9b57a385b7eacc25a31213c.jpg,20ca1755b9b57a385b7eacc25a31213c
1602,datasets/cat_10k/images/20cf30855ed663663e7586fedf8a2d73.jpg,20cf30855ed663663e7586fedf8a2d73
1603,datasets/cat_10k/images/20d75e9f84dd14f72cf19ec517b7b55f.jpg,20d75e9f84dd14f72cf19ec517b7b55f
1604,datasets/cat_10k/images/20e6d94b3be86da62f465b325e3a3f08.jpg,20e6d94b3be86da62f465b325e3a3f08
1605,datasets/cat_10k/images/20e87b56e4127fa28e3637843c6c6d2b.jpg,20e87b56e4127fa28e3637843c6c6d2b
1606,datasets/cat_10k/images/20e9624f014e5e1456aaef43a6188ca4.jpg,20e9624f014e5e1456aaef43a6188ca4
1607,datasets/cat_10k/images/20eb89c0803aaebe63ad3aa89c862bdb.jpg,20eb89c0803aaebe63ad3aa89c862bdb
1608,datasets/cat_10k/images/20f0da8caca6c35c963ea114ae81e87b.jpg,20f0da8caca6c35c963ea114ae81e87b
1609,datasets/cat_10k/images/20f63ef3b1de3c4fb9da8720bb1f6255.jpg,20f63ef3b1de3c4fb9da8720bb1f6255
1610,datasets/cat_10k/images/20f973e110c051de72d7e72c7ff18c8e.jpg,20f973e110c051de72d7e72c7ff18c8e
1611,datasets/cat_10k/images/21153e956c206def1f5819cb8dc70882.jpg,21153e956c206def1f5819cb8dc70882
1612,datasets/cat_10k/images/2115fc32f3ac92e0fbbfda9024474b28.jpg,2115fc32f3ac92e0fbbfda9024474b28
1613,datasets/cat_10k/images/21184490eb56c33ea10f75f52743c6aa.jpg,21184490eb56c33ea10f75f52743c6aa
1614,datasets/cat_10k/images/211ae1ceb084a6a446bf2461544a3495.jpg,211ae1ceb084a6a446bf2461544a3495
1615,datasets/cat_10k/images/21213f8ebae9570231d4bb9eab668939.jpg,21213f8ebae9570231d4bb9eab668939
1616,datasets/cat_10k/images/212180559ffcccc72f25fe8ac8c13578.jpg,212180559ffcccc72f25fe8ac8c13578
1617,datasets/cat_10k/images/2123e1b62fc70fac4a8b180495abf61b.jpg,2123e1b62fc70fac4a8b180495abf61b
1618,datasets/cat_10k/images/2128726ab3314ef517efc11a76394d7f.jpg,2128726ab3314ef517efc11a76394d7f
1619,datasets/cat_10k/images/212f7db2932d932b17830f79917523ab.jpg,212f7db2932d932b17830f79917523ab
1620,datasets/cat_10k/images/2130a06957b780be805084cd85136a82.jpg,2130a06957b780be805084cd85136a82
1621,datasets/cat_10k/images/21339bd7207ca4cff3c55925495e3c63.jpg,21339bd7207ca4cff3c55925495e3c63
1622,datasets/cat_10k/images/213b1cc805bb6c839d224c4d9a90746b.jpg,213b1cc805bb6c839d224c4d9a90746b
1623,datasets/cat_10k/images/213d1cf20bc1383e7812a22d5c9d3c95.jpg,213d1cf20bc1383e7812a22d5c9d3c95
1624,datasets/cat_10k/images/214278ee4f63b8f4f8c6f894a220221d.jpg,214278ee4f63b8f4f8c6f894a220221d
1625,datasets/cat_10k/images/214b6a8ec076801ac85d22e32ab7b221.jpg,214b6a8ec076801ac85d22e32ab7b221
1626,datasets/cat_10k/images/215236c180f940a052d7109ac9e553d3.jpg,215236c180f940a052d7109ac9e553d3
1627,datasets/cat_10k/images/215c523305e424d8c9601bf9e6fe21b7.jpg,215c523305e424d8c9601bf9e6fe21b7
1628,datasets/cat_10k/images/215c69516669b8fdd65024b87226f036.jpg,215c69516669b8fdd65024b87226f036
1629,datasets/cat_10k/images/215d226142132db1dceae3980b5bd649.jpg,215d226142132db1dceae3980b5bd649
1630,datasets/cat_10k/images/215ff3037c9b61ac1203b1d85605cd1d.jpg,215ff3037c9b61ac1203b1d85605cd1d
1631,datasets/cat_10k/images/21666aedd28bbd04cc01569cc3bdfa57.jpg,21666aedd28bbd04cc01569cc3bdfa57
1632,datasets/cat_10k/images/217385f3138a4caea38793ac5225b45a.jpg,217385f3138a4caea38793ac5225b45a
1633,datasets/cat_10k/images/2187385a823ceb0b1dd694cdcbf9fc11.jpg,2187385a823ceb0b1dd694cdcbf9fc11
1634,datasets/cat_10k/images/218c3348f4e65f59aa1d6e80e6406f23.jpg,218c3348f4e65f59aa1d6e80e6406f23
1635,datasets/cat_10k/images/218ee52cead68b056ce39aca390226b9.jpg,218ee52cead68b056ce39aca390226b9
1636,datasets/cat_10k/images/2193401f60441f7697d4301527d6d650.jpg,2193401f60441f7697d4301527d6d650
1637,datasets/cat_10k/images/219ee478722cbe1f83c5424431889210.jpg,219ee478722cbe1f83c5424431889210
1638,datasets/cat_10k/images/21a6cdff5fcf787a41b7e11d06091193.jpg,21a6cdff5fcf787a41b7e11d06091193
1639,datasets/cat_10k/images/21a9154746b2e39aae24416aea41d635.jpg,21a9154746b2e39aae24416aea41d635
1640,datasets/cat_10k/images/21acfed0383abda7d0e458e807d6f1e8.jpg,21acfed0383abda7d0e458e807d6f1e8
1641,datasets/cat_10k/images/21b02f9af98377aae19ca6d19d3c5710.jpg,21b02f9af98377aae19ca6d19d3c5710
1642,datasets/cat_10k/images/21b4961b7bd4165eec05f94b241eb779.jpg,21b4961b7bd4165eec05f94b241eb779
1643,datasets/cat_10k/images/21c279453068ee5373cbab54361485ef.jpg,21c279453068ee5373cbab54361485ef
1644,datasets/cat_10k/images/21cc2547434fea90e8404df6a6b44700.jpg,21cc2547434fea90e8404df6a6b44700
1645,datasets/cat_10k/images/21dd38d76dc9eafa440967f6737b1271.jpg,21dd38d76dc9eafa440967f6737b1271
1646,datasets/cat_10k/images/21f297cca0284b86c9b95383042e9bf8.jpg,21f297cca0284b86c9b95383042e9bf8
1647,datasets/cat_10k/images/21f59ba9399ec6c9603d7a4d3c7b2a63.jpg,21f59ba9399ec6c9603d7a4d3c7b2a63
1648,datasets/cat_10k/images/21f96c9bd308b8c06624935fab402a5a.jpg,21f96c9bd308b8c06624935fab402a5a
1649,datasets/cat_10k/images/21fea6ad974693a47c3179b150ba797e.jpg,21fea6ad974693a47c3179b150ba797e
1650,datasets/cat_10k/images/220059517227456632e71f773f28e64d.jpg,220059517227456632e71f773f28e64d
1651,datasets/cat_10k/images/22079f7eba22fb0020d4fa4d1f62d595.jpg,22079f7eba22fb0020d4fa4d1f62d595
1652,datasets/cat_10k/images/221021a67b17afde1dfc894d31ca9af9.jpg,221021a67b17afde1dfc894d31ca9af9
1653,datasets/cat_10k/images/221150d4eb94d3d1e508a40e1c51b77a.jpg,221150d4eb94d3d1e508a40e1c51b77a
1654,datasets/cat_10k/images/22149ca808b4ff9d196fedda2cfa13c9.jpg,22149ca808b4ff9d196fedda2cfa13c9
1655,datasets/cat_10k/images/22188d34e168e31f070488c66aca82be.jpg,22188d34e168e31f070488c66aca82be
1656,datasets/cat_10k/images/2218c19e1030e37c90dfeb5cba5fb190.jpg,2218c19e1030e37c90dfeb5cba5fb190
1657,datasets/cat_10k/images/221aa82eee78b18841acf1b24d6e0bcf.jpg,221aa82eee78b18841acf1b24d6e0bcf
1658,datasets/cat_10k/images/221b6abfd396ef5e26427bc9ef9526f4.jpg,221b6abfd396ef5e26427bc9ef9526f4
1659,datasets/cat_10k/images/221c12fb41ba6625926acc10820b9465.jpg,221c12fb41ba6625926acc10820b9465
1660,datasets/cat_10k/images/2220ce0377d52d2e268ded4f30871345.jpg,2220ce0377d52d2e268ded4f30871345
1661,datasets/cat_10k/images/2225db5b18393f5ced4ed71cf12551b6.jpg,2225db5b18393f5ced4ed71cf12551b6
1662,datasets/cat_10k/images/22295576b096139c7bb11ce084ee5d75.jpg,22295576b096139c7bb11ce084ee5d75
1663,datasets/cat_10k/images/223119fac3a5ee8551078fa791760b02.jpg,223119fac3a5ee8551078fa791760b02
1664,datasets/cat_10k/images/22333935e2198a49e0d46cd845e556db.jpg,22333935e2198a49e0d46cd845e556db
1665,datasets/cat_10k/images/22360f0cbf541790bb5557e84a9e0e94.jpg,22360f0cbf541790bb5557e84a9e0e94
1666,datasets/cat_10k/images/223628716bd872a84e9785f4879cbda9.jpg,223628716bd872a84e9785f4879cbda9
1667,datasets/cat_10k/images/223c7c3845ec7360f078e4fe3cc29609.jpg,223c7c3845ec7360f078e4fe3cc29609
1668,datasets/cat_10k/images/223edde9b9235725b12e5319ad0e7722.jpg,223edde9b9235725b12e5319ad0e7722
1669,datasets/cat_10k/images/2246e552a44db204f2280ae0b68a496f.jpg,2246e552a44db204f2280ae0b68a496f
1670,datasets/cat_10k/images/2247217ea917a6277b826ae68e7eb48c.jpg,2247217ea917a6277b826ae68e7eb48c
1671,datasets/cat_10k/images/2247c0d74eafa38aaf87b28374ac1539.jpg,2247c0d74eafa38aaf87b28374ac1539
1672,datasets/cat_10k/images/2248f777a5fe32c4ce39dd26ea60b066.jpg,2248f777a5fe32c4ce39dd26ea60b066
1673,datasets/cat_10k/images/224e983653bc004c872dbdc7b3cf0081.jpg,224e983653bc004c872dbdc7b3cf0081
1674,datasets/cat_10k/images/22516146aa0153f495be61a8e5646f15.jpg,22516146aa0153f495be61a8e5646f15
1675,datasets/cat_10k/images/22543c58c25f968931257daa296c965b.jpg,22543c58c25f968931257daa296c965b
1676,datasets/cat_10k/images/225459b5a969654613c8939652a6e281.jpg,225459b5a969654613c8939652a6e281
1677,datasets/cat_10k/images/2258d00ba0885818bfaf50dd969c4935.jpg,2258d00ba0885818bfaf50dd969c4935
1678,datasets/cat_10k/images/225a14310f2d5e07f6c9bbc657324fc6.jpg,225a14310f2d5e07f6c9bbc657324fc6
1679,datasets/cat_10k/images/225a2e5ea08d8ec0175e99eacb7e1b8f.jpg,225a2e5ea08d8ec0175e99eacb7e1b8f
1680,datasets/cat_10k/images/225ec0123ee837976f0cc023ed8bbd4c.jpg,225ec0123ee837976f0cc023ed8bbd4c
1681,datasets/cat_10k/images/22606d3047c0629e1fa8fff0f26c6d4e.jpg,22606d3047c0629e1fa8fff0f26c6d4e
1682,datasets/cat_10k/images/226fe2449ec79141a03ae53d7f3e8c29.jpg,226fe2449ec79141a03ae53d7f3e8c29
1683,datasets/cat_10k/images/22743d1393a8d242116f840983bc8ea7.jpg,22743d1393a8d242116f840983bc8ea7
1684,datasets/cat_10k/images/22749a27ad716ec4ea4df1ce7d39dfcf.jpg,22749a27ad716ec4ea4df1ce7d39dfcf
1685,datasets/cat_10k/images/2278f240f1ebf94b66b55ce45773bfcf.jpg,2278f240f1ebf94b66b55ce45773bfcf
1686,datasets/cat_10k/images/227c5a501a5af0ecec8185727bf36376.jpg,227c5a501a5af0ecec8185727bf36376
1687,datasets/cat_10k/images/228011871020051666d41d0571c81f7f.jpg,228011871020051666d41d0571c81f7f
1688,datasets/cat_10k/images/2286158aed3c8cabc5ef5b75706c3c3b.jpg,2286158aed3c8cabc5ef5b75706c3c3b
1689,datasets/cat_10k/images/22861ffdb134985406060dd0eaad9a58.jpg,22861ffdb134985406060dd0eaad9a58
1690,datasets/cat_10k/images/228f5f5f53b27086d917c3c9fcdb228f.jpg,228f5f5f53b27086d917c3c9fcdb228f
1691,datasets/cat_10k/images/2299758f7d65d6b15c16190b0eab45ab.jpg,2299758f7d65d6b15c16190b0eab45ab
1692,datasets/cat_10k/images/229af838f47cac0b2ce9d95c361c2187.jpg,229af838f47cac0b2ce9d95c361c2187
1693,datasets/cat_10k/images/229c6c8461017f93fc3ef82c413fd7e8.jpg,229c6c8461017f93fc3ef82c413fd7e8
1694,datasets/cat_10k/images/229f7229342a42abf35316577ff69845.jpg,229f7229342a42abf35316577ff69845
1695,datasets/cat_10k/images/22a658a8d7c3c2c2cbe36b5d041f7daa.jpg,22a658a8d7c3c2c2cbe36b5d041f7daa
1696,datasets/cat_10k/images/22aa68c64f1046b23d320ab95c7315cd.jpg,22aa68c64f1046b23d320ab95c7315cd
1697,datasets/cat_10k/images/22b30a1973729037fa8428acd078c98b.jpg,22b30a1973729037fa8428acd078c98b
1698,datasets/cat_10k/images/22b5e3e3e4d2c97af8aba5c20b2cf058.jpg,22b5e3e3e4d2c97af8aba5c20b2cf058
1699,datasets/cat_10k/images/22d1f67e05428044171e6eb3c92337d3.jpg,22d1f67e05428044171e6eb3c92337d3
1700,datasets/cat_10k/images/22d61cb28ba682f6dad054bb0c1cf3ec.jpg,22d61cb28ba682f6dad054bb0c1cf3ec
1701,datasets/cat_10k/images/22e060d8cba0b3b236fbd65aa634348d.jpg,22e060d8cba0b3b236fbd65aa634348d
1702,datasets/cat_10k/images/22e269c13b47616eaab994d766cbd749.jpg,22e269c13b47616eaab994d766cbd749
1703,datasets/cat_10k/images/22e5a233263fe8820ad346cb95194965.jpg,22e5a233263fe8820ad346cb95194965
1704,datasets/cat_10k/images/22e846d17848eb2a39444eacf523274d.jpg,22e846d17848eb2a39444eacf523274d
1705,datasets/cat_10k/images/22e97a7c1be56bd82941bd86303ed8fc.jpg,22e97a7c1be56bd82941bd86303ed8fc
1706,datasets/cat_10k/images/22f02fcf7b72b82bf38c8d605ebeec53.jpg,22f02fcf7b72b82bf38c8d605ebeec53
1707,datasets/cat_10k/images/22f1ad200834b23385b22b02ccd41f26.jpg,22f1ad200834b23385b22b02ccd41f26
1708,datasets/cat_10k/images/22f2c5dfdf8eafa16f89e4610e157363.jpg,22f2c5dfdf8eafa16f89e4610e157363
1709,datasets/cat_10k/images/22f2ea03c1395f5d9043d1bc59f6622a.jpg,22f2ea03c1395f5d9043d1bc59f6622a
1710,datasets/cat_10k/images/22f3690ab87e4ecfd8c192e90fa6c226.jpg,22f3690ab87e4ecfd8c192e90fa6c226
1711,datasets/cat_10k/images/22fbf3d885b78bc8ad6edf4c27a7e724.jpg,22fbf3d885b78bc8ad6edf4c27a7e724
1712,datasets/cat_10k/images/22fc7cb8829374520bb9529f480e6e34.jpg,22fc7cb8829374520bb9529f480e6e34
1713,datasets/cat_10k/images/22ff43443547605d3abad7f9fa4f20e3.jpg,22ff43443547605d3abad7f9fa4f20e3
1714,datasets/cat_10k/images/23003e51d87ba971454f3bd3f31bba0d.jpg,23003e51d87ba971454f3bd3f31bba0d
1715,datasets/cat_10k/images/2305a56c92b6187a1dd619bb9303a859.jpg,2305a56c92b6187a1dd619bb9303a859
1716,datasets/cat_10k/images/230b3cedbcf87e48f31273cbb43b7c90.jpg,230b3cedbcf87e48f31273cbb43b7c90
1717,datasets/cat_10k/images/23112ed7d644e429f25026229a4880dd.jpg,23112ed7d644e429f25026229a4880dd
1718,datasets/cat_10k/images/23115cbb157f9de532b5d7a0e2308415.jpg,23115cbb157f9de532b5d7a0e2308415
1719,datasets/cat_10k/images/2311a2653159b60d1cdb497d37f652d1.jpg,2311a2653159b60d1cdb497d37f652d1
1720,datasets/cat_10k/images/23155e96b194d96aa83775239bf463fb.jpg,23155e96b194d96aa83775239bf463fb
1721,datasets/cat_10k/images/23172c8c8c1137ff8c9aff07bffd6a05.jpg,23172c8c8c1137ff8c9aff07bffd6a05
1722,datasets/cat_10k/images/23245ed8e8b1aa995bc62264f768c8f3.jpg,23245ed8e8b1aa995bc62264f768c8f3
1723,datasets/cat_10k/images/232ae8c03bc01d69a957d0dbce7a2e4a.jpg,232ae8c03bc01d69a957d0dbce7a2e4a
1724,datasets/cat_10k/images/232f26759208f5555cb58392c4e2bb87.jpg,232f26759208f5555cb58392c4e2bb87
1725,datasets/cat_10k/images/2335892921a08821306fdf20eb3613d3.jpg,2335892921a08821306fdf20eb3613d3
1726,datasets/cat_10k/images/2336e087eea1e985b08f6be1065b9c0d.jpg,2336e087eea1e985b08f6be1065b9c0d
1727,datasets/cat_10k/images/23373a16c95a2069cb0142f8fafb205f.jpg,23373a16c95a2069cb0142f8fafb205f
1728,datasets/cat_10k/images/2338ef2cf06ef7a491e060a759fe2520.jpg,2338ef2cf06ef7a491e060a759fe2520
1729,datasets/cat_10k/images/233d84069ff3ffef96603828cd228a3b.jpg,233d84069ff3ffef96603828cd228a3b
1730,datasets/cat_10k/images/23450fafd266b314625dcc08b8fda857.jpg,23450fafd266b314625dcc08b8fda857
1731,datasets/cat_10k/images/234b66d7921c87c86df62c9bfdda6c53.jpg,234b66d7921c87c86df62c9bfdda6c53
1732,datasets/cat_10k/images/2360868738c7dc87ab6827ce9bc9ece1.jpg,2360868738c7dc87ab6827ce9bc9ece1
1733,datasets/cat_10k/images/236b00ab1fc5340b86104112bcf99f0b.jpg,236b00ab1fc5340b86104112bcf99f0b
1734,datasets/cat_10k/images/236cfb78392ee3e29cd01e116819302b.jpg,236cfb78392ee3e29cd01e116819302b
1735,datasets/cat_10k/images/2380f53278ec0c94cb72089c7a76b616.jpg,2380f53278ec0c94cb72089c7a76b616
1736,datasets/cat_10k/images/23887651c698937020d9352fe8535421.jpg,23887651c698937020d9352fe8535421
1737,datasets/cat_10k/images/2393fba08a56dc50770f2e00743b4853.jpg,2393fba08a56dc50770f2e00743b4853
1738,datasets/cat_10k/images/2395dcaa42304b7ad11408651a8da450.jpg,2395dcaa42304b7ad11408651a8da450
1739,datasets/cat_10k/images/239708030e2a661f662f24fa8fc6f93d.jpg,239708030e2a661f662f24fa8fc6f93d
1740,datasets/cat_10k/images/23a0b2ed0ca617254dd3e5577c5aaa8b.jpg,23a0b2ed0ca617254dd3e5577c5aaa8b
1741,datasets/cat_10k/images/23a512d61e0591250ccdee0a16265b14.jpg,23a512d61e0591250ccdee0a16265b14
1742,datasets/cat_10k/images/23a686cce59c45051856573698cdfb7a.jpg,23a686cce59c45051856573698cdfb7a
1743,datasets/cat_10k/images/23a8b4b82524b0940c73a1413f893331.jpg,23a8b4b82524b0940c73a1413f893331
1744,datasets/cat_10k/images/23ab4501b9ad352855c6cf0644c81989.jpg,23ab4501b9ad352855c6cf0644c81989
1745,datasets/cat_10k/images/23beb9552eda0143a6562950564831b1.jpg,23beb9552eda0143a6562950564831b1
1746,datasets/cat_10k/images/23c06ed7e91cd61e697a04287b182838.jpg,23c06ed7e91cd61e697a04287b182838
1747,datasets/cat_10k/images/23c1ee56b7fda0374f5717d1f5612de0.jpg,23c1ee56b7fda0374f5717d1f5612de0
1748,datasets/cat_10k/images/23d2348047dce54917580a081b68c0a3.jpg,23d2348047dce54917580a081b68c0a3
1749,datasets/cat_10k/images/23d51978ffa89d21dd5c2f9f44c85070.jpg,23d51978ffa89d21dd5c2f9f44c85070
1750,datasets/cat_10k/images/23d5cbb892032815bc9f1e0ec58507ca.jpg,23d5cbb892032815bc9f1e0ec58507ca
1751,datasets/cat_10k/images/23db2af95f30610a7b8412924fbe15e6.jpg,23db2af95f30610a7b8412924fbe15e6
1752,datasets/cat_10k/images/23dd664a2386fc2dd0a8077cd2469c7e.jpg,23dd664a2386fc2dd0a8077cd2469c7e
1753,datasets/cat_10k/images/23e43c7f164aa07234278feec495b5c2.jpg,23e43c7f164aa07234278feec495b5c2
1754,datasets/cat_10k/images/23e89888320b2977d6eaad4c06745294.jpg,23e89888320b2977d6eaad4c06745294
1755,datasets/cat_10k/images/23ea353fdc9993dcb8e6bd7691a7b877.jpg,23ea353fdc9993dcb8e6bd7691a7b877
1756,datasets/cat_10k/images/23eb982204a929b629cf9bd05cf7b31a.jpg,23eb982204a929b629cf9bd05cf7b31a
1757,datasets/cat_10k/images/23f7729345f6100d181d221af96c8af0.jpg,23f7729345f6100d181d221af96c8af0
1758,datasets/cat_10k/images/2401c5ae8b3f72996406a10388d9409f.jpg,2401c5ae8b3f72996406a10388d9409f
1759,datasets/cat_10k/images/2402cc7e2b10411e82b08da8a9f73a55.jpg,2402cc7e2b10411e82b08da8a9f73a55
1760,datasets/cat_10k/images/24063a30e787f05466ba4b7115c57d60.jpg,24063a30e787f05466ba4b7115c57d60
1761,datasets/cat_10k/images/2409503173d343d441a3f4ad7fd8b4aa.jpg,2409503173d343d441a3f4ad7fd8b4aa
1762,datasets/cat_10k/images/241068ce392ca480ec4992a5b81adc97.jpg,241068ce392ca480ec4992a5b81adc97
1763,datasets/cat_10k/images/24108a7a2f82165113390caf42ed9325.jpg,24108a7a2f82165113390caf42ed9325
1764,datasets/cat_10k/images/24179a3e4dbf56a03e5dbd65dc4758bb.jpg,24179a3e4dbf56a03e5dbd65dc4758bb
1765,datasets/cat_10k/images/24208311be694c6f010d1a74d65f74d6.jpg,24208311be694c6f010d1a74d65f74d6
1766,datasets/cat_10k/images/2423e3bcac6b7ad9e20dbbb1364af96a.jpg,2423e3bcac6b7ad9e20dbbb1364af96a
1767,datasets/cat_10k/images/242583004d88074cec3b066a8de5180c.jpg,242583004d88074cec3b066a8de5180c
1768,datasets/cat_10k/images/242768648578e9175f97ee9deb4878b5.jpg,242768648578e9175f97ee9deb4878b5
1769,datasets/cat_10k/images/2428172a856a4c01f7a77e375693b6f8.jpg,2428172a856a4c01f7a77e375693b6f8
1770,datasets/cat_10k/images/242b965d6af66113e2e95a8f2b2d6451.jpg,242b965d6af66113e2e95a8f2b2d6451
1771,datasets/cat_10k/images/2430c2c99ad318911157f568e9d0dda3.jpg,2430c2c99ad318911157f568e9d0dda3
1772,datasets/cat_10k/images/24359ddf71c563f77126505da9c62d2c.jpg,24359ddf71c563f77126505da9c62d2c
1773,datasets/cat_10k/images/2437c4416ee9c217c378c24c5fd7f25d.jpg,2437c4416ee9c217c378c24c5fd7f25d
1774,datasets/cat_10k/images/24421280f4ba91b0b7da01230b1d555b.jpg,24421280f4ba91b0b7da01230b1d555b
1775,datasets/cat_10k/images/24466d82a06285d3eadd86044046de2a.jpg,24466d82a06285d3eadd86044046de2a
1776,datasets/cat_10k/images/24489feb1e82c2813682e539c719f0aa.jpg,24489feb1e82c2813682e539c719f0aa
1777,datasets/cat_10k/images/24545d28ad1dbadd1de30ff0a942c5d5.jpg,24545d28ad1dbadd1de30ff0a942c5d5
1778,datasets/cat_10k/images/245b7a50dd25338b0f3e93c31708f6b7.jpg,245b7a50dd25338b0f3e93c31708f6b7
1779,datasets/cat_10k/images/245d44829ab03e9459f671d77d0f2fbc.jpg,245d44829ab03e9459f671d77d0f2fbc
1780,datasets/cat_10k/images/245fa8ceaa84695ef108db85f324a9c4.jpg,245fa8ceaa84695ef108db85f324a9c4
1781,datasets/cat_10k/images/2460e3e864012e4fb44ea707189cb4c1.jpg,2460e3e864012e4fb44ea707189cb4c1
1782,datasets/cat_10k/images/2464a3d4249a4e89916b40de0568f762.jpg,2464a3d4249a4e89916b40de0568f762
1783,datasets/cat_10k/images/2466f71bef7376ddf73a6677b6f669a6.jpg,2466f71bef7376ddf73a6677b6f669a6
1784,datasets/cat_10k/images/2473c7871224e7c1d2013c5aceb3fee8.jpg,2473c7871224e7c1d2013c5aceb3fee8
1785,datasets/cat_10k/images/2478e48e5f5172101efbb46136cbb402.jpg,2478e48e5f5172101efbb46136cbb402
1786,datasets/cat_10k/images/24795b9a7938def391e6014669b76a42.jpg,24795b9a7938def391e6014669b76a42
1787,datasets/cat_10k/images/247a5525c4402e0e6fa3155a4d012c50.jpg,247a5525c4402e0e6fa3155a4d012c50
1788,datasets/cat_10k/images/247b134470ef3ea1b0d466631c986604.jpg,247b134470ef3ea1b0d466631c986604
1789,datasets/cat_10k/images/247ded3df92b0fa01571922b183769ae.jpg,247ded3df92b0fa01571922b183769ae
1790,datasets/cat_10k/images/247e37cce072abb9c58841ef533eadb9.jpg,247e37cce072abb9c58841ef533eadb9
1791,datasets/cat_10k/images/2486c81a7539649900177ce84cf9da0b.jpg,2486c81a7539649900177ce84cf9da0b
1792,datasets/cat_10k/images/248e578555916a0082c3e4c7dc8efb0e.jpg,248e578555916a0082c3e4c7dc8efb0e
1793,datasets/cat_10k/images/24929861edea68911d5725192967fc01.jpg,24929861edea68911d5725192967fc01
1794,datasets/cat_10k/images/2494c3c8c06aa92026384c579831500f.jpg,2494c3c8c06aa92026384c579831500f
1795,datasets/cat_10k/images/2496c57be4f205d36a7dce2c79512441.jpg,2496c57be4f205d36a7dce2c79512441
1796,datasets/cat_10k/images/2499c22427be9fbad72e20524eb6f69d.jpg,2499c22427be9fbad72e20524eb6f69d
1797,datasets/cat_10k/images/249bcbc131de833b6cc319b9e9bf4ab7.jpg,249bcbc131de833b6cc319b9e9bf4ab7
1798,datasets/cat_10k/images/249d246c035789b31d602f0f82c31ca6.jpg,249d246c035789b31d602f0f82c31ca6
1799,datasets/cat_10k/images/249f37f1254089d6fdd591571a14d387.jpg,249f37f1254089d6fdd591571a14d387
1800,datasets/cat_10k/images/24a0665fce7bbc643577c091566ce9ae.jpg,24a0665fce7bbc643577c091566ce9ae
1801,datasets/cat_10k/images/24a1a4796c3b95afb4b8bb6db956dd1d.jpg,24a1a4796c3b95afb4b8bb6db956dd1d
1802,datasets/cat_10k/images/24adce1a3058055952718cf14611a02a.jpg,24adce1a3058055952718cf14611a02a
1803,datasets/cat_10k/images/24ae5c9fcc55228c2811792d86932ecd.jpg,24ae5c9fcc55228c2811792d86932ecd
1804,datasets/cat_10k/images/24aebc5c9c5df79d94e9c050f045ce6e.jpg,24aebc5c9c5df79d94e9c050f045ce6e
1805,datasets/cat_10k/images/24af99d1dd9e3d5be8e0c32509c40c2b.jpg,24af99d1dd9e3d5be8e0c32509c40c2b
1806,datasets/cat_10k/images/24b340c9211d06bc2fcfd361b8e0f0c1.jpg,24b340c9211d06bc2fcfd361b8e0f0c1
1807,datasets/cat_10k/images/24b3edb4aa74a920ca1acec84a19d17f.jpg,24b3edb4aa74a920ca1acec84a19d17f
1808,datasets/cat_10k/images/24b6ba54103e9546ddc9842f5eccccc5.jpg,24b6ba54103e9546ddc9842f5eccccc5
1809,datasets/cat_10k/images/24b711ef0c354212d5b333954f930158.jpg,24b711ef0c354212d5b333954f930158
1810,datasets/cat_10k/images/24bb902fa88d01ec22a815cfbb41b8ac.jpg,24bb902fa88d01ec22a815cfbb41b8ac
1811,datasets/cat_10k/images/24bd1863a907c525fa6b30cf4b6019b9.jpg,24bd1863a907c525fa6b30cf4b6019b9
1812,datasets/cat_10k/images/24c2eb09a03e90ed96213c055b8544bf.jpg,24c2eb09a03e90ed96213c055b8544bf
1813,datasets/cat_10k/images/24d18c4cdc49c907a514dacfd437ae71.jpg,24d18c4cdc49c907a514dacfd437ae71
1814,datasets/cat_10k/images/24d7f5b7d0fc8908448cd4fb64b74729.jpg,24d7f5b7d0fc8908448cd4fb64b74729
1815,datasets/cat_10k/images/24e2b7ac8292dc48b5cd66594e543511.jpg,24e2b7ac8292dc48b5cd66594e543511
1816,datasets/cat_10k/images/24e4acc7a56db850ec83b59a56a7a336.jpg,24e4acc7a56db850ec83b59a56a7a336
1817,datasets/cat_10k/images/24eb403509f93bb015a0b1258aa6d1e0.jpg,24eb403509f93bb015a0b1258aa6d1e0
1818,datasets/cat_10k/images/24ecaa8048df2507a81a94b279d31119.jpg,24ecaa8048df2507a81a94b279d31119
1819,datasets/cat_10k/images/24fd85901f4be7cb93bc79f45e4ada56.jpg,24fd85901f4be7cb93bc79f45e4ada56
1820,datasets/cat_10k/images/2506117fe14c4f69a03e89ed76d120ca.jpg,2506117fe14c4f69a03e89ed76d120ca
1821,datasets/cat_10k/images/251216eb3cec201cf92614b3bd94c316.jpg,251216eb3cec201cf92614b3bd94c316
1822,datasets/cat_10k/images/25171608e1a2745b0bacab72965a9dca.jpg,25171608e1a2745b0bacab72965a9dca
1823,datasets/cat_10k/images/251a58069db14132948b3bb3855689ac.jpg,251a58069db14132948b3bb3855689ac
1824,datasets/cat_10k/images/251cf16c24a04ace9a071e41e53a6de3.jpg,251cf16c24a04ace9a071e41e53a6de3
1825,datasets/cat_10k/images/2520e3a3a5d985d7671f8ffc60416c2b.jpg,2520e3a3a5d985d7671f8ffc60416c2b
1826,datasets/cat_10k/images/2521f09b00ac9c2fa30d2832fc51abcf.jpg,2521f09b00ac9c2fa30d2832fc51abcf
1827,datasets/cat_10k/images/2523a85f8e06d5194f19bc905b224414.jpg,2523a85f8e06d5194f19bc905b224414
1828,datasets/cat_10k/images/2524d865ce7c13e4dd498bd522c72cca.jpg,2524d865ce7c13e4dd498bd522c72cca
1829,datasets/cat_10k/images/252995ba7e9c37dffe64cf0d2e53b369.jpg,252995ba7e9c37dffe64cf0d2e53b369
1830,datasets/cat_10k/images/252b7f0147839c33a4800b4fbb043aed.jpg,252b7f0147839c33a4800b4fbb043aed
1831,datasets/cat_10k/images/252e57fd4297750107fd3ca5cadbf3c4.jpg,252e57fd4297750107fd3ca5cadbf3c4
1832,datasets/cat_10k/images/253150dab58f4e0881cea8f9a30e9330.jpg,253150dab58f4e0881cea8f9a30e9330
1833,datasets/cat_10k/images/25372b781b4e1e0d6cb9eb1c997d3494.jpg,25372b781b4e1e0d6cb9eb1c997d3494
1834,datasets/cat_10k/images/2539f897401f96da0a52d1f96872b39f.jpg,2539f897401f96da0a52d1f96872b39f
1835,datasets/cat_10k/images/253a88c6e709e645815d9f54dc742af6.jpg,253a88c6e709e645815d9f54dc742af6
1836,datasets/cat_10k/images/253f20a2638606dbf22e80727489cf72.jpg,253f20a2638606dbf22e80727489cf72
1837,datasets/cat_10k/images/2541e8b492fce71b6606b00da26f1efa.jpg,2541e8b492fce71b6606b00da26f1efa
1838,datasets/cat_10k/images/254279f71bf4140854a7a7de5e9f44d8.jpg,254279f71bf4140854a7a7de5e9f44d8
1839,datasets/cat_10k/images/254591db2fc016c3ae81bf1243af1ca1.jpg,254591db2fc016c3ae81bf1243af1ca1
1840,datasets/cat_10k/images/254947be836709d9fed5934e7fe6ae37.jpg,254947be836709d9fed5934e7fe6ae37
1841,datasets/cat_10k/images/254e50eca22eec5e8f74166830319ada.jpg,254e50eca22eec5e8f74166830319ada
1842,datasets/cat_10k/images/255679fd039b7538b05d0fdd02e91b89.jpg,255679fd039b7538b05d0fdd02e91b89
1843,datasets/cat_10k/images/25577484c386947e74d687a1d58cd551.jpg,25577484c386947e74d687a1d58cd551
1844,datasets/cat_10k/images/255a3ee5cf7f298312b430fd41975974.jpg,255a3ee5cf7f298312b430fd41975974
1845,datasets/cat_10k/images/255b3cd16e123ad614f969ee2f41f28a.jpg,255b3cd16e123ad614f969ee2f41f28a
1846,datasets/cat_10k/images/255c837e9ab6e8df36e94d223b460ff7.jpg,255c837e9ab6e8df36e94d223b460ff7
1847,datasets/cat_10k/images/256165d6a511ec4fadea0c928977858f.jpg,256165d6a511ec4fadea0c928977858f
1848,datasets/cat_10k/images/2569b4552bb5a1b15ccb4c34d0e6e094.jpg,2569b4552bb5a1b15ccb4c34d0e6e094
1849,datasets/cat_10k/images/25742061ca27d0b9c4ae724f7f259129.jpg,25742061ca27d0b9c4ae724f7f259129
1850,datasets/cat_10k/images/257542af463c3154bde7dfd47167f680.jpg,257542af463c3154bde7dfd47167f680
1851,datasets/cat_10k/images/2579ad44ed88adbfe3d1f66810bf8abc.jpg,2579ad44ed88adbfe3d1f66810bf8abc
1852,datasets/cat_10k/images/257d6e5a168f6fd495941f353a5bfa84.jpg,257d6e5a168f6fd495941f353a5bfa84
1853,datasets/cat_10k/images/25823ea4152b2e7cffd71a42883de77f.jpg,25823ea4152b2e7cffd71a42883de77f
1854,datasets/cat_10k/images/2582f1c17ace17b65a45ecb122759162.jpg,2582f1c17ace17b65a45ecb122759162
1855,datasets/cat_10k/images/258c8585b58f505928083af4bd245f54.jpg,258c8585b58f505928083af4bd245f54
1856,datasets/cat_10k/images/258d0dbdf04a6bbc6c8609c2d465aeda.jpg,258d0dbdf04a6bbc6c8609c2d465aeda
1857,datasets/cat_10k/images/258eb46b72474e5a6565eed924840e00.jpg,258eb46b72474e5a6565eed924840e00
1858,datasets/cat_10k/images/2590c4a61c002edc8aa9ae6da54c9b3c.jpg,2590c4a61c002edc8aa9ae6da54c9b3c
1859,datasets/cat_10k/images/25959bb16658db000e28403036cd3f84.jpg,25959bb16658db000e28403036cd3f84
1860,datasets/cat_10k/images/25965737fcc0892590ff4f00a6bc8d19.jpg,25965737fcc0892590ff4f00a6bc8d19
1861,datasets/cat_10k/images/2596c7e2fbd0a968ed7875d46e95fc71.jpg,2596c7e2fbd0a968ed7875d46e95fc71
1862,datasets/cat_10k/images/259b44fb07a8edb825f680f9d72f7d53.jpg,259b44fb07a8edb825f680f9d72f7d53
1863,datasets/cat_10k/images/259cd7e532d18358721391a579b9ae26.jpg,259cd7e532d18358721391a579b9ae26
1864,datasets/cat_10k/images/259ef69dc1ba73d8785344a1a85b48c1.jpg,259ef69dc1ba73d8785344a1a85b48c1
1865,datasets/cat_10k/images/25a91c03452478db72800f32c2cd6564.jpg,25a91c03452478db72800f32c2cd6564
1866,datasets/cat_10k/images/25b8807f74f196eecb40d3b10fb3a78a.jpg,25b8807f74f196eecb40d3b10fb3a78a
1867,datasets/cat_10k/images/25bd8bee0c91e9d8f91759b8a6847f85.jpg,25bd8bee0c91e9d8f91759b8a6847f85
1868,datasets/cat_10k/images/25c47e7940b507870b1df62828435a94.jpg,25c47e7940b507870b1df62828435a94
1869,datasets/cat_10k/images/25d5fbfddfb1b851f58d2fcc510aa00f.jpg,25d5fbfddfb1b851f58d2fcc510aa00f
1870,datasets/cat_10k/images/25dcc2411bc7f0f21901b478c86d975f.jpg,25dcc2411bc7f0f21901b478c86d975f
1871,datasets/cat_10k/images/25dd9b69bd1ed217396678bd9be5e7f9.jpg,25dd9b69bd1ed217396678bd9be5e7f9
1872,datasets/cat_10k/images/25de58862ee5ac4d1956d6a57adc25de.jpg,25de58862ee5ac4d1956d6a57adc25de
1873,datasets/cat_10k/images/25e169a8225d2e76dc9d9e1b590cd19e.jpg,25e169a8225d2e76dc9d9e1b590cd19e
1874,datasets/cat_10k/images/25e1e091c8bb4d6691916ac0484f3019.jpg,25e1e091c8bb4d6691916ac0484f3019
1875,datasets/cat_10k/images/25e291f5b43ec6bdc4e130aa1f239bfe.jpg,25e291f5b43ec6bdc4e130aa1f239bfe
1876,datasets/cat_10k/images/25e68a84c6724b57fd620e94d001d166.jpg,25e68a84c6724b57fd620e94d001d166
1877,datasets/cat_10k/images/25efe5657416bed5e7f916d1353f5e2e.jpg,25efe5657416bed5e7f916d1353f5e2e
1878,datasets/cat_10k/images/25f79865c83ee0fd9b0ba36b4cd2b388.jpg,25f79865c83ee0fd9b0ba36b4cd2b388
1879,datasets/cat_10k/images/2608c93c67b941bd4e28f1962aeec30c.jpg,2608c93c67b941bd4e28f1962aeec30c
1880,datasets/cat_10k/images/260a400ef5e4a7669659b26856a5f775.jpg,260a400ef5e4a7669659b26856a5f775
1881,datasets/cat_10k/images/260e18040163f8733bc39c53b84a7c4b.jpg,260e18040163f8733bc39c53b84a7c4b
1882,datasets/cat_10k/images/2612085639c57c4d735f7cbf11eddee8.jpg,2612085639c57c4d735f7cbf11eddee8
1883,datasets/cat_10k/images/26187db47344538d9314739eb9971cc2.jpg,26187db47344538d9314739eb9971cc2
1884,datasets/cat_10k/images/2619d2a405a7408fd187a70d4fe9299a.jpg,2619d2a405a7408fd187a70d4fe9299a
1885,datasets/cat_10k/images/262126b3fce240fda1c0a1a1315c87d8.jpg,262126b3fce240fda1c0a1a1315c87d8
1886,datasets/cat_10k/images/262148c14dff7419507a461922acb5b1.jpg,262148c14dff7419507a461922acb5b1
1887,datasets/cat_10k/images/263844900347cf7f5cfc752a15a84ad4.jpg,263844900347cf7f5cfc752a15a84ad4
1888,datasets/cat_10k/images/263d9ae54d1602f78f52aa01513d786a.jpg,263d9ae54d1602f78f52aa01513d786a
1889,datasets/cat_10k/images/264122c115bd45cdfd7c9f910cca3cce.jpg,264122c115bd45cdfd7c9f910cca3cce
1890,datasets/cat_10k/images/264eac73331bbd18963ec329be50237f.jpg,264eac73331bbd18963ec329be50237f
1891,datasets/cat_10k/images/2650c0e8f2cc92daad5ddb834cd2b834.jpg,2650c0e8f2cc92daad5ddb834cd2b834
1892,datasets/cat_10k/images/26533c04c6172b2ada9b9f163838922f.jpg,26533c04c6172b2ada9b9f163838922f
1893,datasets/cat_10k/images/2654f83defe53be8ad8287c8f5c4584f.jpg,2654f83defe53be8ad8287c8f5c4584f
1894,datasets/cat_10k/images/2657e386d06ac64ea3c1ce123efb6231.jpg,2657e386d06ac64ea3c1ce123efb6231
1895,datasets/cat_10k/images/2658a7ed2869c3c46347a74adea33722.jpg,2658a7ed2869c3c46347a74adea33722
1896,datasets/cat_10k/images/265b188e09a589de9bb8f9064e531cd2.jpg,265b188e09a589de9bb8f9064e531cd2
1897,datasets/cat_10k/images/265e191f761c1356840ec539f138c5dc.jpg,265e191f761c1356840ec539f138c5dc
1898,datasets/cat_10k/images/26623137f5152f9e363f111e3abdc175.jpg,26623137f5152f9e363f111e3abdc175
1899,datasets/cat_10k/images/2666439d5c0462c3de86235c3f838dc9.jpg,2666439d5c0462c3de86235c3f838dc9
1900,datasets/cat_10k/images/266aa1647b8dea9e6f41b347194a2858.jpg,266aa1647b8dea9e6f41b347194a2858
1901,datasets/cat_10k/images/267faa52b605d5f5690a7a8662ef4775.jpg,267faa52b605d5f5690a7a8662ef4775
1902,datasets/cat_10k/images/268428eeb30fd21e9c3d451c5810ad4a.jpg,268428eeb30fd21e9c3d451c5810ad4a
1903,datasets/cat_10k/images/26882088cda144e5ea0c3dcb971ad3b1.jpg,26882088cda144e5ea0c3dcb971ad3b1
1904,datasets/cat_10k/images/268b949d1086f6550632939361ad6fbd.jpg,268b949d1086f6550632939361ad6fbd
1905,datasets/cat_10k/images/268fd151b7f9c61f60c512cafa89aacd.jpg,268fd151b7f9c61f60c512cafa89aacd
1906,datasets/cat_10k/images/26921edc0429e4680eae442d4774a3a1.jpg,26921edc0429e4680eae442d4774a3a1
1907,datasets/cat_10k/images/269e1739e8da74ad0ed2ddd599d19615.jpg,269e1739e8da74ad0ed2ddd599d19615
1908,datasets/cat_10k/images/26a1384253804cabab817ee8af8111a3.jpg,26a1384253804cabab817ee8af8111a3
1909,datasets/cat_10k/images/26a81212282336ec13a3ea968da15bb2.jpg,26a81212282336ec13a3ea968da15bb2
1910,datasets/cat_10k/images/26aa2a7ba8f150d4c924c8d37d1dfc1f.jpg,26aa2a7ba8f150d4c924c8d37d1dfc1f
1911,datasets/cat_10k/images/26b2ff1b9d51ab3f4b74f1edb6e31d2f.jpg,26b2ff1b9d51ab3f4b74f1edb6e31d2f
1912,datasets/cat_10k/images/26c0f9017d96b84de8e95ae9d8feb355.jpg,26c0f9017d96b84de8e95ae9d8feb355
1913,datasets/cat_10k/images/26c281012a3f6a27a554875d76800078.jpg,26c281012a3f6a27a554875d76800078
1914,datasets/cat_10k/images/26c33f58f3d14773efdd7e4eb4c99dd7.jpg,26c33f58f3d14773efdd7e4eb4c99dd7
1915,datasets/cat_10k/images/26ca8c008e0865d406b8ddcfc50aa7c3.jpg,26ca8c008e0865d406b8ddcfc50aa7c3
1916,datasets/cat_10k/images/26d851a565d227464a0ae96a5bb00d20.jpg,26d851a565d227464a0ae96a5bb00d20
1917,datasets/cat_10k/images/26df8acb21373ebbab52dae0a54ca35c.jpg,26df8acb21373ebbab52dae0a54ca35c
1918,datasets/cat_10k/images/26e0d671228030aa0caf472a9a174b0e.jpg,26e0d671228030aa0caf472a9a174b0e
1919,datasets/cat_10k/images/26e8a2e52dea5f9992a84a8faae98027.jpg,26e8a2e52dea5f9992a84a8faae98027
1920,datasets/cat_10k/images/26e91fd4978b4ba02c9646fe63f18237.jpg,26e91fd4978b4ba02c9646fe63f18237
1921,datasets/cat_10k/images/26eb0ded83079437ed8a98fa174b12e5.jpg,26eb0ded83079437ed8a98fa174b12e5
1922,datasets/cat_10k/images/26eec0d27d3096eefefc9d7e9ef52294.jpg,26eec0d27d3096eefefc9d7e9ef52294
1923,datasets/cat_10k/images/26ef09e258065b47caf2432d55982827.jpg,26ef09e258065b47caf2432d55982827
1924,datasets/cat_10k/images/26f652a63905ec946d6cebe1b85a519e.jpg,26f652a63905ec946d6cebe1b85a519e
1925,datasets/cat_10k/images/26f812a9b68e41a53d1f03df59cf377f.jpg,26f812a9b68e41a53d1f03df59cf377f
1926,datasets/cat_10k/images/26fe9d2c0e59ec77ca02324e11dccded.jpg,26fe9d2c0e59ec77ca02324e11dccded
1927,datasets/cat_10k/images/2705f0c100ab20d3837864a2abc767b2.jpg,2705f0c100ab20d3837864a2abc767b2
1928,datasets/cat_10k/images/2707a9b7de77ea9bdd73f736d4678a02.jpg,2707a9b7de77ea9bdd73f736d4678a02
1929,datasets/cat_10k/images/2710bbd5a3fb59402ac47eafd2bc8456.jpg,2710bbd5a3fb59402ac47eafd2bc8456
1930,datasets/cat_10k/images/2712d3946a3e8dea2a7438f56e240fef.jpg,2712d3946a3e8dea2a7438f56e240fef
1931,datasets/cat_10k/images/2712e12699fc763e7e336dffb1efdf19.jpg,2712e12699fc763e7e336dffb1efdf19
1932,datasets/cat_10k/images/2714fd319b24c374d78318f5a450edc8.jpg,2714fd319b24c374d78318f5a450edc8
1933,datasets/cat_10k/images/2716361bd4b9d106543b05945876f143.jpg,2716361bd4b9d106543b05945876f143
1934,datasets/cat_10k/images/271aae75cea3842093a2a36692eae252.jpg,271aae75cea3842093a2a36692eae252
1935,datasets/cat_10k/images/2723d755be51ef92f65498ef8153629a.jpg,2723d755be51ef92f65498ef8153629a
1936,datasets/cat_10k/images/273003f466be572b6f66ac7b436e2c9e.jpg,273003f466be572b6f66ac7b436e2c9e
1937,datasets/cat_10k/images/2737545d1134c76190a2309e34980891.jpg,2737545d1134c76190a2309e34980891
1938,datasets/cat_10k/images/274215bc9cc79088cd421ccbdc872044.jpg,274215bc9cc79088cd421ccbdc872044
1939,datasets/cat_10k/images/2744118161aa558cfca4b8868e94d314.jpg,2744118161aa558cfca4b8868e94d314
1940,datasets/cat_10k/images/2746aa73c7a5256db13d4730e497b1d8.jpg,2746aa73c7a5256db13d4730e497b1d8
1941,datasets/cat_10k/images/274a95779516c1c4b8803e6e4c73795e.jpg,274a95779516c1c4b8803e6e4c73795e
1942,datasets/cat_10k/images/274b014f66563a9872ef1a48d77eb884.jpg,274b014f66563a9872ef1a48d77eb884
1943,datasets/cat_10k/images/275e7a2df185989658fbfa3997f50d7b.jpg,275e7a2df185989658fbfa3997f50d7b
1944,datasets/cat_10k/images/27632e39b8181d6bca6ef936a67de3ea.jpg,27632e39b8181d6bca6ef936a67de3ea
1945,datasets/cat_10k/images/2766a209dbbfce3cf324b2c9c3f7bca5.jpg,2766a209dbbfce3cf324b2c9c3f7bca5
1946,datasets/cat_10k/images/276ad3369c194ce01b377e646d42774f.jpg,276ad3369c194ce01b377e646d42774f
1947,datasets/cat_10k/images/277003b7208c0cf67162a92b77b9bf2e.jpg,277003b7208c0cf67162a92b77b9bf2e
1948,datasets/cat_10k/images/277226821fa2f426ff87ae655c2f5a26.jpg,277226821fa2f426ff87ae655c2f5a26
1949,datasets/cat_10k/images/277bfa9d89828b27d30ee0ec82767a8c.jpg,277bfa9d89828b27d30ee0ec82767a8c
1950,datasets/cat_10k/images/277ee8b1071840834ecdf22b6ffa868e.jpg,277ee8b1071840834ecdf22b6ffa868e
1951,datasets/cat_10k/images/278ff12f440191415b586d182868adc2.jpg,278ff12f440191415b586d182868adc2
1952,datasets/cat_10k/images/2796e12e44dae491d86bae6ab41b6723.jpg,2796e12e44dae491d86bae6ab41b6723
1953,datasets/cat_10k/images/279ab3cebb923880a1ae01a31b5a9ede.jpg,279ab3cebb923880a1ae01a31b5a9ede
1954,datasets/cat_10k/images/279b7a4f9cd86fe9a343d04cf50d7188.jpg,279b7a4f9cd86fe9a343d04cf50d7188
1955,datasets/cat_10k/images/27b467a8bbb27d59ce3e6e4c7a82883f.jpg,27b467a8bbb27d59ce3e6e4c7a82883f
1956,datasets/cat_10k/images/27be7731b7088f6b299517415b525997.jpg,27be7731b7088f6b299517415b525997
1957,datasets/cat_10k/images/27c218071806886c633889b76dd15fac.jpg,27c218071806886c633889b76dd15fac
1958,datasets/cat_10k/images/27c38198a5a63971c7e4575a90521335.jpg,27c38198a5a63971c7e4575a90521335
1959,datasets/cat_10k/images/27c7538f0295ce7ebdcdf6082db2083f.jpg,27c7538f0295ce7ebdcdf6082db2083f
1960,datasets/cat_10k/images/27d080785ac76f0ae555baf09763bb68.jpg,27d080785ac76f0ae555baf09763bb68
1961,datasets/cat_10k/images/27d2da4fa026df5fcb16df4856686d79.jpg,27d2da4fa026df5fcb16df4856686d79
1962,datasets/cat_10k/images/27dbf8ccfdd77125d33c7c4dbf3bc598.jpg,27dbf8ccfdd77125d33c7c4dbf3bc598
1963,datasets/cat_10k/images/27e110315a670fa52300e2143b0d93d2.jpg,27e110315a670fa52300e2143b0d93d2
1964,datasets/cat_10k/images/27e6b3a77abe29e9ba6ead9b9e30fbf7.jpg,27e6b3a77abe29e9ba6ead9b9e30fbf7
1965,datasets/cat_10k/images/27e977677182f3409031f78fbce900ff.jpg,27e977677182f3409031f78fbce900ff
1966,datasets/cat_10k/images/27ea26cf86a1019065e751f798dd3a51.jpg,27ea26cf86a1019065e751f798dd3a51
1967,datasets/cat_10k/images/27eabd66d9461ae2daf4c89cccdcf545.jpg,27eabd66d9461ae2daf4c89cccdcf545
1968,datasets/cat_10k/images/27f8390436150cc09f061b38d6fc9ba2.jpg,27f8390436150cc09f061b38d6fc9ba2
1969,datasets/cat_10k/images/27fac659e0154e7e16a99e08a366c376.jpg,27fac659e0154e7e16a99e08a366c376
1970,datasets/cat_10k/images/27fb9b63f5016c156209fc933b8bc767.jpg,27fb9b63f5016c156209fc933b8bc767
1971,datasets/cat_10k/images/2802294c3aef70cb7ea5156aeeb25305.jpg,2802294c3aef70cb7ea5156aeeb25305
1972,datasets/cat_10k/images/280781a7485a2fcf607c362f1c4e6e6d.jpg,280781a7485a2fcf607c362f1c4e6e6d
1973,datasets/cat_10k/images/281c750f0e9f7f395f1b954b65cf79ee.jpg,281c750f0e9f7f395f1b954b65cf79ee
1974,datasets/cat_10k/images/281ceaee6194518df546504c06353bd2.jpg,281ceaee6194518df546504c06353bd2
1975,datasets/cat_10k/images/282794fb54526feade61c17d52e80406.jpg,282794fb54526feade61c17d52e80406
1976,datasets/cat_10k/images/2831e4d8d630d4a9db0ee7935bcf67cb.jpg,2831e4d8d630d4a9db0ee7935bcf67cb
1977,datasets/cat_10k/images/2835334a7deb9369104ea37532f7cdc6.jpg,2835334a7deb9369104ea37532f7cdc6
1978,datasets/cat_10k/images/283ba94d5784dfddd5ef2028bae64596.jpg,283ba94d5784dfddd5ef2028bae64596
1979,datasets/cat_10k/images/284f7a8c43aabe208b7d327556baba19.jpg,284f7a8c43aabe208b7d327556baba19
1980,datasets/cat_10k/images/2856af34e100df5f3aec1df7d9d671b9.jpg,2856af34e100df5f3aec1df7d9d671b9
1981,datasets/cat_10k/images/2857c3c09b5a913946b281c9da9dcbb3.jpg,2857c3c09b5a913946b281c9da9dcbb3
1982,datasets/cat_10k/images/2859612d88a71266d830ad27241da7e4.jpg,2859612d88a71266d830ad27241da7e4
1983,datasets/cat_10k/images/286853eab79db6eb58d2d7b9352c517e.jpg,286853eab79db6eb58d2d7b9352c517e
1984,datasets/cat_10k/images/287885e75c8c50199448a4d5cc049817.jpg,287885e75c8c50199448a4d5cc049817
1985,datasets/cat_10k/images/287a00cdd066d4f251dd6cdfb4f98e7b.jpg,287a00cdd066d4f251dd6cdfb4f98e7b
1986,datasets/cat_10k/images/2883d32a0daa5d1fd55101bb5234e36a.jpg,2883d32a0daa5d1fd55101bb5234e36a
1987,datasets/cat_10k/images/2888a24728eb062591711b65f970b416.jpg,2888a24728eb062591711b65f970b416
1988,datasets/cat_10k/images/28893b4220aed98499da3e14b302f1d2.jpg,28893b4220aed98499da3e14b302f1d2
1989,datasets/cat_10k/images/28897e880b3ec9a8fa99aeea6812c155.jpg,28897e880b3ec9a8fa99aeea6812c155
1990,datasets/cat_10k/images/288dd9ebfeb3f9ddfdd6f5cdfc470428.jpg,288dd9ebfeb3f9ddfdd6f5cdfc470428
1991,datasets/cat_10k/images/289021fcc26677a94e0828ec2d2c2df8.jpg,289021fcc26677a94e0828ec2d2c2df8
1992,datasets/cat_10k/images/2899770f146f6997581ae5bacbb2934b.jpg,2899770f146f6997581ae5bacbb2934b
1993,datasets/cat_10k/images/289ac057eb6f997a055b280996577b00.jpg,289ac057eb6f997a055b280996577b00
1994,datasets/cat_10k/images/289b7a168d7576b7cbe053f1c8e421a9.jpg,289b7a168d7576b7cbe053f1c8e421a9
1995,datasets/cat_10k/images/289c3a4cf41d25029277f0a594930879.jpg,289c3a4cf41d25029277f0a594930879
1996,datasets/cat_10k/images/289f90101d9471f5835979403f033a3f.jpg,289f90101d9471f5835979403f033a3f
1997,datasets/cat_10k/images/28ad70923a20a156f23f262b37b3e000.jpg,28ad70923a20a156f23f262b37b3e000
1998,datasets/cat_10k/images/28ae8864bf9b07c0603e219750fbec11.jpg,28ae8864bf9b07c0603e219750fbec11
1999,datasets/cat_10k/images/28b7ed26ebbc24d432a25ebb1eca8084.jpg,28b7ed26ebbc24d432a25ebb1eca8084
2000,datasets/cat_10k/images/28cea474353fe47f7acb8479668d1689.jpg,28cea474353fe47f7acb8479668d1689
2001,datasets/cat_10k/images/28cf930ed35bcbd27f852384ceadf359.jpg,28cf930ed35bcbd27f852384ceadf359
2002,datasets/cat_10k/images/28cfe7a064e241b2901d63da1f803d15.jpg,28cfe7a064e241b2901d63da1f803d15
2003,datasets/cat_10k/images/28d8c9abd0ddc059902f044a5c025f79.jpg,28d8c9abd0ddc059902f044a5c025f79
2004,datasets/cat_10k/images/28e7f769c59d7a753088f28a84ff9dd6.jpg,28e7f769c59d7a753088f28a84ff9dd6
2005,datasets/cat_10k/images/28f161fd61ef7dbff397327b6b6e3f85.jpg,28f161fd61ef7dbff397327b6b6e3f85
2006,datasets/cat_10k/images/28fa53fac0c40bf4f1e768d87004e5dd.jpg,28fa53fac0c40bf4f1e768d87004e5dd
2007,datasets/cat_10k/images/28fb656c70ea56b3b34a5c70ea6c8419.jpg,28fb656c70ea56b3b34a5c70ea6c8419
2008,datasets/cat_10k/images/290efd0081e0ba5cb5046ac9ba3d6149.jpg,290efd0081e0ba5cb5046ac9ba3d6149
2009,datasets/cat_10k/images/29143b72fff7752ee222528e54f08575.jpg,29143b72fff7752ee222528e54f08575
2010,datasets/cat_10k/images/291b724bae8cc8562787bd21f4057f75.jpg,291b724bae8cc8562787bd21f4057f75
2011,datasets/cat_10k/images/291e843290fe85a5ac56b9e972048be5.jpg,291e843290fe85a5ac56b9e972048be5
2012,datasets/cat_10k/images/292e7bd242d8db1a40edc3b678c71024.jpg,292e7bd242d8db1a40edc3b678c71024
2013,datasets/cat_10k/images/29317d8c04a27d1c90a95ce14b706edd.jpg,29317d8c04a27d1c90a95ce14b706edd
2014,datasets/cat_10k/images/29387baa5eff29a106945ced92fdd283.jpg,29387baa5eff29a106945ced92fdd283
2015,datasets/cat_10k/images/293d6aa7f92c4b2ff7174e15dd41b4b5.jpg,293d6aa7f92c4b2ff7174e15dd41b4b5
2016,datasets/cat_10k/images/293faeb1eb66084f94e94478a9020089.jpg,293faeb1eb66084f94e94478a9020089
2017,datasets/cat_10k/images/294a16376050cff8a0fb5dd736c49ebf.jpg,294a16376050cff8a0fb5dd736c49ebf
2018,datasets/cat_10k/images/29572ad1d38595c74301529b13f6239d.jpg,29572ad1d38595c74301529b13f6239d
2019,datasets/cat_10k/images/2959382e7ac2d18dfaf65b4f686dc99a.jpg,2959382e7ac2d18dfaf65b4f686dc99a
2020,datasets/cat_10k/images/295feb672c01585c7a43ccceeddc95a7.jpg,295feb672c01585c7a43ccceeddc95a7
2021,datasets/cat_10k/images/295fffc60ecca6f5f5ef541f7cb2fed0.jpg,295fffc60ecca6f5f5ef541f7cb2fed0
2022,datasets/cat_10k/images/29614f6277f51eba1c5901e4f0d8d4b5.jpg,29614f6277f51eba1c5901e4f0d8d4b5
2023,datasets/cat_10k/images/29636b9fb3f41af506ca51b7105c82d6.jpg,29636b9fb3f41af506ca51b7105c82d6
2024,datasets/cat_10k/images/296b99119282d16af2a15878a7c604e8.jpg,296b99119282d16af2a15878a7c604e8
2025,datasets/cat_10k/images/296d47ba3207e23d118f7bc6082c275d.jpg,296d47ba3207e23d118f7bc6082c275d
2026,datasets/cat_10k/images/296f6184bbb29ce84e0d4b4c3e2e5a91.jpg,296f6184bbb29ce84e0d4b4c3e2e5a91
2027,datasets/cat_10k/images/297114f1546031d33f1d0d52a79f04f4.jpg,297114f1546031d33f1d0d52a79f04f4
2028,datasets/cat_10k/images/297e8e0d1881f8ff3a0904e54f67892f.jpg,297e8e0d1881f8ff3a0904e54f67892f
2029,datasets/cat_10k/images/29842e7dcac4218513eb01ebec3784e4.jpg,29842e7dcac4218513eb01ebec3784e4
2030,datasets/cat_10k/images/2996e7196b99ab54eb98d321fbfb1356.jpg,2996e7196b99ab54eb98d321fbfb1356
2031,datasets/cat_10k/images/299b14f44d89e34f57e673e50366dd5d.jpg,299b14f44d89e34f57e673e50366dd5d
2032,datasets/cat_10k/images/299f3d547873778e550c2336f32d04e0.jpg,299f3d547873778e550c2336f32d04e0
2033,datasets/cat_10k/images/29a1c733621746072cb46e9f019ecc7f.jpg,29a1c733621746072cb46e9f019ecc7f
2034,datasets/cat_10k/images/29a23eb25d186de2ca2cff3e2c76fe5e.jpg,29a23eb25d186de2ca2cff3e2c76fe5e
2035,datasets/cat_10k/images/29a87138e6b89ba7e8d5cae40b57911b.jpg,29a87138e6b89ba7e8d5cae40b57911b
2036,datasets/cat_10k/images/29a87ca2499fa13dc4a3000c1c8b4384.jpg,29a87ca2499fa13dc4a3000c1c8b4384
2037,datasets/cat_10k/images/29a9ec355f44b44008e54dbd29b492ec.jpg,29a9ec355f44b44008e54dbd29b492ec
2038,datasets/cat_10k/images/29b526577a385136b6b57e2a264b26ca.jpg,29b526577a385136b6b57e2a264b26ca
2039,datasets/cat_10k/images/29b74a433e3abf1ef7d593779ebbafb4.jpg,29b74a433e3abf1ef7d593779ebbafb4
2040,datasets/cat_10k/images/29bf4a573263cfcee666fb455f79b893.jpg,29bf4a573263cfcee666fb455f79b893
2041,datasets/cat_10k/images/29d0a28bf75a03ed22de897bd0fd2c93.jpg,29d0a28bf75a03ed22de897bd0fd2c93
2042,datasets/cat_10k/images/29e1d7a982a54998b229a333123eb049.jpg,29e1d7a982a54998b229a333123eb049
2043,datasets/cat_10k/images/29e8e7c8655c86173d8c73ad908d27d5.jpg,29e8e7c8655c86173d8c73ad908d27d5
2044,datasets/cat_10k/images/29ebdcddc0aae3827ad0e5f96bb7c965.jpg,29ebdcddc0aae3827ad0e5f96bb7c965
2045,datasets/cat_10k/images/29ec2c5da26ce8e058e4cef3430817f8.jpg,29ec2c5da26ce8e058e4cef3430817f8
2046,datasets/cat_10k/images/29ee8d75754018974320c71cf8bea331.jpg,29ee8d75754018974320c71cf8bea331
2047,datasets/cat_10k/images/2a02c855b26d2ee2eba8e4b135736704.jpg,2a02c855b26d2ee2eba8e4b135736704
2048,datasets/cat_10k/images/2a139a3e9a4c5e5f09ec4dccfe0b26f0.jpg,2a139a3e9a4c5e5f09ec4dccfe0b26f0
2049,datasets/cat_10k/images/2a1a25a5300e7c8c991f84c149719dd2.jpg,2a1a25a5300e7c8c991f84c149719dd2
2050,datasets/cat_10k/images/2a1c6873c996e95322b6fdfc56d5c98a.jpg,2a1c6873c996e95322b6fdfc56d5c98a
2051,datasets/cat_10k/images/2a2f736f098c0ec6b32d1a3fabde0daa.jpg,2a2f736f098c0ec6b32d1a3fabde0daa
2052,datasets/cat_10k/images/2a337d03300f5b617d8b4d7ae4546d10.jpg,2a337d03300f5b617d8b4d7ae4546d10
2053,datasets/cat_10k/images/2a3e76567888198269264298291f376a.jpg,2a3e76567888198269264298291f376a
2054,datasets/cat_10k/images/2a4c5eefd2f224f89ef558da9aa46f9a.jpg,2a4c5eefd2f224f89ef558da9aa46f9a
2055,datasets/cat_10k/images/2a56c949984fe336665c63973b4d969a.jpg,2a56c949984fe336665c63973b4d969a
2056,datasets/cat_10k/images/2a56d9b5950cc8bcc5a024872064c33e.jpg,2a56d9b5950cc8bcc5a024872064c33e
2057,datasets/cat_10k/images/2a5ae01793840b4ac7c34f97ea80b8b3.jpg,2a5ae01793840b4ac7c34f97ea80b8b3
2058,datasets/cat_10k/images/2a671cd50509e028ea346e593d413364.jpg,2a671cd50509e028ea346e593d413364
2059,datasets/cat_10k/images/2a6b0f9dc32fab6a8e0c3e5dfb42a9a2.jpg,2a6b0f9dc32fab6a8e0c3e5dfb42a9a2
2060,datasets/cat_10k/images/2a6d23609c99727bfda67cef472f1a1d.jpg,2a6d23609c99727bfda67cef472f1a1d
2061,datasets/cat_10k/images/2a77bfe85b7bbed39f4ad5c3bcd3c94f.jpg,2a77bfe85b7bbed39f4ad5c3bcd3c94f
2062,datasets/cat_10k/images/2a864aacec91b4af6c0388346ea5ba23.jpg,2a864aacec91b4af6c0388346ea5ba23
2063,datasets/cat_10k/images/2a890629a0518b16d6b9949d6104a341.jpg,2a890629a0518b16d6b9949d6104a341
2064,datasets/cat_10k/images/2a9568648fa69ba563db8aaba8b987e6.jpg,2a9568648fa69ba563db8aaba8b987e6
2065,datasets/cat_10k/images/2aa25fca18e34a0e1995bc5e868c4e7b.jpg,2aa25fca18e34a0e1995bc5e868c4e7b
2066,datasets/cat_10k/images/2ab3a114f89a57f5c97ffefffd5e0f51.jpg,2ab3a114f89a57f5c97ffefffd5e0f51
2067,datasets/cat_10k/images/2abae97b20156f6b1cce659499541a19.jpg,2abae97b20156f6b1cce659499541a19
2068,datasets/cat_10k/images/2abbc17c57cc46380d5fb6cf3a20dbf9.jpg,2abbc17c57cc46380d5fb6cf3a20dbf9
2069,datasets/cat_10k/images/2abe61cca3299bb7d0aeede17f83dda1.jpg,2abe61cca3299bb7d0aeede17f83dda1
2070,datasets/cat_10k/images/2ac0946c9bf24c8a205f6a552f6a86b9.jpg,2ac0946c9bf24c8a205f6a552f6a86b9
2071,datasets/cat_10k/images/2ac51a05fdad6ac7b43a736c3c0d26f0.jpg,2ac51a05fdad6ac7b43a736c3c0d26f0
2072,datasets/cat_10k/images/2ad09bace0d25cbb7c68a7419a6b51ca.jpg,2ad09bace0d25cbb7c68a7419a6b51ca
2073,datasets/cat_10k/images/2adac75113a54f2f35d2907197af97f4.jpg,2adac75113a54f2f35d2907197af97f4
2074,datasets/cat_10k/images/2adb63583d46beea191b18b57a1f35cd.jpg,2adb63583d46beea191b18b57a1f35cd
2075,datasets/cat_10k/images/2adbca97db2d94c8ea3664b6f7ac4aba.jpg,2adbca97db2d94c8ea3664b6f7ac4aba
2076,datasets/cat_10k/images/2addde0f4d237823d47ce55be4414871.jpg,2addde0f4d237823d47ce55be4414871
2077,datasets/cat_10k/images/2ae3ed87e3d8cc2f7e8c006d91c48644.jpg,2ae3ed87e3d8cc2f7e8c006d91c48644
2078,datasets/cat_10k/images/2ae7b2894933d0941b61d069ed63b6f1.jpg,2ae7b2894933d0941b61d069ed63b6f1
2079,datasets/cat_10k/images/2aea649c56029dcf0d0a77ec4fb5e4c1.jpg,2aea649c56029dcf0d0a77ec4fb5e4c1
2080,datasets/cat_10k/images/2aebc8bbe6d2dc50d1cc88d297c6496e.jpg,2aebc8bbe6d2dc50d1cc88d297c6496e
2081,datasets/cat_10k/images/2af0199d5eadcae43a5cdcb088be5ad1.jpg,2af0199d5eadcae43a5cdcb088be5ad1
2082,datasets/cat_10k/images/2afc0f513acfe7e30768b9a30020ed2f.jpg,2afc0f513acfe7e30768b9a30020ed2f
2083,datasets/cat_10k/images/2b20e02827d984aaaed74ecfc4de72e0.jpg,2b20e02827d984aaaed74ecfc4de72e0
2084,datasets/cat_10k/images/2b24588d57bc429f1e55d2f4af341fa9.jpg,2b24588d57bc429f1e55d2f4af341fa9
2085,datasets/cat_10k/images/2b2fcd837106d4eade7a4949ea8d4ba5.jpg,2b2fcd837106d4eade7a4949ea8d4ba5
2086,datasets/cat_10k/images/2b2fe4f2eeaacc8bcfa9558670530d75.jpg,2b2fe4f2eeaacc8bcfa9558670530d75
2087,datasets/cat_10k/images/2b31605d7dde63d561d0a9745ac2055b.jpg,2b31605d7dde63d561d0a9745ac2055b
2088,datasets/cat_10k/images/2b31622e5107899f43500d48fb436c2f.jpg,2b31622e5107899f43500d48fb436c2f
2089,datasets/cat_10k/images/2b3dd6e3749d43c05ad3293ab3ddee8f.jpg,2b3dd6e3749d43c05ad3293ab3ddee8f
2090,datasets/cat_10k/images/2b41224df0793656d9a35dce06c0bec4.jpg,2b41224df0793656d9a35dce06c0bec4
2091,datasets/cat_10k/images/2b53246895f6d3628b0512dbaca0d809.jpg,2b53246895f6d3628b0512dbaca0d809
2092,datasets/cat_10k/images/2b58de821f91c4796a35ff3c76545e48.jpg,2b58de821f91c4796a35ff3c76545e48
2093,datasets/cat_10k/images/2b5da9e1ce25465276a134585980c9f0.jpg,2b5da9e1ce25465276a134585980c9f0
2094,datasets/cat_10k/images/2b6f3ea45c4b6ce8cfb35fe9ec33787d.jpg,2b6f3ea45c4b6ce8cfb35fe9ec33787d
2095,datasets/cat_10k/images/2b72bea01433b6c4022178e08dd3545b.jpg,2b72bea01433b6c4022178e08dd3545b
2096,datasets/cat_10k/images/2b72e3aa3e8bc9def0a1ed497efb8f70.jpg,2b72e3aa3e8bc9def0a1ed497efb8f70
2097,datasets/cat_10k/images/2b73633b1042b384851148495eadc4a3.jpg,2b73633b1042b384851148495eadc4a3
2098,datasets/cat_10k/images/2b7a65de053c1c44e1d6b2c2da41bf2d.jpg,2b7a65de053c1c44e1d6b2c2da41bf2d
2099,datasets/cat_10k/images/2b82fbcf21674d95c119280de7912843.jpg,2b82fbcf21674d95c119280de7912843
2100,datasets/cat_10k/images/2b8b5fe9e8cd672c37a5f6b35c975ff3.jpg,2b8b5fe9e8cd672c37a5f6b35c975ff3
2101,datasets/cat_10k/images/2b95c3c0b55d0ce682eeff1bd7ecad64.jpg,2b95c3c0b55d0ce682eeff1bd7ecad64
2102,datasets/cat_10k/images/2b9653d36c579a958766957d46b8cb98.jpg,2b9653d36c579a958766957d46b8cb98
2103,datasets/cat_10k/images/2b986fcf173c05bfd3191503c6732acb.jpg,2b986fcf173c05bfd3191503c6732acb
2104,datasets/cat_10k/images/2b991f57e66870111742434065b77dd0.jpg,2b991f57e66870111742434065b77dd0
2105,datasets/cat_10k/images/2ba3707ee5d4843189bcc27618a5d9c7.jpg,2ba3707ee5d4843189bcc27618a5d9c7
2106,datasets/cat_10k/images/2ba4a08315758d7c8167dd96caa4561b.jpg,2ba4a08315758d7c8167dd96caa4561b
2107,datasets/cat_10k/images/2ba709e490329828c08c57b14a7005a2.jpg,2ba709e490329828c08c57b14a7005a2
2108,datasets/cat_10k/images/2bb3612320a99971c24dd38a81a0c99c.jpg,2bb3612320a99971c24dd38a81a0c99c
2109,datasets/cat_10k/images/2bb6ccac25d66bc3a7599dcd0ea0a773.jpg,2bb6ccac25d66bc3a7599dcd0ea0a773
2110,datasets/cat_10k/images/2bbbf27520f1a8e93e8a8c5a207acf50.jpg,2bbbf27520f1a8e93e8a8c5a207acf50
2111,datasets/cat_10k/images/2bc5e3b885a61caf7ec05cc79b94d19c.jpg,2bc5e3b885a61caf7ec05cc79b94d19c
2112,datasets/cat_10k/images/2bc5eb13af1d7fa4a6bd98bf6c913aed.jpg,2bc5eb13af1d7fa4a6bd98bf6c913aed
2113,datasets/cat_10k/images/2bc607ab9aefbcf47cc07d4c2cdc7fcc.jpg,2bc607ab9aefbcf47cc07d4c2cdc7fcc
2114,datasets/cat_10k/images/2bcc09e97bcc25b46fb28161d57d8673.jpg,2bcc09e97bcc25b46fb28161d57d8673
2115,datasets/cat_10k/images/2bcd110dffa1ca063130e4641b1b8fed.jpg,2bcd110dffa1ca063130e4641b1b8fed
2116,datasets/cat_10k/images/2bda5818d2b78bc29cb5b8b96f3a7820.jpg,2bda5818d2b78bc29cb5b8b96f3a7820
2117,datasets/cat_10k/images/2be2160d5e30a93c1fc79b24b891752c.jpg,2be2160d5e30a93c1fc79b24b891752c
2118,datasets/cat_10k/images/2bfb2934b3051c8e60f54a330d9f6e5c.jpg,2bfb2934b3051c8e60f54a330d9f6e5c
2119,datasets/cat_10k/images/2c07ee3d0dd97061422f7190d633e1f4.jpg,2c07ee3d0dd97061422f7190d633e1f4
2120,datasets/cat_10k/images/2c0bc7fb1e3363a63736c1ee670f0304.jpg,2c0bc7fb1e3363a63736c1ee670f0304
2121,datasets/cat_10k/images/2c0c5e9d47788d0340e1e116ec21fbff.jpg,2c0c5e9d47788d0340e1e116ec21fbff
2122,datasets/cat_10k/images/2c108bbee3eb87a7f8617f4dca14b7ab.jpg,2c108bbee3eb87a7f8617f4dca14b7ab
2123,datasets/cat_10k/images/2c1bfd3e248307ac51efa02c132f1a4b.jpg,2c1bfd3e248307ac51efa02c132f1a4b
2124,datasets/cat_10k/images/2c2325f737e2fe296466611e52d32aec.jpg,2c2325f737e2fe296466611e52d32aec
2125,datasets/cat_10k/images/2c270e4395d53d37ab41a125d202ec79.jpg,2c270e4395d53d37ab41a125d202ec79
2126,datasets/cat_10k/images/2c271c2ca2612c98f3c989a8baa90f37.jpg,2c271c2ca2612c98f3c989a8baa90f37
2127,datasets/cat_10k/images/2c2c17efbef38d1e213dc2fd378183c7.jpg,2c2c17efbef38d1e213dc2fd378183c7
2128,datasets/cat_10k/images/2c30b771c99f8aac6d992b53840091a1.jpg,2c30b771c99f8aac6d992b53840091a1
2129,datasets/cat_10k/images/2c53c3866f680bc2d50c3d8990c5a74d.jpg,2c53c3866f680bc2d50c3d8990c5a74d
2130,datasets/cat_10k/images/2c555d1faee6af58f7fa7cf29ae2c6e1.jpg,2c555d1faee6af58f7fa7cf29ae2c6e1
2131,datasets/cat_10k/images/2c63ec1544fc7b840821e03d2ac6cbee.jpg,2c63ec1544fc7b840821e03d2ac6cbee
2132,datasets/cat_10k/images/2c71910eee4cca723f22365fa6a6f7c3.jpg,2c71910eee4cca723f22365fa6a6f7c3
2133,datasets/cat_10k/images/2c7b25e3c168ca0cd396590174aa85b0.jpg,2c7b25e3c168ca0cd396590174aa85b0
2134,datasets/cat_10k/images/2c7d8e77e6466e8f959059029195d5e2.jpg,2c7d8e77e6466e8f959059029195d5e2
2135,datasets/cat_10k/images/2c811e291de47950860b0e8ee966d9ea.jpg,2c811e291de47950860b0e8ee966d9ea
2136,datasets/cat_10k/images/2c859ea412d728af3106f6345b334eb6.jpg,2c859ea412d728af3106f6345b334eb6
2137,datasets/cat_10k/images/2c875201e006b39e60f544e090107184.jpg,2c875201e006b39e60f544e090107184
2138,datasets/cat_10k/images/2c8841f00314c210c5372e7fdfb0ec8a.jpg,2c8841f00314c210c5372e7fdfb0ec8a
2139,datasets/cat_10k/images/2c8e21666cf0ca61a47d40f98fadef84.jpg,2c8e21666cf0ca61a47d40f98fadef84
2140,datasets/cat_10k/images/2c90d22e1cfecafedc6d52d614c643e5.jpg,2c90d22e1cfecafedc6d52d614c643e5
2141,datasets/cat_10k/images/2c96a8e615764c63758b59c6ee71092a.jpg,2c96a8e615764c63758b59c6ee71092a
2142,datasets/cat_10k/images/2c99e4066a95d789174809fdebdfec13.jpg,2c99e4066a95d789174809fdebdfec13
2143,datasets/cat_10k/images/2ca291915c4c288818cd277bf567bebf.jpg,2ca291915c4c288818cd277bf567bebf
2144,datasets/cat_10k/images/2ca3645b19a9ea8f34bc04f66d68b1df.jpg,2ca3645b19a9ea8f34bc04f66d68b1df
2145,datasets/cat_10k/images/2ca458bf817cf053edf482eb803101b1.jpg,2ca458bf817cf053edf482eb803101b1
2146,datasets/cat_10k/images/2cb78d3b8448cd057a9c48f59f00231a.jpg,2cb78d3b8448cd057a9c48f59f00231a
2147,datasets/cat_10k/images/2cba0b9823e2b19c44420972f109c49a.jpg,2cba0b9823e2b19c44420972f109c49a
2148,datasets/cat_10k/images/2cc8feffb07f37bfb083b8ac8fc93b95.jpg,2cc8feffb07f37bfb083b8ac8fc93b95
2149,datasets/cat_10k/images/2cc9c30e75140eefed0d1bd1148c9500.jpg,2cc9c30e75140eefed0d1bd1148c9500
2150,datasets/cat_10k/images/2cd195134ba6e2ed1022b1d0a3e1cf5b.jpg,2cd195134ba6e2ed1022b1d0a3e1cf5b
2151,datasets/cat_10k/images/2cd1f877c56faeddb2a4bf822e06aaca.jpg,2cd1f877c56faeddb2a4bf822e06aaca
2152,datasets/cat_10k/images/2cd53144bd9ecec6b8b57b4bad02d75c.jpg,2cd53144bd9ecec6b8b57b4bad02d75c
2153,datasets/cat_10k/images/2cd58646ab7cbe972fe061eefba56f71.jpg,2cd58646ab7cbe972fe061eefba56f71
2154,datasets/cat_10k/images/2cd8f3e5474d1e931223e1e79ae581b3.jpg,2cd8f3e5474d1e931223e1e79ae581b3
2155,datasets/cat_10k/images/2cdfbf853c2c702bb166287e26f5d248.jpg,2cdfbf853c2c702bb166287e26f5d248
2156,datasets/cat_10k/images/2ce9fa6a1b5efa5e41b52b1ddbc62d06.jpg,2ce9fa6a1b5efa5e41b52b1ddbc62d06
2157,datasets/cat_10k/images/2cf33f438bf880b782d3a2709ca9ac38.jpg,2cf33f438bf880b782d3a2709ca9ac38
2158,datasets/cat_10k/images/2cf7cfb665ed638208794c33db2486ed.jpg,2cf7cfb665ed638208794c33db2486ed
2159,datasets/cat_10k/images/2cff1ec74ce44c9c130b58275d14953f.jpg,2cff1ec74ce44c9c130b58275d14953f
2160,datasets/cat_10k/images/2d007c9cff659c58c89cb6be59a00c63.jpg,2d007c9cff659c58c89cb6be59a00c63
2161,datasets/cat_10k/images/2d11b7603408cf05f00c7856be894eea.jpg,2d11b7603408cf05f00c7856be894eea
2162,datasets/cat_10k/images/2d250eaba94047b854a8bc3170b093d8.jpg,2d250eaba94047b854a8bc3170b093d8
2163,datasets/cat_10k/images/2d25bcf39532f612897abdebc3f4670f.jpg,2d25bcf39532f612897abdebc3f4670f
2164,datasets/cat_10k/images/2d2f2b74bfb331f2c3746b5bb8b60a6a.jpg,2d2f2b74bfb331f2c3746b5bb8b60a6a
2165,datasets/cat_10k/images/2d31356670a267ce35314932af15937d.jpg,2d31356670a267ce35314932af15937d
2166,datasets/cat_10k/images/2d31f675d34ab296e7b0b72395db075c.jpg,2d31f675d34ab296e7b0b72395db075c
2167,datasets/cat_10k/images/2d337cadabfaf4bf0a0c81ef8522c962.jpg,2d337cadabfaf4bf0a0c81ef8522c962
2168,datasets/cat_10k/images/2d3e8719d6c3d60904e3f4bc358ca23b.jpg,2d3e8719d6c3d60904e3f4bc358ca23b
2169,datasets/cat_10k/images/2d455e6b467c239ed32b37f49b56b9b6.jpg,2d455e6b467c239ed32b37f49b56b9b6
2170,datasets/cat_10k/images/2d49bc23f78c6f5c5128f6fc87ca6350.jpg,2d49bc23f78c6f5c5128f6fc87ca6350
2171,datasets/cat_10k/images/2d4c07c767b52861d3992b44c664f4bc.jpg,2d4c07c767b52861d3992b44c664f4bc
2172,datasets/cat_10k/images/2d54bef338c80617f35b1cee2bd8b7b1.jpg,2d54bef338c80617f35b1cee2bd8b7b1
2173,datasets/cat_10k/images/2d70bdb34e27a435ce3d37c717efd22c.jpg,2d70bdb34e27a435ce3d37c717efd22c
2174,datasets/cat_10k/images/2d7317a43785e407a80a9eefbddf67db.jpg,2d7317a43785e407a80a9eefbddf67db
2175,datasets/cat_10k/images/2d7da682499dfd61b4a0070b0b3c49a8.jpg,2d7da682499dfd61b4a0070b0b3c49a8
2176,datasets/cat_10k/images/2d855490319cc45c24f783644f16cc03.jpg,2d855490319cc45c24f783644f16cc03
2177,datasets/cat_10k/images/2d87db4ce0a77a0ebde9260c706f8c25.jpg,2d87db4ce0a77a0ebde9260c706f8c25
2178,datasets/cat_10k/images/2d98144354110c9e7f77cd34d796ba40.jpg,2d98144354110c9e7f77cd34d796ba40
2179,datasets/cat_10k/images/2d983ba2364e0c8a6348843c56031240.jpg,2d983ba2364e0c8a6348843c56031240
2180,datasets/cat_10k/images/2d9c3d40eb841902b0f0b244a063b41e.jpg,2d9c3d40eb841902b0f0b244a063b41e
2181,datasets/cat_10k/images/2d9d190f8c5e6815b60bc8042dbab50f.jpg,2d9d190f8c5e6815b60bc8042dbab50f
2182,datasets/cat_10k/images/2da20d7975ef606d2c8a961e740d62b1.jpg,2da20d7975ef606d2c8a961e740d62b1
2183,datasets/cat_10k/images/2da337be7b1ca63126b27153048dff64.jpg,2da337be7b1ca63126b27153048dff64
2184,datasets/cat_10k/images/2da61d88c747de4450af78c276f9d21f.jpg,2da61d88c747de4450af78c276f9d21f
2185,datasets/cat_10k/images/2dabfa3bb74c922317eab56289847ac8.jpg,2dabfa3bb74c922317eab56289847ac8
2186,datasets/cat_10k/images/2dadcd2603e485cfd5b023d24b69c3a4.jpg,2dadcd2603e485cfd5b023d24b69c3a4
2187,datasets/cat_10k/images/2daffa017a810d2159d4f5ce2f9e7a3f.jpg,2daffa017a810d2159d4f5ce2f9e7a3f
2188,datasets/cat_10k/images/2db270ef2cbde070d5b0cb4eca589c60.jpg,2db270ef2cbde070d5b0cb4eca589c60
2189,datasets/cat_10k/images/2dc82bf2bc5e91c978ddac70821d103e.jpg,2dc82bf2bc5e91c978ddac70821d103e
2190,datasets/cat_10k/images/2dd267e7648a37d1a032f3c537a92eed.jpg,2dd267e7648a37d1a032f3c537a92eed
2191,datasets/cat_10k/images/2dd306c15ba6978d16e39a7cc5bf0996.jpg,2dd306c15ba6978d16e39a7cc5bf0996
2192,datasets/cat_10k/images/2dd73ae3b46e0e0899b621284b764c73.jpg,2dd73ae3b46e0e0899b621284b764c73
2193,datasets/cat_10k/images/2dd983ba98b8afa2404bbf77538e82b8.jpg,2dd983ba98b8afa2404bbf77538e82b8
2194,datasets/cat_10k/images/2de0f870fd6b94a524bebf8e91ddbe78.jpg,2de0f870fd6b94a524bebf8e91ddbe78
2195,datasets/cat_10k/images/2de2de1d515dd976abba4e9857bd41e2.jpg,2de2de1d515dd976abba4e9857bd41e2
2196,datasets/cat_10k/images/2de97ce2aa6137fea68ed7033b450f0d.jpg,2de97ce2aa6137fea68ed7033b450f0d
2197,datasets/cat_10k/images/2debc0864a5f570bc1d70aca81a0691f.jpg,2debc0864a5f570bc1d70aca81a0691f
2198,datasets/cat_10k/images/2dec09eaf0d6931ed51196ea0b5ac1b2.jpg,2dec09eaf0d6931ed51196ea0b5ac1b2
2199,datasets/cat_10k/images/2dee6b7c31e8af3f295638c780e19745.jpg,2dee6b7c31e8af3f295638c780e19745
2200,datasets/cat_10k/images/2df64c0a3e02e877d27880d530644320.jpg,2df64c0a3e02e877d27880d530644320
2201,datasets/cat_10k/images/2df6bed8f36103e0b6134fa3e855ba4a.jpg,2df6bed8f36103e0b6134fa3e855ba4a
2202,datasets/cat_10k/images/2df8bbf9833e2336cbcc7c51b94da3a3.jpg,2df8bbf9833e2336cbcc7c51b94da3a3
2203,datasets/cat_10k/images/2dfa8b0966619287529909a556e2875d.jpg,2dfa8b0966619287529909a556e2875d
2204,datasets/cat_10k/images/2dfe18a07b5c6a28171d207c8c2f351a.jpg,2dfe18a07b5c6a28171d207c8c2f351a
2205,datasets/cat_10k/images/2dfe79f65b0ed7df7ce68e0b782cda3e.jpg,2dfe79f65b0ed7df7ce68e0b782cda3e
2206,datasets/cat_10k/images/2e088f61d7cf11f0413e2d9a0490e450.jpg,2e088f61d7cf11f0413e2d9a0490e450
2207,datasets/cat_10k/images/2e0bb1ed0021735e9a959cfd32d18332.jpg,2e0bb1ed0021735e9a959cfd32d18332
2208,datasets/cat_10k/images/2e0c9b3545291d4bda0ea0f041540835.jpg,2e0c9b3545291d4bda0ea0f041540835
2209,datasets/cat_10k/images/2e19d27292cbf4cae73a70be9dcd5fe9.jpg,2e19d27292cbf4cae73a70be9dcd5fe9
2210,datasets/cat_10k/images/2e21155232238d3d719e31b66fa4341d.jpg,2e21155232238d3d719e31b66fa4341d
2211,datasets/cat_10k/images/2e2979993d4681c85f6efc174e9e546d.jpg,2e2979993d4681c85f6efc174e9e546d
2212,datasets/cat_10k/images/2e2998c61c209a593dba95e6554602a9.jpg,2e2998c61c209a593dba95e6554602a9
2213,datasets/cat_10k/images/2e2ee34a31515108069aa4240bbe0a25.jpg,2e2ee34a31515108069aa4240bbe0a25
2214,datasets/cat_10k/images/2e2f87b0e17cdfebd895717c3584e243.jpg,2e2f87b0e17cdfebd895717c3584e243
2215,datasets/cat_10k/images/2e31d93d53281c9e55b1ebc9aad8f165.jpg,2e31d93d53281c9e55b1ebc9aad8f165
2216,datasets/cat_10k/images/2e342e0cf0dc4105585a11fca8ae10c1.jpg,2e342e0cf0dc4105585a11fca8ae10c1
2217,datasets/cat_10k/images/2e350d97c3b0b84511d2baebd4034643.jpg,2e350d97c3b0b84511d2baebd4034643
2218,datasets/cat_10k/images/2e57596337d1ce25b44b81481cac1622.jpg,2e57596337d1ce25b44b81481cac1622
2219,datasets/cat_10k/images/2e5aebb0e6126bdced9165e54f3de281.jpg,2e5aebb0e6126bdced9165e54f3de281
2220,datasets/cat_10k/images/2e5c55ebadb8dea59ad12c74a9076ca9.jpg,2e5c55ebadb8dea59ad12c74a9076ca9
2221,datasets/cat_10k/images/2e614d20818b8bd73bad64b56d3183b0.jpg,2e614d20818b8bd73bad64b56d3183b0
2222,datasets/cat_10k/images/2e7a079bab27e57fb6209db61cd03bfe.jpg,2e7a079bab27e57fb6209db61cd03bfe
2223,datasets/cat_10k/images/2e898d4e1143a3015e3e7dc4fcc9162c.jpg,2e898d4e1143a3015e3e7dc4fcc9162c
2224,datasets/cat_10k/images/2e8b2df053a54886ef799e563e30a973.jpg,2e8b2df053a54886ef799e563e30a973
2225,datasets/cat_10k/images/2e8c29f53339bb9dcbdcad140b326be2.jpg,2e8c29f53339bb9dcbdcad140b326be2
2226,datasets/cat_10k/images/2e8e63eb6977dab23a10474ec9de6164.jpg,2e8e63eb6977dab23a10474ec9de6164
2227,datasets/cat_10k/images/2e8fed777a692d83ca4703c2aad87e1a.jpg,2e8fed777a692d83ca4703c2aad87e1a
2228,datasets/cat_10k/images/2e92d0f99a85b90ce39fc853a7ea83a4.jpg,2e92d0f99a85b90ce39fc853a7ea83a4
2229,datasets/cat_10k/images/2e9c9390512ee17b2ae9d57e534efb4b.jpg,2e9c9390512ee17b2ae9d57e534efb4b
2230,datasets/cat_10k/images/2ea540f38fae6281f7a8c62672a241bb.jpg,2ea540f38fae6281f7a8c62672a241bb
2231,datasets/cat_10k/images/2eb03df4214078b7cd3582c752a25371.jpg,2eb03df4214078b7cd3582c752a25371
2232,datasets/cat_10k/images/2eb1a5f166529f74919017b2957c3eb2.jpg,2eb1a5f166529f74919017b2957c3eb2
2233,datasets/cat_10k/images/2eb2bf077688240254985974322566f9.jpg,2eb2bf077688240254985974322566f9
2234,datasets/cat_10k/images/2ebe4bfd24fc340e85111494504d1136.jpg,2ebe4bfd24fc340e85111494504d1136
2235,datasets/cat_10k/images/2ece8a4ee3d2608da04883ca97fc6756.jpg,2ece8a4ee3d2608da04883ca97fc6756
2236,datasets/cat_10k/images/2ee03d22bd5c9ca7c4e6857c12a0c06a.jpg,2ee03d22bd5c9ca7c4e6857c12a0c06a
2237,datasets/cat_10k/images/2ee1b2b1d824bbab16762fa2098d91cf.jpg,2ee1b2b1d824bbab16762fa2098d91cf
2238,datasets/cat_10k/images/2ee59fd0467ef207d64c8ae8ce93d7c9.jpg,2ee59fd0467ef207d64c8ae8ce93d7c9
2239,datasets/cat_10k/images/2ee813a54239f494db7e11f3023d6550.jpg,2ee813a54239f494db7e11f3023d6550
2240,datasets/cat_10k/images/2eeaca504010050a29f9f687f32234fa.jpg,2eeaca504010050a29f9f687f32234fa
2241,datasets/cat_10k/images/2ef3465a1c390b5598cccccf1d90cb55.jpg,2ef3465a1c390b5598cccccf1d90cb55
2242,datasets/cat_10k/images/2ef34e429e0cfcff40fc73297d404db7.jpg,2ef34e429e0cfcff40fc73297d404db7
2243,datasets/cat_10k/images/2ef483eee5d9004510c90356d5bb36c4.jpg,2ef483eee5d9004510c90356d5bb36c4
2244,datasets/cat_10k/images/2ef938cc2de801e5f0329c81976999d7.jpg,2ef938cc2de801e5f0329c81976999d7
2245,datasets/cat_10k/images/2efa7d775d63efd7fc0bcdc98c144c90.jpg,2efa7d775d63efd7fc0bcdc98c144c90
2246,datasets/cat_10k/images/2f00a3e6481757756e9afbd5c7d45bc8.jpg,2f00a3e6481757756e9afbd5c7d45bc8
2247,datasets/cat_10k/images/2f030f2b8969a71c6b8f8fa5522ecfc6.jpg,2f030f2b8969a71c6b8f8fa5522ecfc6
2248,datasets/cat_10k/images/2f0a562f152e6e0b9b0f74a776e96d11.jpg,2f0a562f152e6e0b9b0f74a776e96d11
2249,datasets/cat_10k/images/2f0c643332b08c52cccf1666837abf6c.jpg,2f0c643332b08c52cccf1666837abf6c
2250,datasets/cat_10k/images/2f1536009be37a4302116c7f638825c0.jpg,2f1536009be37a4302116c7f638825c0
2251,datasets/cat_10k/images/2f2083479893b69944157a0c032f7ea6.jpg,2f2083479893b69944157a0c032f7ea6
2252,datasets/cat_10k/images/2f238b86e1544633b4083263e7533ab2.jpg,2f238b86e1544633b4083263e7533ab2
2253,datasets/cat_10k/images/2f2547d62cb19c0269514c9482f27f22.jpg,2f2547d62cb19c0269514c9482f27f22
2254,datasets/cat_10k/images/2f29f2c4a223aee43c24974f042296d7.jpg,2f29f2c4a223aee43c24974f042296d7
2255,datasets/cat_10k/images/2f2a1635d6cd18974ca3e1f87158616a.jpg,2f2a1635d6cd18974ca3e1f87158616a
2256,datasets/cat_10k/images/2f3f663d02cee4587442004d7b90a10d.jpg,2f3f663d02cee4587442004d7b90a10d
2257,datasets/cat_10k/images/2f3f8da1ff1fa4ad1f9be21ae790a586.jpg,2f3f8da1ff1fa4ad1f9be21ae790a586
2258,datasets/cat_10k/images/2f528b3e22dccebd06fd48dd3735c878.jpg,2f528b3e22dccebd06fd48dd3735c878
2259,datasets/cat_10k/images/2f65c3949e86c8eb3f4ff40091df4249.jpg,2f65c3949e86c8eb3f4ff40091df4249
2260,datasets/cat_10k/images/2f6b2ceba704f9c180cedf74b84f6018.jpg,2f6b2ceba704f9c180cedf74b84f6018
2261,datasets/cat_10k/images/2f6c2ccd8723769fb1da60ee38404f49.jpg,2f6c2ccd8723769fb1da60ee38404f49
2262,datasets/cat_10k/images/2f74daa44a53186e4f121ed087602834.jpg,2f74daa44a53186e4f121ed087602834
2263,datasets/cat_10k/images/2f7889f1659011f4b76f2c6c60c9fb61.jpg,2f7889f1659011f4b76f2c6c60c9fb61
2264,datasets/cat_10k/images/2f7f132a3fbab8bd1ab962b41e936564.jpg,2f7f132a3fbab8bd1ab962b41e936564
2265,datasets/cat_10k/images/2f826c4323160991f458f43c796b0bc8.jpg,2f826c4323160991f458f43c796b0bc8
2266,datasets/cat_10k/images/2f95df5735c32f4ec063e40d8a22c2fd.jpg,2f95df5735c32f4ec063e40d8a22c2fd
2267,datasets/cat_10k/images/2f9773db1d98cf9e1a948bbf95eeeb7e.jpg,2f9773db1d98cf9e1a948bbf95eeeb7e
2268,datasets/cat_10k/images/2f9afd695824f1c63a3037af2e76897c.jpg,2f9afd695824f1c63a3037af2e76897c
2269,datasets/cat_10k/images/2fa15283f4fc67f92cdd9fed16333af1.jpg,2fa15283f4fc67f92cdd9fed16333af1
2270,datasets/cat_10k/images/2fa49a39ef87f23c353abe6ed297981a.jpg,2fa49a39ef87f23c353abe6ed297981a
2271,datasets/cat_10k/images/2fa766d434629836e001c06818b8116c.jpg,2fa766d434629836e001c06818b8116c
2272,datasets/cat_10k/images/2fa82ced79255e7ea2a1889bc43a5e2d.jpg,2fa82ced79255e7ea2a1889bc43a5e2d
2273,datasets/cat_10k/images/2fb30c0ebd8254d95daed4c6cab393e4.jpg,2fb30c0ebd8254d95daed4c6cab393e4
2274,datasets/cat_10k/images/2fb4b6cf6205dcfa8b620249129cdc83.jpg,2fb4b6cf6205dcfa8b620249129cdc83
2275,datasets/cat_10k/images/2fbc453d07bd6df661381995d4ca4073.jpg,2fbc453d07bd6df661381995d4ca4073
2276,datasets/cat_10k/images/2fc8da852b983bf5f5c61deacfef37ad.jpg,2fc8da852b983bf5f5c61deacfef37ad
2277,datasets/cat_10k/images/2fc95e7ff21a5b0bd2f983d5c270d096.jpg,2fc95e7ff21a5b0bd2f983d5c270d096
2278,datasets/cat_10k/images/2fd148952f14e7c56a510e1625174deb.jpg,2fd148952f14e7c56a510e1625174deb
2279,datasets/cat_10k/images/2ff52bf277ba54c5f3cdcc7dfdb338ce.jpg,2ff52bf277ba54c5f3cdcc7dfdb338ce
2280,datasets/cat_10k/images/2ff9edc61b8912a3aa110bab334f2444.jpg,2ff9edc61b8912a3aa110bab334f2444
2281,datasets/cat_10k/images/30044f93ca85a30f0cb27cb050d2f2b7.jpg,30044f93ca85a30f0cb27cb050d2f2b7
2282,datasets/cat_10k/images/3008c9e50205cea64fad94e6d46d50e5.jpg,3008c9e50205cea64fad94e6d46d50e5
2283,datasets/cat_10k/images/300c1ee45e932105f9a5372c5d40d255.jpg,300c1ee45e932105f9a5372c5d40d255
2284,datasets/cat_10k/images/300ef1c3bbd360c84841922b8b25e8bf.jpg,300ef1c3bbd360c84841922b8b25e8bf
2285,datasets/cat_10k/images/30102654da2657a3011cdb2859331b4e.jpg,30102654da2657a3011cdb2859331b4e
2286,datasets/cat_10k/images/3011993a81ecc8f17fb7dcc892e134d4.jpg,3011993a81ecc8f17fb7dcc892e134d4
2287,datasets/cat_10k/images/30136ad5efdcbb043234c8d0e168eeef.jpg,30136ad5efdcbb043234c8d0e168eeef
2288,datasets/cat_10k/images/3017719e005c07520eb4f5e225621f2e.jpg,3017719e005c07520eb4f5e225621f2e
2289,datasets/cat_10k/images/30183d688efdb27a1c06be595ab26237.jpg,30183d688efdb27a1c06be595ab26237
2290,datasets/cat_10k/images/30221769382526e828fdcf6759fc076f.jpg,30221769382526e828fdcf6759fc076f
2291,datasets/cat_10k/images/3025b5a232ab8e1796087a6b206d6352.jpg,3025b5a232ab8e1796087a6b206d6352
2292,datasets/cat_10k/images/302a3d6ee0f6bcd966f84f29f8061476.jpg,302a3d6ee0f6bcd966f84f29f8061476
2293,datasets/cat_10k/images/302ecef9f103bb0a9644bb8cb9bd7ec3.jpg,302ecef9f103bb0a9644bb8cb9bd7ec3
2294,datasets/cat_10k/images/303cba6d2b92108d2f9a5030d98d9021.jpg,303cba6d2b92108d2f9a5030d98d9021
2295,datasets/cat_10k/images/3048d820a20e26bc708cc2e1d7972baf.jpg,3048d820a20e26bc708cc2e1d7972baf
2296,datasets/cat_10k/images/304b5bf59f6f6057b2e5a55151e0d414.jpg,304b5bf59f6f6057b2e5a55151e0d414
2297,datasets/cat_10k/images/305b308e188e2513c32e281e7e5c3ed9.jpg,305b308e188e2513c32e281e7e5c3ed9
2298,datasets/cat_10k/images/305fff0d814d7779cf985cf15b2aa419.jpg,305fff0d814d7779cf985cf15b2aa419
2299,datasets/cat_10k/images/307477481f37ffa373b69ae842c5479c.jpg,307477481f37ffa373b69ae842c5479c
2300,datasets/cat_10k/images/3078e11f0c46f8db6de8e056cef23da4.jpg,3078e11f0c46f8db6de8e056cef23da4
2301,datasets/cat_10k/images/307d9d435625a980a738335c2f5be7fd.jpg,307d9d435625a980a738335c2f5be7fd
2302,datasets/cat_10k/images/308dc60c8c7db43b91a9840072fc0001.jpg,308dc60c8c7db43b91a9840072fc0001
2303,datasets/cat_10k/images/3095cea8c294c956dc6929a75d98552d.jpg,3095cea8c294c956dc6929a75d98552d
2304,datasets/cat_10k/images/309b24dd20e2400bba0e03e7940f3f09.jpg,309b24dd20e2400bba0e03e7940f3f09
2305,datasets/cat_10k/images/30b0562de51d1a5053acdd7b0580358f.jpg,30b0562de51d1a5053acdd7b0580358f
2306,datasets/cat_10k/images/30b3abb56bf15ec1a9ff88776a813324.jpg,30b3abb56bf15ec1a9ff88776a813324
2307,datasets/cat_10k/images/30b59b95b8873b7956e5854c54a3395f.jpg,30b59b95b8873b7956e5854c54a3395f
2308,datasets/cat_10k/images/30ba60375d360959dbf5f78d5015d7ec.jpg,30ba60375d360959dbf5f78d5015d7ec
2309,datasets/cat_10k/images/30bcdf17c06a5c1c4cd2c1fedbb4f081.jpg,30bcdf17c06a5c1c4cd2c1fedbb4f081
2310,datasets/cat_10k/images/30c20c056bb019f1392de68625abe24e.jpg,30c20c056bb019f1392de68625abe24e
2311,datasets/cat_10k/images/30c330d420bd3e56a27301118c67b519.jpg,30c330d420bd3e56a27301118c67b519
2312,datasets/cat_10k/images/30c966e2ff21c6329e163d9994e00f9e.jpg,30c966e2ff21c6329e163d9994e00f9e
2313,datasets/cat_10k/images/30c9d3e85e7999abc9c2e8c8359dce34.jpg,30c9d3e85e7999abc9c2e8c8359dce34
2314,datasets/cat_10k/images/30d3ecd0b672731af0eca40b49f86954.jpg,30d3ecd0b672731af0eca40b49f86954
2315,datasets/cat_10k/images/30dbd0f89a0036313468436f4fd66160.jpg,30dbd0f89a0036313468436f4fd66160
2316,datasets/cat_10k/images/30dddc544805f751a083a35706a6b9ab.jpg,30dddc544805f751a083a35706a6b9ab
2317,datasets/cat_10k/images/30e0586f622b22f38b922f3d8ece676a.jpg,30e0586f622b22f38b922f3d8ece676a
2318,datasets/cat_10k/images/30e3dc8bb05421480559d8670236557a.jpg,30e3dc8bb05421480559d8670236557a
2319,datasets/cat_10k/images/30ece4827c7f619275efba350a43b179.jpg,30ece4827c7f619275efba350a43b179
2320,datasets/cat_10k/images/30f1bd7157432de7660c76a07b62311e.jpg,30f1bd7157432de7660c76a07b62311e
2321,datasets/cat_10k/images/30f3b59aec3754d3dc45caed8a56f814.jpg,30f3b59aec3754d3dc45caed8a56f814
2322,datasets/cat_10k/images/31051e10666a3ed9b70f7b8453e240be.jpg,31051e10666a3ed9b70f7b8453e240be
2323,datasets/cat_10k/images/3109f086faaa09cae34d5b597ee8fd45.jpg,3109f086faaa09cae34d5b597ee8fd45
2324,datasets/cat_10k/images/310e40df9bb28bccea0d84176cc19871.jpg,310e40df9bb28bccea0d84176cc19871
2325,datasets/cat_10k/images/311381cb42f9df02504c88a127fa1653.jpg,311381cb42f9df02504c88a127fa1653
2326,datasets/cat_10k/images/31143d6a9a42f933dd92b7170b42e30a.jpg,31143d6a9a42f933dd92b7170b42e30a
2327,datasets/cat_10k/images/3125bf7ec35fcc5572eb244fc394d72f.jpg,3125bf7ec35fcc5572eb244fc394d72f
2328,datasets/cat_10k/images/31355be82ab7e11db58a2ebcc34fc883.jpg,31355be82ab7e11db58a2ebcc34fc883
2329,datasets/cat_10k/images/313605601ac80ea07e1aa1fb7225e1c6.jpg,313605601ac80ea07e1aa1fb7225e1c6
2330,datasets/cat_10k/images/3137b461ca6d5941b2dfe305abe9e535.jpg,3137b461ca6d5941b2dfe305abe9e535
2331,datasets/cat_10k/images/313984a618c07395bdf7750f0e1dc598.jpg,313984a618c07395bdf7750f0e1dc598
2332,datasets/cat_10k/images/313e22ead9394bfab9a92b8276b9ad89.jpg,313e22ead9394bfab9a92b8276b9ad89
2333,datasets/cat_10k/images/31439783f0e8f4572295aa771c167d97.jpg,31439783f0e8f4572295aa771c167d97
2334,datasets/cat_10k/images/314e94412dd1cba44955b66bba73bfd5.jpg,314e94412dd1cba44955b66bba73bfd5
2335,datasets/cat_10k/images/31506eaf6230d1f8acceb9dfa2c17f18.jpg,31506eaf6230d1f8acceb9dfa2c17f18
2336,datasets/cat_10k/images/3168a0ba421e78c953425c98b9753e24.jpg,3168a0ba421e78c953425c98b9753e24
2337,datasets/cat_10k/images/316cf99c44e7fc29ccd4b08b0006bdd0.jpg,316cf99c44e7fc29ccd4b08b0006bdd0
2338,datasets/cat_10k/images/317bfbed904cb780cbccdd3e99207a65.jpg,317bfbed904cb780cbccdd3e99207a65
2339,datasets/cat_10k/images/318085493c37e2a8c60afde2fea5f9b7.jpg,318085493c37e2a8c60afde2fea5f9b7
2340,datasets/cat_10k/images/318295db088c4d3296e714a042763422.jpg,318295db088c4d3296e714a042763422
2341,datasets/cat_10k/images/3185e6fdb27c67d83a84f6291a06f4f0.jpg,3185e6fdb27c67d83a84f6291a06f4f0
2342,datasets/cat_10k/images/318c10974d59c7ce97534d2b113527fc.jpg,318c10974d59c7ce97534d2b113527fc
2343,datasets/cat_10k/images/3191a66043ba848716a1f5ce986a388d.jpg,3191a66043ba848716a1f5ce986a388d
2344,datasets/cat_10k/images/319acabfd7106e66da4d7e2b02c551ef.jpg,319acabfd7106e66da4d7e2b02c551ef
2345,datasets/cat_10k/images/319f1aba79fd3f692aaee2714146da3c.jpg,319f1aba79fd3f692aaee2714146da3c
2346,datasets/cat_10k/images/31a7bf4f48250f309b6bd757d7d0de6a.jpg,31a7bf4f48250f309b6bd757d7d0de6a
2347,datasets/cat_10k/images/31ab35135bbaa2548aae33e27dac3fbc.jpg,31ab35135bbaa2548aae33e27dac3fbc
2348,datasets/cat_10k/images/31b02f849bb9ac6ab9ebda09f5b28bf2.jpg,31b02f849bb9ac6ab9ebda09f5b28bf2
2349,datasets/cat_10k/images/31b10a1720aff954e0f0100dba0fe53d.jpg,31b10a1720aff954e0f0100dba0fe53d
2350,datasets/cat_10k/images/31b7b4de565be17fc58f14a1bdafa56f.jpg,31b7b4de565be17fc58f14a1bdafa56f
2351,datasets/cat_10k/images/31c50ae16bb259cb214f0e47d8793a9a.jpg,31c50ae16bb259cb214f0e47d8793a9a
2352,datasets/cat_10k/images/31d42f02f5f2bea256ba1153c42ab512.jpg,31d42f02f5f2bea256ba1153c42ab512
2353,datasets/cat_10k/images/31e03a4f1dcfdb258c619ab311f9a79d.jpg,31e03a4f1dcfdb258c619ab311f9a79d
2354,datasets/cat_10k/images/31e9b0cbd6134621bb80f613f1c5fce7.jpg,31e9b0cbd6134621bb80f613f1c5fce7
2355,datasets/cat_10k/images/31ed2237fb20d37cd2c6efbf4a27e43b.jpg,31ed2237fb20d37cd2c6efbf4a27e43b
2356,datasets/cat_10k/images/31fc72a5188f1d64511821e312d5c924.jpg,31fc72a5188f1d64511821e312d5c924
2357,datasets/cat_10k/images/31ff3fb78800145d39a08b3926fa85f3.jpg,31ff3fb78800145d39a08b3926fa85f3
2358,datasets/cat_10k/images/320131b9a8175f2c481a98cb137c3d47.jpg,320131b9a8175f2c481a98cb137c3d47
2359,datasets/cat_10k/images/320f8845944a887be0d40e6405e8c175.jpg,320f8845944a887be0d40e6405e8c175
2360,datasets/cat_10k/images/321213fa4e6fa125017429e6631c5ec3.jpg,321213fa4e6fa125017429e6631c5ec3
2361,datasets/cat_10k/images/321386cb353c2ba6b38408064f328a2a.jpg,321386cb353c2ba6b38408064f328a2a
2362,datasets/cat_10k/images/321b8a9841cbcc40c147f54dfc90b322.jpg,321b8a9841cbcc40c147f54dfc90b322
2363,datasets/cat_10k/images/3222d5ecbcb9b24777862206cc050056.jpg,3222d5ecbcb9b24777862206cc050056
2364,datasets/cat_10k/images/322dbe4bea5b5542eb550a4def1ab956.jpg,322dbe4bea5b5542eb550a4def1ab956
2365,datasets/cat_10k/images/3232bfc8007bb3d4f18954c4794df65a.jpg,3232bfc8007bb3d4f18954c4794df65a
2366,datasets/cat_10k/images/323815e07278c5d3da304d78af13ce7b.jpg,323815e07278c5d3da304d78af13ce7b
2367,datasets/cat_10k/images/3239b38bc351571e530da3c1a99a9895.jpg,3239b38bc351571e530da3c1a99a9895
2368,datasets/cat_10k/images/3244ce03e71e0c5299c4cb76bf726506.jpg,3244ce03e71e0c5299c4cb76bf726506
2369,datasets/cat_10k/images/32465109ff52907917274545e6707c13.jpg,32465109ff52907917274545e6707c13
2370,datasets/cat_10k/images/3248de6f6c10485b2d0f29ac1e649d55.jpg,3248de6f6c10485b2d0f29ac1e649d55
2371,datasets/cat_10k/images/324a6b36f5a097e4c495cd81f1ad3451.jpg,324a6b36f5a097e4c495cd81f1ad3451
2372,datasets/cat_10k/images/324f184aa12b0f93377be1e45e338e71.jpg,324f184aa12b0f93377be1e45e338e71
2373,datasets/cat_10k/images/3259516749c77420539fae36773abcc7.jpg,3259516749c77420539fae36773abcc7
2374,datasets/cat_10k/images/32677c7947365ba6505e5886454637d9.jpg,32677c7947365ba6505e5886454637d9
2375,datasets/cat_10k/images/327870a577f39485f750c467228d2d75.jpg,327870a577f39485f750c467228d2d75
2376,datasets/cat_10k/images/3279ca4e4dc9066ecafded6b08d3a5c7.jpg,3279ca4e4dc9066ecafded6b08d3a5c7
2377,datasets/cat_10k/images/327a835b661b61dd17ce6d09d6e895e0.jpg,327a835b661b61dd17ce6d09d6e895e0
2378,datasets/cat_10k/images/327c0ac44f75204d6456237863bfff3e.jpg,327c0ac44f75204d6456237863bfff3e
2379,datasets/cat_10k/images/328854fc70819c36eacae2705d155bcd.jpg,328854fc70819c36eacae2705d155bcd
2380,datasets/cat_10k/images/328a569fdd4eb5278e61fc1a48be2e0f.jpg,328a569fdd4eb5278e61fc1a48be2e0f
2381,datasets/cat_10k/images/329135ef1e53ac9916d22f58089c29fb.jpg,329135ef1e53ac9916d22f58089c29fb
2382,datasets/cat_10k/images/329db3336705bd4e10f61afd634f88c4.jpg,329db3336705bd4e10f61afd634f88c4
2383,datasets/cat_10k/images/32a2334cab48ec1c31564c86bce0a9d8.jpg,32a2334cab48ec1c31564c86bce0a9d8
2384,datasets/cat_10k/images/32a2f0d0adb5ccce58b0630b32ea2af9.jpg,32a2f0d0adb5ccce58b0630b32ea2af9
2385,datasets/cat_10k/images/32b2ea542278b158ec5184e58f57617e.jpg,32b2ea542278b158ec5184e58f57617e
2386,datasets/cat_10k/images/32bd1770a4b022a9a97ed15c044d3a75.jpg,32bd1770a4b022a9a97ed15c044d3a75
2387,datasets/cat_10k/images/32bd815989c7e7d4b3793042e3889c75.jpg,32bd815989c7e7d4b3793042e3889c75
2388,datasets/cat_10k/images/32cb57801b39e35978a720fa5585f665.jpg,32cb57801b39e35978a720fa5585f665
2389,datasets/cat_10k/images/32ce87a4d3451bb2c954d7da43ee320d.jpg,32ce87a4d3451bb2c954d7da43ee320d
2390,datasets/cat_10k/images/32cec91bfb0bc116171195f513576395.jpg,32cec91bfb0bc116171195f513576395
2391,datasets/cat_10k/images/32d04cbe8b6ac2b195022279ee8c44b5.jpg,32d04cbe8b6ac2b195022279ee8c44b5
2392,datasets/cat_10k/images/32d6bc1515ee4c337288995e9b527236.jpg,32d6bc1515ee4c337288995e9b527236
2393,datasets/cat_10k/images/32daea18fa4e880f33877d211e2b7dd0.jpg,32daea18fa4e880f33877d211e2b7dd0
2394,datasets/cat_10k/images/32f4b260c837cda84a0edff51015ddbe.jpg,32f4b260c837cda84a0edff51015ddbe
2395,datasets/cat_10k/images/32f5eecf9ac94680eec92a1cd9fd0a26.jpg,32f5eecf9ac94680eec92a1cd9fd0a26
2396,datasets/cat_10k/images/33033436ccff7e17ae4f063cdb9860cf.jpg,33033436ccff7e17ae4f063cdb9860cf
2397,datasets/cat_10k/images/330554c414093b100cb7992ed939c658.jpg,330554c414093b100cb7992ed939c658
2398,datasets/cat_10k/images/330f1b8863862894b5a693cd60042146.jpg,330f1b8863862894b5a693cd60042146
2399,datasets/cat_10k/images/33102f0bb9b2e50a6f34362c47e6c781.jpg,33102f0bb9b2e50a6f34362c47e6c781
2400,datasets/cat_10k/images/33122ffb6a204d2b76055dfd6e7c3b18.jpg,33122ffb6a204d2b76055dfd6e7c3b18
2401,datasets/cat_10k/images/331595441c3f1f56fc9dcba291fd477c.jpg,331595441c3f1f56fc9dcba291fd477c
2402,datasets/cat_10k/images/331957198c10010654a174ed160c4dff.jpg,331957198c10010654a174ed160c4dff
2403,datasets/cat_10k/images/331d7bc399946c8db2dacc91a7ff368e.jpg,331d7bc399946c8db2dacc91a7ff368e
2404,datasets/cat_10k/images/3327ec2d7064236f50c5f3c97c886c5a.jpg,3327ec2d7064236f50c5f3c97c886c5a
2405,datasets/cat_10k/images/332cc64266b5c6dffa1c7f0119fc4a50.jpg,332cc64266b5c6dffa1c7f0119fc4a50
2406,datasets/cat_10k/images/3337c2c6c5aee06bd0917d13997376be.jpg,3337c2c6c5aee06bd0917d13997376be
2407,datasets/cat_10k/images/3355eb3cc690a0f18bae08e2d2a5334d.jpg,3355eb3cc690a0f18bae08e2d2a5334d
2408,datasets/cat_10k/images/33561deb395e7e270a582ed7c4c131df.jpg,33561deb395e7e270a582ed7c4c131df
2409,datasets/cat_10k/images/3360c7daad2093a0c49757a7b96d3f28.jpg,3360c7daad2093a0c49757a7b96d3f28
2410,datasets/cat_10k/images/3369188159400b0d1da35b906fee76ad.jpg,3369188159400b0d1da35b906fee76ad
2411,datasets/cat_10k/images/336f0af001f78a247e55f0f9be2c4e3b.jpg,336f0af001f78a247e55f0f9be2c4e3b
2412,datasets/cat_10k/images/33775b809f47f7aae55f6208bc5d0a8f.jpg,33775b809f47f7aae55f6208bc5d0a8f
2413,datasets/cat_10k/images/3382f1c9d7b251862333fb2d0fd95fd9.jpg,3382f1c9d7b251862333fb2d0fd95fd9
2414,datasets/cat_10k/images/3386694bf85369ba9ff26a146667a196.jpg,3386694bf85369ba9ff26a146667a196
2415,datasets/cat_10k/images/338d44ee0bfb5aa5fae0acc8cd5c52e7.jpg,338d44ee0bfb5aa5fae0acc8cd5c52e7
2416,datasets/cat_10k/images/33945a3e7df5e54d17876a3265ba6b1a.jpg,33945a3e7df5e54d17876a3265ba6b1a
2417,datasets/cat_10k/images/33b81a8c1786028371b368dfe9d16fcf.jpg,33b81a8c1786028371b368dfe9d16fcf
2418,datasets/cat_10k/images/33bf1bc4463e36fd9f143b3a9edeb764.jpg,33bf1bc4463e36fd9f143b3a9edeb764
2419,datasets/cat_10k/images/33bf3a99b0cce12eb6f896c44eb7efc9.jpg,33bf3a99b0cce12eb6f896c44eb7efc9
2420,datasets/cat_10k/images/33d34de861986fdfffcff19d8d707b40.jpg,33d34de861986fdfffcff19d8d707b40
2421,datasets/cat_10k/images/33d6024cb2da59eab3b740e69031eb33.jpg,33d6024cb2da59eab3b740e69031eb33
2422,datasets/cat_10k/images/33dd540158d91dd6911513e3bcfa3f23.jpg,33dd540158d91dd6911513e3bcfa3f23
2423,datasets/cat_10k/images/33e530d53199bc2f15e94996b25dad5e.jpg,33e530d53199bc2f15e94996b25dad5e
2424,datasets/cat_10k/images/33eca64f8faf0a6f40b0f8503908d429.jpg,33eca64f8faf0a6f40b0f8503908d429
2425,datasets/cat_10k/images/3400e7e2a62bfe0d807578ef81304f68.jpg,3400e7e2a62bfe0d807578ef81304f68
2426,datasets/cat_10k/images/3402935f9b6ad1edf5a2487a6c6ff4c8.jpg,3402935f9b6ad1edf5a2487a6c6ff4c8
2427,datasets/cat_10k/images/340460faaeb158aac76e5e57be253f72.jpg,340460faaeb158aac76e5e57be253f72
2428,datasets/cat_10k/images/340798f63a973dc233435d1f24e85fdf.jpg,340798f63a973dc233435d1f24e85fdf
2429,datasets/cat_10k/images/340899efc11eea8ee6a17f5913245587.jpg,340899efc11eea8ee6a17f5913245587
2430,datasets/cat_10k/images/341bcb8a78ee140b128cb77b4676a4e0.jpg,341bcb8a78ee140b128cb77b4676a4e0
2431,datasets/cat_10k/images/34258157f4373103bc4d54d683341cbc.jpg,34258157f4373103bc4d54d683341cbc
2432,datasets/cat_10k/images/342bcb9477d93a6958c81bc8641e5b8b.jpg,342bcb9477d93a6958c81bc8641e5b8b
2433,datasets/cat_10k/images/34390fd05f1dd92ce047e45349c6a858.jpg,34390fd05f1dd92ce047e45349c6a858
2434,datasets/cat_10k/images/3443335650f44d36d675d6fe23450443.jpg,3443335650f44d36d675d6fe23450443
2435,datasets/cat_10k/images/34472c8a81c9423793b60100896e94dd.jpg,34472c8a81c9423793b60100896e94dd
2436,datasets/cat_10k/images/3450f284be961c61a21c0abdddb5b2ca.jpg,3450f284be961c61a21c0abdddb5b2ca
2437,datasets/cat_10k/images/345386bc9b550eb666cf4ad36a7f5ba0.jpg,345386bc9b550eb666cf4ad36a7f5ba0
2438,datasets/cat_10k/images/3456e6cfa7b2f30f3a7cf091a51131e7.jpg,3456e6cfa7b2f30f3a7cf091a51131e7
2439,datasets/cat_10k/images/345c8f5e83710996c61c56b3a7e479d3.jpg,345c8f5e83710996c61c56b3a7e479d3
2440,datasets/cat_10k/images/346081adad4214f2889c6ff91af84444.jpg,346081adad4214f2889c6ff91af84444
2441,datasets/cat_10k/images/346514bdb8c862d40c4bf448ff714171.jpg,346514bdb8c862d40c4bf448ff714171
2442,datasets/cat_10k/images/34849264a59a06f4896184bcda3d3c0f.jpg,34849264a59a06f4896184bcda3d3c0f
2443,datasets/cat_10k/images/34850c172926852f4fce132672fd47a5.jpg,34850c172926852f4fce132672fd47a5
2444,datasets/cat_10k/images/34875ff7dd4404ef2fba66bb8d30bbfd.jpg,34875ff7dd4404ef2fba66bb8d30bbfd
2445,datasets/cat_10k/images/34884cf9f1d45b90fca03f3c08f5c772.jpg,34884cf9f1d45b90fca03f3c08f5c772
2446,datasets/cat_10k/images/348b95de433e7d658985942f587dd723.jpg,348b95de433e7d658985942f587dd723
2447,datasets/cat_10k/images/348ef71a47cd83e9269917c6a14efae4.jpg,348ef71a47cd83e9269917c6a14efae4
2448,datasets/cat_10k/images/3497e05af8f82af9b35a2daa166cb5f3.jpg,3497e05af8f82af9b35a2daa166cb5f3
2449,datasets/cat_10k/images/34a08b39deaf64693cfde73453192b63.jpg,34a08b39deaf64693cfde73453192b63
2450,datasets/cat_10k/images/34a7de4f31d57d73bd0472780b98409c.jpg,34a7de4f31d57d73bd0472780b98409c
2451,datasets/cat_10k/images/34aa29241145ab9fe2c7f684788d1fb4.jpg,34aa29241145ab9fe2c7f684788d1fb4
2452,datasets/cat_10k/images/34aa85eec6352c522c3df8d3d53641eb.jpg,34aa85eec6352c522c3df8d3d53641eb
2453,datasets/cat_10k/images/34ab4640ae48f53a317a2c8edb4efd55.jpg,34ab4640ae48f53a317a2c8edb4efd55
2454,datasets/cat_10k/images/34abc0f867cff7f634ee3d1b4409b1c6.jpg,34abc0f867cff7f634ee3d1b4409b1c6
2455,datasets/cat_10k/images/34aed89c002b0cfac882dd572ec5b4fd.jpg,34aed89c002b0cfac882dd572ec5b4fd
2456,datasets/cat_10k/images/34b09919a2ca5a7b7199770385e49a90.jpg,34b09919a2ca5a7b7199770385e49a90
2457,datasets/cat_10k/images/34b6a37a3e9505a3696531767365256b.jpg,34b6a37a3e9505a3696531767365256b
2458,datasets/cat_10k/images/34d73840541bbf48699faf74513f982d.jpg,34d73840541bbf48699faf74513f982d
2459,datasets/cat_10k/images/34e5775966dd2c75a3f646919b69faf7.jpg,34e5775966dd2c75a3f646919b69faf7
2460,datasets/cat_10k/images/34ef4ee24bdf7cf891f97813d2accad2.jpg,34ef4ee24bdf7cf891f97813d2accad2
2461,datasets/cat_10k/images/34f16141575747dccd93ac89be4d71ce.jpg,34f16141575747dccd93ac89be4d71ce
2462,datasets/cat_10k/images/34f9c2965685ab46512f823703a506db.jpg,34f9c2965685ab46512f823703a506db
2463,datasets/cat_10k/images/3509ab8fcd5e9f814f2100d3ff97d7bb.jpg,3509ab8fcd5e9f814f2100d3ff97d7bb
2464,datasets/cat_10k/images/350fa61ecb0f2a56236e19eb4b54b32b.jpg,350fa61ecb0f2a56236e19eb4b54b32b
2465,datasets/cat_10k/images/351c722a6aa5633ab046bf6e55c828bf.jpg,351c722a6aa5633ab046bf6e55c828bf
2466,datasets/cat_10k/images/351e8fdb5c4d99ef35b8e605d2b4b776.jpg,351e8fdb5c4d99ef35b8e605d2b4b776
2467,datasets/cat_10k/images/352176aa20edb0701dc71e37ebd15d6c.jpg,352176aa20edb0701dc71e37ebd15d6c
2468,datasets/cat_10k/images/3523c4f27388a1e6a492d3f38f22014f.jpg,3523c4f27388a1e6a492d3f38f22014f
2469,datasets/cat_10k/images/3525460e1d803555534134898b083f84.jpg,3525460e1d803555534134898b083f84
2470,datasets/cat_10k/images/3528441342bfc818a67cf738fc567fa4.jpg,3528441342bfc818a67cf738fc567fa4
2471,datasets/cat_10k/images/35316b4ccbe50bd902d85616553c1a76.jpg,35316b4ccbe50bd902d85616553c1a76
2472,datasets/cat_10k/images/35396190e4fb5df9660e7cf798c1c9be.jpg,35396190e4fb5df9660e7cf798c1c9be
2473,datasets/cat_10k/images/353966e7765187f4cc42a317ee33bf87.jpg,353966e7765187f4cc42a317ee33bf87
2474,datasets/cat_10k/images/354599dd29230218fdf397f3996db6fd.jpg,354599dd29230218fdf397f3996db6fd
2475,datasets/cat_10k/images/354956ea815313244e940aaa03390140.jpg,354956ea815313244e940aaa03390140
2476,datasets/cat_10k/images/354c87f3a4b9cf620061ddabe23f814c.jpg,354c87f3a4b9cf620061ddabe23f814c
2477,datasets/cat_10k/images/355626b9d0a5cc4e533c4b28e8a9ac81.jpg,355626b9d0a5cc4e533c4b28e8a9ac81
2478,datasets/cat_10k/images/3562ef65fa8c3e401a6d9c336d1fc550.jpg,3562ef65fa8c3e401a6d9c336d1fc550
2479,datasets/cat_10k/images/356dc014d56159d09844ece6cb26fb15.jpg,356dc014d56159d09844ece6cb26fb15
2480,datasets/cat_10k/images/35761258b4ef29ba6b7cce49d2ac07a4.jpg,35761258b4ef29ba6b7cce49d2ac07a4
2481,datasets/cat_10k/images/357765a9ea38a57082c4fda0ff43793c.jpg,357765a9ea38a57082c4fda0ff43793c
2482,datasets/cat_10k/images/358b5749eea901f97694641379eb93ed.jpg,358b5749eea901f97694641379eb93ed
2483,datasets/cat_10k/images/3593e9767c0bf8fa41a9d8975ccc560f.jpg,3593e9767c0bf8fa41a9d8975ccc560f
2484,datasets/cat_10k/images/359b59276410a517372e79f414fe0507.jpg,359b59276410a517372e79f414fe0507
2485,datasets/cat_10k/images/359bb9002e7694c0773dd4c880ffbd9b.jpg,359bb9002e7694c0773dd4c880ffbd9b
2486,datasets/cat_10k/images/359e951a777e6cbd0452e6ac7a76818c.jpg,359e951a777e6cbd0452e6ac7a76818c
2487,datasets/cat_10k/images/35a214d47dc7bac6b4f52de233a6be86.jpg,35a214d47dc7bac6b4f52de233a6be86
2488,datasets/cat_10k/images/35b38da2db0e0da76225e88d2c66ee7b.jpg,35b38da2db0e0da76225e88d2c66ee7b
2489,datasets/cat_10k/images/35bc515a060ca403c2aa38d83ff51e7f.jpg,35bc515a060ca403c2aa38d83ff51e7f
2490,datasets/cat_10k/images/35c7cbc5bfd127e72a8b6a896cf23df4.jpg,35c7cbc5bfd127e72a8b6a896cf23df4
2491,datasets/cat_10k/images/35da7f0bd3ee5df0a8a0e220e4ef93f8.jpg,35da7f0bd3ee5df0a8a0e220e4ef93f8
2492,datasets/cat_10k/images/35e07fdc609cdee930f88f53167c35bf.jpg,35e07fdc609cdee930f88f53167c35bf
2493,datasets/cat_10k/images/35e66e0a5ec2e802f6434d63abbe75f7.jpg,35e66e0a5ec2e802f6434d63abbe75f7
2494,datasets/cat_10k/images/35e6f96cbfd26952f07f0feaaaac9f68.jpg,35e6f96cbfd26952f07f0feaaaac9f68
2495,datasets/cat_10k/images/35e8348cb35dd02c5ce54f0aa5804ee5.jpg,35e8348cb35dd02c5ce54f0aa5804ee5
2496,datasets/cat_10k/images/35efae9dab1729b6b4777ca5b09f6ca3.jpg,35efae9dab1729b6b4777ca5b09f6ca3
2497,datasets/cat_10k/images/35f23c008baf2bfdeb394cc6a573bbc3.jpg,35f23c008baf2bfdeb394cc6a573bbc3
2498,datasets/cat_10k/images/35f668e08ab7b3e0505965f16411f409.jpg,35f668e08ab7b3e0505965f16411f409
2499,datasets/cat_10k/images/35ffc390327d9042eccf595abcedc480.jpg,35ffc390327d9042eccf595abcedc480
2500,datasets/cat_10k/images/36022bd56a6cbcb4a25f2006593d2d8d.jpg,36022bd56a6cbcb4a25f2006593d2d8d
2501,datasets/cat_10k/images/360d09bbf6a2a3122ebf30af6da204e5.jpg,360d09bbf6a2a3122ebf30af6da204e5
2502,datasets/cat_10k/images/36161d6db14601c625cf3209f82aec37.jpg,36161d6db14601c625cf3209f82aec37
2503,datasets/cat_10k/images/36357671b7d763978c397f686e14d8d0.jpg,36357671b7d763978c397f686e14d8d0
2504,datasets/cat_10k/images/364e0a599bb3c3bbe64be9be92ea4624.jpg,364e0a599bb3c3bbe64be9be92ea4624
2505,datasets/cat_10k/images/3657684605ab99c1dab239a19dcbca8d.jpg,3657684605ab99c1dab239a19dcbca8d
2506,datasets/cat_10k/images/3658efaf6748de776931417ee7b1a719.jpg,3658efaf6748de776931417ee7b1a719
2507,datasets/cat_10k/images/365975ffd57103879594f265035ed6b1.jpg,365975ffd57103879594f265035ed6b1
2508,datasets/cat_10k/images/36651ce115e634169960ba55da64e676.jpg,36651ce115e634169960ba55da64e676
2509,datasets/cat_10k/images/366584198ba3622096774a6491687ff1.jpg,366584198ba3622096774a6491687ff1
2510,datasets/cat_10k/images/366606227f9118247dcb3b7755c1657d.jpg,366606227f9118247dcb3b7755c1657d
2511,datasets/cat_10k/images/3676b8991fa9ba895a1aa05f675a32db.jpg,3676b8991fa9ba895a1aa05f675a32db
2512,datasets/cat_10k/images/367754be5db1031a581033ab8e043801.jpg,367754be5db1031a581033ab8e043801
2513,datasets/cat_10k/images/367a30c8167376170870a28d31e4cce4.jpg,367a30c8167376170870a28d31e4cce4
2514,datasets/cat_10k/images/367ec77fb693e9302e7880487ec83d73.jpg,367ec77fb693e9302e7880487ec83d73
2515,datasets/cat_10k/images/36900bff960ea74c91e436f71e6f6384.jpg,36900bff960ea74c91e436f71e6f6384
2516,datasets/cat_10k/images/36974efddcaef7e59231f85669fc1359.jpg,36974efddcaef7e59231f85669fc1359
2517,datasets/cat_10k/images/3698db8e45e859d7848e2a620aa11948.jpg,3698db8e45e859d7848e2a620aa11948
2518,datasets/cat_10k/images/369f00aea8c30dd8212eb122d1b5edc8.jpg,369f00aea8c30dd8212eb122d1b5edc8
2519,datasets/cat_10k/images/36a32070ea64a83019880d32a1b0b0db.jpg,36a32070ea64a83019880d32a1b0b0db
2520,datasets/cat_10k/images/36a4e5b7afc0df24fefde6d7dba0b248.jpg,36a4e5b7afc0df24fefde6d7dba0b248
2521,datasets/cat_10k/images/36ab419841efa9c093c075efe71a39c7.jpg,36ab419841efa9c093c075efe71a39c7
2522,datasets/cat_10k/images/36acf7080991013ad6a8cf1351b3c35f.jpg,36acf7080991013ad6a8cf1351b3c35f
2523,datasets/cat_10k/images/36ae8feacd214cfbd7f441883f2103d0.jpg,36ae8feacd214cfbd7f441883f2103d0
2524,datasets/cat_10k/images/36afe502a1be8d94c1f5b268c5625449.jpg,36afe502a1be8d94c1f5b268c5625449
2525,datasets/cat_10k/images/36b3fc6dc9f8fed9d558e93bad07bf87.jpg,36b3fc6dc9f8fed9d558e93bad07bf87
2526,datasets/cat_10k/images/36c01ffd8cdba4e1ec0164f3a42b8480.jpg,36c01ffd8cdba4e1ec0164f3a42b8480
2527,datasets/cat_10k/images/36c37e8e5f5b821540294550e3fdce58.jpg,36c37e8e5f5b821540294550e3fdce58
2528,datasets/cat_10k/images/36c6863487fc75a8047a13aefc60dd1b.jpg,36c6863487fc75a8047a13aefc60dd1b
2529,datasets/cat_10k/images/36caea4d2ee016d8e966589b2d47e1b1.jpg,36caea4d2ee016d8e966589b2d47e1b1
2530,datasets/cat_10k/images/36cc978bf884052cdac1717c916448a8.jpg,36cc978bf884052cdac1717c916448a8
2531,datasets/cat_10k/images/36cd1614d0a152515051ad64e9b5f13c.jpg,36cd1614d0a152515051ad64e9b5f13c
2532,datasets/cat_10k/images/36cfeac98bf6bd42cfb4702e036c8867.jpg,36cfeac98bf6bd42cfb4702e036c8867
2533,datasets/cat_10k/images/36db2ed9f3a360d4934663eccc4c3b6d.jpg,36db2ed9f3a360d4934663eccc4c3b6d
2534,datasets/cat_10k/images/36e8035e55af08e8cb148ed1749a582f.jpg,36e8035e55af08e8cb148ed1749a582f
2535,datasets/cat_10k/images/36ea4b3b69cf947e6cc3c806be48014c.jpg,36ea4b3b69cf947e6cc3c806be48014c
2536,datasets/cat_10k/images/36ed11d2c47ac62c45c4e9279e818041.jpg,36ed11d2c47ac62c45c4e9279e818041
2537,datasets/cat_10k/images/36f703c4ee9ff4902dbafebd21d5b124.jpg,36f703c4ee9ff4902dbafebd21d5b124
2538,datasets/cat_10k/images/36f767b634d2e6ca61e32142ee77969d.jpg,36f767b634d2e6ca61e32142ee77969d
2539,datasets/cat_10k/images/3708638113925e4db51b443a5b873392.jpg,3708638113925e4db51b443a5b873392
2540,datasets/cat_10k/images/370deca59082a8588da959777ca04a44.jpg,370deca59082a8588da959777ca04a44
2541,datasets/cat_10k/images/3713de91ea85ead4c67a6c3bcaaee69f.jpg,3713de91ea85ead4c67a6c3bcaaee69f
2542,datasets/cat_10k/images/371a47858e045bbbc11a024cc467a72f.jpg,371a47858e045bbbc11a024cc467a72f
2543,datasets/cat_10k/images/3729e667e451ed48d8ffe3362a43c28e.jpg,3729e667e451ed48d8ffe3362a43c28e
2544,datasets/cat_10k/images/372a81ad0c138e03e4db2f239c3692f6.jpg,372a81ad0c138e03e4db2f239c3692f6
2545,datasets/cat_10k/images/372abc559a111f25a386b0cd878b9c5c.jpg,372abc559a111f25a386b0cd878b9c5c
2546,datasets/cat_10k/images/3731ed6d083a60ea6956aa55a2f97278.jpg,3731ed6d083a60ea6956aa55a2f97278
2547,datasets/cat_10k/images/3734915bdbddf4250615bb65f2aee396.jpg,3734915bdbddf4250615bb65f2aee396
2548,datasets/cat_10k/images/3734bbbbda81b0ac7756b518bc52cfec.jpg,3734bbbbda81b0ac7756b518bc52cfec
2549,datasets/cat_10k/images/373ccd385d2255c544ada70820208685.jpg,373ccd385d2255c544ada70820208685
2550,datasets/cat_10k/images/37430806d83b7e1ba535e1f8fcc1cd08.jpg,37430806d83b7e1ba535e1f8fcc1cd08
2551,datasets/cat_10k/images/3765a29db53743a9a5f224e996ddbfe7.jpg,3765a29db53743a9a5f224e996ddbfe7
2552,datasets/cat_10k/images/376b25c1fbbddd3d99f59b0d1207eeb7.jpg,376b25c1fbbddd3d99f59b0d1207eeb7
2553,datasets/cat_10k/images/3770a30e064b8dc3f3783e14e63a5f18.jpg,3770a30e064b8dc3f3783e14e63a5f18
2554,datasets/cat_10k/images/3774da573f90432086c522e36d4dee42.jpg,3774da573f90432086c522e36d4dee42
2555,datasets/cat_10k/images/3775b096784068de44496dba152d2e46.jpg,3775b096784068de44496dba152d2e46
2556,datasets/cat_10k/images/3778c826cb74dc4cc96e03bf7c493fee.jpg,3778c826cb74dc4cc96e03bf7c493fee
2557,datasets/cat_10k/images/378a8ed19319541993be615d6f03d95c.jpg,378a8ed19319541993be615d6f03d95c
2558,datasets/cat_10k/images/378ac8095e63f9bc7660f2c32acfb9c5.jpg,378ac8095e63f9bc7660f2c32acfb9c5
2559,datasets/cat_10k/images/3792686df11935799b3b37c4b5b24cd5.jpg,3792686df11935799b3b37c4b5b24cd5
2560,datasets/cat_10k/images/37942fbe2082f0e6779d72f228fbfbc2.jpg,37942fbe2082f0e6779d72f228fbfbc2
2561,datasets/cat_10k/images/379479d46810588c3d036692c0cb65ab.jpg,379479d46810588c3d036692c0cb65ab
2562,datasets/cat_10k/images/37a53ccbeba73c016b9e48891d198e7a.jpg,37a53ccbeba73c016b9e48891d198e7a
2563,datasets/cat_10k/images/37a6270c3db73479996210001b829d8a.jpg,37a6270c3db73479996210001b829d8a
2564,datasets/cat_10k/images/37a67c8a5322e583af9bc67951f48f2c.jpg,37a67c8a5322e583af9bc67951f48f2c
2565,datasets/cat_10k/images/37b5e69410a678f7cdeb047219125ccd.jpg,37b5e69410a678f7cdeb047219125ccd
2566,datasets/cat_10k/images/37b6b19aa4202dbd76dda0e21456925d.jpg,37b6b19aa4202dbd76dda0e21456925d
2567,datasets/cat_10k/images/37c63d9feb16f624c39aa85e1bde2b27.jpg,37c63d9feb16f624c39aa85e1bde2b27
2568,datasets/cat_10k/images/37dd8969b046b7b6c1885db4719dad1b.jpg,37dd8969b046b7b6c1885db4719dad1b
2569,datasets/cat_10k/images/37e6266d298dff8b17b93c7474c20ee5.jpg,37e6266d298dff8b17b93c7474c20ee5
2570,datasets/cat_10k/images/37ea47b4bfa269cec9b144ab72be4a9b.jpg,37ea47b4bfa269cec9b144ab72be4a9b
2571,datasets/cat_10k/images/37f7359a5995734bca7382eb16cdf7db.jpg,37f7359a5995734bca7382eb16cdf7db
2572,datasets/cat_10k/images/37fa931833d729cbc56c1320df227292.jpg,37fa931833d729cbc56c1320df227292
2573,datasets/cat_10k/images/38064ddb580c00ed3dc19b6479914168.jpg,38064ddb580c00ed3dc19b6479914168
2574,datasets/cat_10k/images/38183c71729d5a14bcaa8832d140347f.jpg,38183c71729d5a14bcaa8832d140347f
2575,datasets/cat_10k/images/381d4f59e661b67f0c7a67a0ff425454.jpg,381d4f59e661b67f0c7a67a0ff425454
2576,datasets/cat_10k/images/38225d40d272dce28a2bf3f05c3c9d5b.jpg,38225d40d272dce28a2bf3f05c3c9d5b
2577,datasets/cat_10k/images/382375ace06b2b041a4d5f6dec71f1a0.jpg,382375ace06b2b041a4d5f6dec71f1a0
2578,datasets/cat_10k/images/38397c3896125c48307048356a88eb6e.jpg,38397c3896125c48307048356a88eb6e
2579,datasets/cat_10k/images/3852434036fd12704c67d13c53b3819a.jpg,3852434036fd12704c67d13c53b3819a
2580,datasets/cat_10k/images/3866d8dd5a8e3f7b2feb66ee54ec3076.jpg,3866d8dd5a8e3f7b2feb66ee54ec3076
2581,datasets/cat_10k/images/3868746cc2003abb8521111f30e7aeeb.jpg,3868746cc2003abb8521111f30e7aeeb
2582,datasets/cat_10k/images/38782d8c403f2b833eaa017a25d519cc.jpg,38782d8c403f2b833eaa017a25d519cc
2583,datasets/cat_10k/images/387b510c53c614028aa20441fc76da5b.jpg,387b510c53c614028aa20441fc76da5b
2584,datasets/cat_10k/images/388d7b005bbff84e1898ab378fe576f0.jpg,388d7b005bbff84e1898ab378fe576f0
2585,datasets/cat_10k/images/389c5e3b095dde10359f89b294e72e84.jpg,389c5e3b095dde10359f89b294e72e84
2586,datasets/cat_10k/images/38af626fde1095df3e3d6c267feb2db0.jpg,38af626fde1095df3e3d6c267feb2db0
2587,datasets/cat_10k/images/38b4da4da615cf75ac298ef7e45cdc99.jpg,38b4da4da615cf75ac298ef7e45cdc99
2588,datasets/cat_10k/images/38bcbae842ea609765488162b0440caf.jpg,38bcbae842ea609765488162b0440caf
2589,datasets/cat_10k/images/38c9155e856a0b182eb2cc81b75abb68.jpg,38c9155e856a0b182eb2cc81b75abb68
2590,datasets/cat_10k/images/38ca36fb883449d844c15bd773805bdc.jpg,38ca36fb883449d844c15bd773805bdc
2591,datasets/cat_10k/images/38d34c93adc7e26adf3ddcd9badb5fc7.jpg,38d34c93adc7e26adf3ddcd9badb5fc7
2592,datasets/cat_10k/images/38d5e624bb751cef0c414d1bc799c954.jpg,38d5e624bb751cef0c414d1bc799c954
2593,datasets/cat_10k/images/38d610b4179a23b6f1e3648756ea7af5.jpg,38d610b4179a23b6f1e3648756ea7af5
2594,datasets/cat_10k/images/38d789b7ba7ac328e4c6d631578388b9.jpg,38d789b7ba7ac328e4c6d631578388b9
2595,datasets/cat_10k/images/38df8b0300b036e1740f4b7b8dbabf6c.jpg,38df8b0300b036e1740f4b7b8dbabf6c
2596,datasets/cat_10k/images/38e6222d5f2f8ce0375f768cdb72bae9.jpg,38e6222d5f2f8ce0375f768cdb72bae9
2597,datasets/cat_10k/images/38e643701c3911b58944151c4acbfdb0.jpg,38e643701c3911b58944151c4acbfdb0
2598,datasets/cat_10k/images/38eb585ee072d04305d62a3644cefece.jpg,38eb585ee072d04305d62a3644cefece
2599,datasets/cat_10k/images/38ff986b274123062f1549af033fb5a5.jpg,38ff986b274123062f1549af033fb5a5
2600,datasets/cat_10k/images/390007797914cf2d8c6fdcdd572e5852.jpg,390007797914cf2d8c6fdcdd572e5852
2601,datasets/cat_10k/images/3900b25545685b05cf606176ce411dbe.jpg,3900b25545685b05cf606176ce411dbe
2602,datasets/cat_10k/images/390763a527b76c0a8903378b17636b47.jpg,390763a527b76c0a8903378b17636b47
2603,datasets/cat_10k/images/39096c64cf15117e031d47284204093b.jpg,39096c64cf15117e031d47284204093b
2604,datasets/cat_10k/images/3914fc49a335122480fd2a9bd7fa0541.jpg,3914fc49a335122480fd2a9bd7fa0541
2605,datasets/cat_10k/images/391da5bed82aae195510593309d89371.jpg,391da5bed82aae195510593309d89371
2606,datasets/cat_10k/images/39222ffcbbd14b46c88d435da921e2b3.jpg,39222ffcbbd14b46c88d435da921e2b3
2607,datasets/cat_10k/images/392447cf410d88cb3ec28666912b9382.jpg,392447cf410d88cb3ec28666912b9382
2608,datasets/cat_10k/images/39271dec36f51816cda2bd2d8d4923b0.jpg,39271dec36f51816cda2bd2d8d4923b0
2609,datasets/cat_10k/images/392b434a62187b07b35ceba6e4a38c6c.jpg,392b434a62187b07b35ceba6e4a38c6c
2610,datasets/cat_10k/images/392ebb4bdebb0fa9a6a77137db057669.jpg,392ebb4bdebb0fa9a6a77137db057669
2611,datasets/cat_10k/images/393d21cd6ea5ba7dfe63a1701cdccfe2.jpg,393d21cd6ea5ba7dfe63a1701cdccfe2
2612,datasets/cat_10k/images/395e07fbc50b27937701a4e3fc334519.jpg,395e07fbc50b27937701a4e3fc334519
2613,datasets/cat_10k/images/3967f15cdbee0694d6eba9b8f4a1e76c.jpg,3967f15cdbee0694d6eba9b8f4a1e76c
2614,datasets/cat_10k/images/3969e72f54fb38e9d66d18f49aa4f6ea.jpg,3969e72f54fb38e9d66d18f49aa4f6ea
2615,datasets/cat_10k/images/396a0e3436579e7e0e1c84ed534a651b.jpg,396a0e3436579e7e0e1c84ed534a651b
2616,datasets/cat_10k/images/396a20cc077a0388ee9f53a74c736af3.jpg,396a20cc077a0388ee9f53a74c736af3
2617,datasets/cat_10k/images/396bd33d91831a64b5a67095c62aa828.jpg,396bd33d91831a64b5a67095c62aa828
2618,datasets/cat_10k/images/3978947a58ab588dcf606c6eff8a4eff.jpg,3978947a58ab588dcf606c6eff8a4eff
2619,datasets/cat_10k/images/397a44acd16f43d53f7347f9d0198cfb.jpg,397a44acd16f43d53f7347f9d0198cfb
2620,datasets/cat_10k/images/397b3ad0320e92e39926d30c78b5509a.jpg,397b3ad0320e92e39926d30c78b5509a
2621,datasets/cat_10k/images/398194fb084afdea0e190b98fd64abd2.jpg,398194fb084afdea0e190b98fd64abd2
2622,datasets/cat_10k/images/3984659539a5ec00f0f0210d61e85c59.jpg,3984659539a5ec00f0f0210d61e85c59
2623,datasets/cat_10k/images/39935cf7ca90cf6226340aab384e0e96.jpg,39935cf7ca90cf6226340aab384e0e96
2624,datasets/cat_10k/images/3994aa0b294eb8979f64ac1323b70229.jpg,3994aa0b294eb8979f64ac1323b70229
2625,datasets/cat_10k/images/399e97312ebc741aec037ef68902b7e5.jpg,399e97312ebc741aec037ef68902b7e5
2626,datasets/cat_10k/images/39a043ba3ddaeb568372d18cc2fe5c46.jpg,39a043ba3ddaeb568372d18cc2fe5c46
2627,datasets/cat_10k/images/39a34241d3132fa2e2d5fcd9111169d6.jpg,39a34241d3132fa2e2d5fcd9111169d6
2628,datasets/cat_10k/images/39a51292a87708d88fbba26a3a0aaae4.jpg,39a51292a87708d88fbba26a3a0aaae4
2629,datasets/cat_10k/images/39a520f0b9b3377ef04b33d9bd69ef6f.jpg,39a520f0b9b3377ef04b33d9bd69ef6f
2630,datasets/cat_10k/images/39a6b2a72ad195ed75761d353220bc26.jpg,39a6b2a72ad195ed75761d353220bc26
2631,datasets/cat_10k/images/39b19817a2fa7b74a57c12f401c7ffa7.jpg,39b19817a2fa7b74a57c12f401c7ffa7
2632,datasets/cat_10k/images/39b4ca3d63fbe2d2f3653b668a61f972.jpg,39b4ca3d63fbe2d2f3653b668a61f972
2633,datasets/cat_10k/images/39c341432cc6a8cd6c59d034469d291c.jpg,39c341432cc6a8cd6c59d034469d291c
2634,datasets/cat_10k/images/39cd76027d27ac5e5b4908fe321b6702.jpg,39cd76027d27ac5e5b4908fe321b6702
2635,datasets/cat_10k/images/39d0ea3c2c2aafdfdaccc08fc29d1828.jpg,39d0ea3c2c2aafdfdaccc08fc29d1828
2636,datasets/cat_10k/images/39d5793a4a837263b143ab6ef9a84590.jpg,39d5793a4a837263b143ab6ef9a84590
2637,datasets/cat_10k/images/39e4ad89fbad32d1c190e5b4dc745b82.jpg,39e4ad89fbad32d1c190e5b4dc745b82
2638,datasets/cat_10k/images/39ecbe652c28ee22bebfdead50825204.jpg,39ecbe652c28ee22bebfdead50825204
2639,datasets/cat_10k/images/39f096d50c62021513617ee90a415f41.jpg,39f096d50c62021513617ee90a415f41
2640,datasets/cat_10k/images/39f414b293fc0f685b61aaca28196e49.jpg,39f414b293fc0f685b61aaca28196e49
2641,datasets/cat_10k/images/39fb8860f311241b5322eae1ed854a8a.jpg,39fb8860f311241b5322eae1ed854a8a
2642,datasets/cat_10k/images/3a07e18ea8cdfcbe7f56dc8b63d7df0a.jpg,3a07e18ea8cdfcbe7f56dc8b63d7df0a
2643,datasets/cat_10k/images/3a184dd973a8317c242835a0f787a112.jpg,3a184dd973a8317c242835a0f787a112
2644,datasets/cat_10k/images/3a1a146a78062a34e322f8b1dd73bd4b.jpg,3a1a146a78062a34e322f8b1dd73bd4b
2645,datasets/cat_10k/images/3a1a35e1d68a700c0a0ce0342c8eb145.jpg,3a1a35e1d68a700c0a0ce0342c8eb145
2646,datasets/cat_10k/images/3a1c902aac55e39fa06b4c06aabf5df0.jpg,3a1c902aac55e39fa06b4c06aabf5df0
2647,datasets/cat_10k/images/3a29bb9d48071f32f0ad9296064add7c.jpg,3a29bb9d48071f32f0ad9296064add7c
2648,datasets/cat_10k/images/3a2d59d23482955ffa14bf88b2a6acbf.jpg,3a2d59d23482955ffa14bf88b2a6acbf
2649,datasets/cat_10k/images/3a2f3eeca570331d7e3e6633a676b465.jpg,3a2f3eeca570331d7e3e6633a676b465
2650,datasets/cat_10k/images/3a3782678dc9097f85840a326fe73d86.jpg,3a3782678dc9097f85840a326fe73d86
2651,datasets/cat_10k/images/3a490be33488a0f255f657e01400e212.jpg,3a490be33488a0f255f657e01400e212
2652,datasets/cat_10k/images/3a4dabc0a5dd20e4c4b9590c8b5cd5b9.jpg,3a4dabc0a5dd20e4c4b9590c8b5cd5b9
2653,datasets/cat_10k/images/3a7381cf7a4dd7887335463730f09448.jpg,3a7381cf7a4dd7887335463730f09448
2654,datasets/cat_10k/images/3a7665e18de1d02e78cfbd4426c52d4f.jpg,3a7665e18de1d02e78cfbd4426c52d4f
2655,datasets/cat_10k/images/3a87a23a868a87ba108aa22ffe644133.jpg,3a87a23a868a87ba108aa22ffe644133
2656,datasets/cat_10k/images/3a8c375b1a792e43bb43f5f834b5c56e.jpg,3a8c375b1a792e43bb43f5f834b5c56e
2657,datasets/cat_10k/images/3a919ae03e0d8fe283ab393c20a788c4.jpg,3a919ae03e0d8fe283ab393c20a788c4
2658,datasets/cat_10k/images/3a9664de642982bf3c8b7be4f867f34d.jpg,3a9664de642982bf3c8b7be4f867f34d
2659,datasets/cat_10k/images/3a9b7664b0c43956318c9bc6414ce815.jpg,3a9b7664b0c43956318c9bc6414ce815
2660,datasets/cat_10k/images/3a9e66cbd728873ec463d3962364b774.jpg,3a9e66cbd728873ec463d3962364b774
2661,datasets/cat_10k/images/3aa8b46129700b8ae30e2efce46a6700.jpg,3aa8b46129700b8ae30e2efce46a6700
2662,datasets/cat_10k/images/3ab6ff839c83b893ac16a37af5e8b832.jpg,3ab6ff839c83b893ac16a37af5e8b832
2663,datasets/cat_10k/images/3ab8b4794728cebd2ddd800b22445519.jpg,3ab8b4794728cebd2ddd800b22445519
2664,datasets/cat_10k/images/3abe8977db58d224856e8dd127029be9.jpg,3abe8977db58d224856e8dd127029be9
2665,datasets/cat_10k/images/3ac1e2952e24275b1e04cdab1e278f55.jpg,3ac1e2952e24275b1e04cdab1e278f55
2666,datasets/cat_10k/images/3ac4fd4184d7cf855282134234d40cd8.jpg,3ac4fd4184d7cf855282134234d40cd8
2667,datasets/cat_10k/images/3ac557ab64a1d1f48407dccd0598360f.jpg,3ac557ab64a1d1f48407dccd0598360f
2668,datasets/cat_10k/images/3ace6e28e59124e93c84961b6e9b5f49.jpg,3ace6e28e59124e93c84961b6e9b5f49
2669,datasets/cat_10k/images/3ada61c5e7e3d7ff02ec3249e28bff57.jpg,3ada61c5e7e3d7ff02ec3249e28bff57
2670,datasets/cat_10k/images/3adc28c03bbef79986c0b06b3e84e69e.jpg,3adc28c03bbef79986c0b06b3e84e69e
2671,datasets/cat_10k/images/3add926a229ab045c52d1eeb916ccd07.jpg,3add926a229ab045c52d1eeb916ccd07
2672,datasets/cat_10k/images/3ae2222263ab7e18c93d6182250e9823.jpg,3ae2222263ab7e18c93d6182250e9823
2673,datasets/cat_10k/images/3ae4a907f8ab2ba8f53e0e9cc9b2c1e6.jpg,3ae4a907f8ab2ba8f53e0e9cc9b2c1e6
2674,datasets/cat_10k/images/3ae71917b6c28be58f85b387bf6440f3.jpg,3ae71917b6c28be58f85b387bf6440f3
2675,datasets/cat_10k/images/3aebebdd9995cb03c2bfbe83e60282b5.jpg,3aebebdd9995cb03c2bfbe83e60282b5
2676,datasets/cat_10k/images/3af59df4b8a08b3bdacbac37253217e7.jpg,3af59df4b8a08b3bdacbac37253217e7
2677,datasets/cat_10k/images/3b03076a03e68ee5a7cd8ae91e9b494f.jpg,3b03076a03e68ee5a7cd8ae91e9b494f
2678,datasets/cat_10k/images/3b09a30d4a9ad3a43f86d706b50893eb.jpg,3b09a30d4a9ad3a43f86d706b50893eb
2679,datasets/cat_10k/images/3b0ac21c05b1fcc4d9c31dc4da0c8694.jpg,3b0ac21c05b1fcc4d9c31dc4da0c8694
2680,datasets/cat_10k/images/3b0ac3180da7c8f445fafe7c61be65a4.jpg,3b0ac3180da7c8f445fafe7c61be65a4
2681,datasets/cat_10k/images/3b1281de44e16be5456b57a5cd718c98.jpg,3b1281de44e16be5456b57a5cd718c98
2682,datasets/cat_10k/images/3b1761e6a565c517cdc6dd350263c702.jpg,3b1761e6a565c517cdc6dd350263c702
2683,datasets/cat_10k/images/3b1df1b17dd4e73f5048e19bcb10de02.jpg,3b1df1b17dd4e73f5048e19bcb10de02
2684,datasets/cat_10k/images/3b204842830586da3f833f1e29d2a03e.jpg,3b204842830586da3f833f1e29d2a03e
2685,datasets/cat_10k/images/3b24115bff3aaffc4a36945e6c20c02b.jpg,3b24115bff3aaffc4a36945e6c20c02b
2686,datasets/cat_10k/images/3b28df4961124555600d748042ae1551.jpg,3b28df4961124555600d748042ae1551
2687,datasets/cat_10k/images/3b28fc93355aa3081fb5ba6d9f6b3003.jpg,3b28fc93355aa3081fb5ba6d9f6b3003
2688,datasets/cat_10k/images/3b298b1130990380b350d608f11da28f.jpg,3b298b1130990380b350d608f11da28f
2689,datasets/cat_10k/images/3b2a018e1d88766d9e7bfcc770003836.jpg,3b2a018e1d88766d9e7bfcc770003836
2690,datasets/cat_10k/images/3b2a55c6a9492230dfd0637073a589e4.jpg,3b2a55c6a9492230dfd0637073a589e4
2691,datasets/cat_10k/images/3b36c3bdc145a823933e138700dc859b.jpg,3b36c3bdc145a823933e138700dc859b
2692,datasets/cat_10k/images/3b44ac50af5a25e73d8c7f93501f7208.jpg,3b44ac50af5a25e73d8c7f93501f7208
2693,datasets/cat_10k/images/3b55246845c27be1cfc8ee0f6c92ebc7.jpg,3b55246845c27be1cfc8ee0f6c92ebc7
2694,datasets/cat_10k/images/3b5b01cd1e39712c31f5964040eeddad.jpg,3b5b01cd1e39712c31f5964040eeddad
2695,datasets/cat_10k/images/3b66dcc0621f558c5c16bcc014a2ec9c.jpg,3b66dcc0621f558c5c16bcc014a2ec9c
2696,datasets/cat_10k/images/3b67acef1656db3de6f539c120210b89.jpg,3b67acef1656db3de6f539c120210b89
2697,datasets/cat_10k/images/3b6db2fad58aae3f40886ea7176b0cb3.jpg,3b6db2fad58aae3f40886ea7176b0cb3
2698,datasets/cat_10k/images/3b6e12bef05d5fcac4f5c38af5ef00a3.jpg,3b6e12bef05d5fcac4f5c38af5ef00a3
2699,datasets/cat_10k/images/3b76009581f945aa8661f82138a7b290.jpg,3b76009581f945aa8661f82138a7b290
2700,datasets/cat_10k/images/3b77a7347d92a619f0070d02252e3df4.jpg,3b77a7347d92a619f0070d02252e3df4
2701,datasets/cat_10k/images/3b78b642f3d40007cda65d10256b06d8.jpg,3b78b642f3d40007cda65d10256b06d8
2702,datasets/cat_10k/images/3b7f42a199af444b9c30fd8d615ee594.jpg,3b7f42a199af444b9c30fd8d615ee594
2703,datasets/cat_10k/images/3b866d4e67a982147f997647dca0047a.jpg,3b866d4e67a982147f997647dca0047a
2704,datasets/cat_10k/images/3b8ec6e16d076f2e03fa5d2b9b086b25.jpg,3b8ec6e16d076f2e03fa5d2b9b086b25
2705,datasets/cat_10k/images/3b8f749a1e86f6c34e3d6fc863d3bdf7.jpg,3b8f749a1e86f6c34e3d6fc863d3bdf7
2706,datasets/cat_10k/images/3b9414bc127a11b7fd5031f40db32116.jpg,3b9414bc127a11b7fd5031f40db32116
2707,datasets/cat_10k/images/3b96985c5f9d2503859ede291971bc5c.jpg,3b96985c5f9d2503859ede291971bc5c
2708,datasets/cat_10k/images/3b98775135431bb52f7c1706b545f850.jpg,3b98775135431bb52f7c1706b545f850
2709,datasets/cat_10k/images/3b9d94c2066c7ae428293937ad863964.jpg,3b9d94c2066c7ae428293937ad863964
2710,datasets/cat_10k/images/3b9fb84e7861a7d79f51a41ee7120de1.jpg,3b9fb84e7861a7d79f51a41ee7120de1
2711,datasets/cat_10k/images/3ba610d8f10eab99cb22b8cca204dac7.jpg,3ba610d8f10eab99cb22b8cca204dac7
2712,datasets/cat_10k/images/3babd166366cf7a07ee79183a19021fc.jpg,3babd166366cf7a07ee79183a19021fc
2713,datasets/cat_10k/images/3bb3c74108e3fac55b5ac022944c0f5b.jpg,3bb3c74108e3fac55b5ac022944c0f5b
2714,datasets/cat_10k/images/3bb420f175c9e9b4b38462a488d27c93.jpg,3bb420f175c9e9b4b38462a488d27c93
2715,datasets/cat_10k/images/3bb6a4c274c486c63aa75ab349862299.jpg,3bb6a4c274c486c63aa75ab349862299
2716,datasets/cat_10k/images/3bb7ce6b2a0ce635876d5a863cec5acc.jpg,3bb7ce6b2a0ce635876d5a863cec5acc
2717,datasets/cat_10k/images/3bba543a757a22eff08ca0cbf08387d5.jpg,3bba543a757a22eff08ca0cbf08387d5
2718,datasets/cat_10k/images/3bc5f2c5e0a60f5fd4ff69cf0a83d458.jpg,3bc5f2c5e0a60f5fd4ff69cf0a83d458
2719,datasets/cat_10k/images/3bc8d570864c2f6513f53d33599e05b1.jpg,3bc8d570864c2f6513f53d33599e05b1
2720,datasets/cat_10k/images/3bcb5829dc715639205eddf0bfb07612.jpg,3bcb5829dc715639205eddf0bfb07612
2721,datasets/cat_10k/images/3bd395cc18948cf656e7d04606eebcab.jpg,3bd395cc18948cf656e7d04606eebcab
2722,datasets/cat_10k/images/3bd50ef9ae6d7ea78aaf16650d88c76b.jpg,3bd50ef9ae6d7ea78aaf16650d88c76b
2723,datasets/cat_10k/images/3bdc6657fd97a9368acac1aa60ac9cd0.jpg,3bdc6657fd97a9368acac1aa60ac9cd0
2724,datasets/cat_10k/images/3bde124bb47bef63d7831016130812d6.jpg,3bde124bb47bef63d7831016130812d6
2725,datasets/cat_10k/images/3be0cc9ed288d2b1c04a6850d80fb8f3.jpg,3be0cc9ed288d2b1c04a6850d80fb8f3
2726,datasets/cat_10k/images/3bef03942f858c747b18677e0ff40919.jpg,3bef03942f858c747b18677e0ff40919
2727,datasets/cat_10k/images/3bf293628135ef6af86fcb30810d1eca.jpg,3bf293628135ef6af86fcb30810d1eca
2728,datasets/cat_10k/images/3bfb3f067cbf5a720d531b1746bb8abc.jpg,3bfb3f067cbf5a720d531b1746bb8abc
2729,datasets/cat_10k/images/3bfd1631632b0be155243e9574b48d98.jpg,3bfd1631632b0be155243e9574b48d98
2730,datasets/cat_10k/images/3c08e6614deb0af2fa97ecc31ce44800.jpg,3c08e6614deb0af2fa97ecc31ce44800
2731,datasets/cat_10k/images/3c15ce2531110747dab206b2fd24a0ef.jpg,3c15ce2531110747dab206b2fd24a0ef
2732,datasets/cat_10k/images/3c1d2f8cbee8c6cc340c566ff35caa57.jpg,3c1d2f8cbee8c6cc340c566ff35caa57
2733,datasets/cat_10k/images/3c244c38574389ab2c1b591b57095bd8.jpg,3c244c38574389ab2c1b591b57095bd8
2734,datasets/cat_10k/images/3c2c40a5caee11067ad89c0f98980a48.jpg,3c2c40a5caee11067ad89c0f98980a48
2735,datasets/cat_10k/images/3c40427462c0c62c1ac9d989dbe0f269.jpg,3c40427462c0c62c1ac9d989dbe0f269
2736,datasets/cat_10k/images/3c439315dff1d41a747e6e1b2f0eab6c.jpg,3c439315dff1d41a747e6e1b2f0eab6c
2737,datasets/cat_10k/images/3c45a45ad47a11bef2dcb6229ff1740d.jpg,3c45a45ad47a11bef2dcb6229ff1740d
2738,datasets/cat_10k/images/3c48b7c68bc8afc4b4635919e685044c.jpg,3c48b7c68bc8afc4b4635919e685044c
2739,datasets/cat_10k/images/3c4b10f206e695cd8c2794545aba3a6a.jpg,3c4b10f206e695cd8c2794545aba3a6a
2740,datasets/cat_10k/images/3c4bcb388237656a68531a638481a00f.jpg,3c4bcb388237656a68531a638481a00f
2741,datasets/cat_10k/images/3c580dc452bd881015f8f3e7ee8d646d.jpg,3c580dc452bd881015f8f3e7ee8d646d
2742,datasets/cat_10k/images/3c58a4d4a0b3a40a1b9f8d32b0189dd7.jpg,3c58a4d4a0b3a40a1b9f8d32b0189dd7
2743,datasets/cat_10k/images/3c5971521043cbdbe88d7268c1386767.jpg,3c5971521043cbdbe88d7268c1386767
2744,datasets/cat_10k/images/3c5aeb9bfa58a3f0d0c53e7751557e50.jpg,3c5aeb9bfa58a3f0d0c53e7751557e50
2745,datasets/cat_10k/images/3c62c9733de52089b10b0649636eb6ba.jpg,3c62c9733de52089b10b0649636eb6ba
2746,datasets/cat_10k/images/3c6d0f0f6954e3559c3d974230d9ff28.jpg,3c6d0f0f6954e3559c3d974230d9ff28
2747,datasets/cat_10k/images/3c6f60b14ee460fa8bd7aa4294ce6077.jpg,3c6f60b14ee460fa8bd7aa4294ce6077
2748,datasets/cat_10k/images/3c71061978f30bb74c8471bd857904c9.jpg,3c71061978f30bb74c8471bd857904c9
2749,datasets/cat_10k/images/3c73824afb8d3d2e937e88d270e4b4b9.jpg,3c73824afb8d3d2e937e88d270e4b4b9
2750,datasets/cat_10k/images/3c76af7d70fc912da4592986ade117aa.jpg,3c76af7d70fc912da4592986ade117aa
2751,datasets/cat_10k/images/3c7be33b262f9551d5d0b57ff514826a.jpg,3c7be33b262f9551d5d0b57ff514826a
2752,datasets/cat_10k/images/3c83b6c4b0f4b87b9512c5265a2c7863.jpg,3c83b6c4b0f4b87b9512c5265a2c7863
2753,datasets/cat_10k/images/3c851890a1f0fdb375c69da97a544a6d.jpg,3c851890a1f0fdb375c69da97a544a6d
2754,datasets/cat_10k/images/3c9a71cd57a805ab4700337bae2bff83.jpg,3c9a71cd57a805ab4700337bae2bff83
2755,datasets/cat_10k/images/3cabebf655b437c41a1e97ce313d7091.jpg,3cabebf655b437c41a1e97ce313d7091
2756,datasets/cat_10k/images/3cabef4ecdf8f72873253f68c10cb16f.jpg,3cabef4ecdf8f72873253f68c10cb16f
2757,datasets/cat_10k/images/3cacc2d9cf8751829ed39608256a34a3.jpg,3cacc2d9cf8751829ed39608256a34a3
2758,datasets/cat_10k/images/3cae31678a244010e5566ac5c26a785a.jpg,3cae31678a244010e5566ac5c26a785a
2759,datasets/cat_10k/images/3cb5fc8514b124ee52279b265d6c33fa.jpg,3cb5fc8514b124ee52279b265d6c33fa
2760,datasets/cat_10k/images/3cbdd59a136b0678276079a4d1c57e60.jpg,3cbdd59a136b0678276079a4d1c57e60
2761,datasets/cat_10k/images/3cd73b79e93d4e779329e4c8f374f22d.jpg,3cd73b79e93d4e779329e4c8f374f22d
2762,datasets/cat_10k/images/3ce631eda0311dcde95aad6dedfd86a8.jpg,3ce631eda0311dcde95aad6dedfd86a8
2763,datasets/cat_10k/images/3cea8f54fca196954a4dc2a0ed984c31.jpg,3cea8f54fca196954a4dc2a0ed984c31
2764,datasets/cat_10k/images/3cf9890a91ffb2b414e9a179c9802ee7.jpg,3cf9890a91ffb2b414e9a179c9802ee7
2765,datasets/cat_10k/images/3cfaafd280af479a233c5f72f07769a8.jpg,3cfaafd280af479a233c5f72f07769a8
2766,datasets/cat_10k/images/3d014e6eea0c10acffe2018e97f45936.jpg,3d014e6eea0c10acffe2018e97f45936
2767,datasets/cat_10k/images/3d0fb230442ba64b7f6fb26ed2751fc6.jpg,3d0fb230442ba64b7f6fb26ed2751fc6
2768,datasets/cat_10k/images/3d11c0e73bb485695b85794449fc466c.jpg,3d11c0e73bb485695b85794449fc466c
2769,datasets/cat_10k/images/3d11e47ca390c015d4f947829ca98290.jpg,3d11e47ca390c015d4f947829ca98290
2770,datasets/cat_10k/images/3d19f5eeb473e5732dc3cd4f1bb9f096.jpg,3d19f5eeb473e5732dc3cd4f1bb9f096
2771,datasets/cat_10k/images/3d1f4a196f690563eb18bf04782d1a51.jpg,3d1f4a196f690563eb18bf04782d1a51
2772,datasets/cat_10k/images/3d250511898666605f57ce5ac0d4b605.jpg,3d250511898666605f57ce5ac0d4b605
2773,datasets/cat_10k/images/3d26fd3f7804749c6dfee73d5e8224c1.jpg,3d26fd3f7804749c6dfee73d5e8224c1
2774,datasets/cat_10k/images/3d2904910215f1f7fd4a3d3ff155f8b6.jpg,3d2904910215f1f7fd4a3d3ff155f8b6
2775,datasets/cat_10k/images/3d344dbf45481ecfb2c8348b1f17d0f2.jpg,3d344dbf45481ecfb2c8348b1f17d0f2
2776,datasets/cat_10k/images/3d34ebb66400888108aae98c722bd046.jpg,3d34ebb66400888108aae98c722bd046
2777,datasets/cat_10k/images/3d4387a6e79fb3559ec9e9e5e9d13208.jpg,3d4387a6e79fb3559ec9e9e5e9d13208
2778,datasets/cat_10k/images/3d460d2fd69762c5272d7e4b7c99631a.jpg,3d460d2fd69762c5272d7e4b7c99631a
2779,datasets/cat_10k/images/3d52ee2e542470167ee68b0e41266127.jpg,3d52ee2e542470167ee68b0e41266127
2780,datasets/cat_10k/images/3d5ae88074408e46cab242f580610594.jpg,3d5ae88074408e46cab242f580610594
2781,datasets/cat_10k/images/3d647d4aa41d120e74836f3a3352af98.jpg,3d647d4aa41d120e74836f3a3352af98
2782,datasets/cat_10k/images/3d6acb4f4b5c67fee7f6b8a713d6545c.jpg,3d6acb4f4b5c67fee7f6b8a713d6545c
2783,datasets/cat_10k/images/3d7113b2f8690e69c03edaa76c10e866.jpg,3d7113b2f8690e69c03edaa76c10e866
2784,datasets/cat_10k/images/3d7970d40f35a77f703f1c454d0bd317.jpg,3d7970d40f35a77f703f1c454d0bd317
2785,datasets/cat_10k/images/3d79b6b20f77d8cf676cc4d9e072f3f2.jpg,3d79b6b20f77d8cf676cc4d9e072f3f2
2786,datasets/cat_10k/images/3d7c061852cf406312601b44b7eb17b4.jpg,3d7c061852cf406312601b44b7eb17b4
2787,datasets/cat_10k/images/3d7e6d69fa9e34164aef62667be4a806.jpg,3d7e6d69fa9e34164aef62667be4a806
2788,datasets/cat_10k/images/3d82e46fbc9d511add77a5934fb70bae.jpg,3d82e46fbc9d511add77a5934fb70bae
2789,datasets/cat_10k/images/3d8acb84ded9cf543db298bba0ab85a6.jpg,3d8acb84ded9cf543db298bba0ab85a6
2790,datasets/cat_10k/images/3d8d492ffaade718e5ca2717981c52a8.jpg,3d8d492ffaade718e5ca2717981c52a8
2791,datasets/cat_10k/images/3d9f137d870eeb33bd89a0f65f65bfaf.jpg,3d9f137d870eeb33bd89a0f65f65bfaf
2792,datasets/cat_10k/images/3da4fbdae9cd67f4b8d2476ec5723f35.jpg,3da4fbdae9cd67f4b8d2476ec5723f35
2793,datasets/cat_10k/images/3daacc70f06145fda47b1a994bc991aa.jpg,3daacc70f06145fda47b1a994bc991aa
2794,datasets/cat_10k/images/3dbc1499d277b18c94b5a90cc6b7549a.jpg,3dbc1499d277b18c94b5a90cc6b7549a
2795,datasets/cat_10k/images/3dbfc1da84df7910f2b956414bf8f226.jpg,3dbfc1da84df7910f2b956414bf8f226
2796,datasets/cat_10k/images/3ddf3da862276a8b4d33154e99098cb6.jpg,3ddf3da862276a8b4d33154e99098cb6
2797,datasets/cat_10k/images/3de47d3f01941c1d0505c609d1f37e2e.jpg,3de47d3f01941c1d0505c609d1f37e2e
2798,datasets/cat_10k/images/3de71c55fa333a8359f15ceb02b61875.jpg,3de71c55fa333a8359f15ceb02b61875
2799,datasets/cat_10k/images/3de7c39e5a56659b6034c6ca59be122e.jpg,3de7c39e5a56659b6034c6ca59be122e
2800,datasets/cat_10k/images/3def675ef37139b0a3ac3321e28d5c31.jpg,3def675ef37139b0a3ac3321e28d5c31
2801,datasets/cat_10k/images/3df3f89758240e3f61937679d7a97253.jpg,3df3f89758240e3f61937679d7a97253
2802,datasets/cat_10k/images/3df991b6aa9d61c2675f05142638e140.jpg,3df991b6aa9d61c2675f05142638e140
2803,datasets/cat_10k/images/3dff1d71891c7f98a5bd67a16681a07e.jpg,3dff1d71891c7f98a5bd67a16681a07e
2804,datasets/cat_10k/images/3e02b51cb8d55aec7c76a89da5564d3c.jpg,3e02b51cb8d55aec7c76a89da5564d3c
2805,datasets/cat_10k/images/3e06acc502312360d76564e19c11b8f6.jpg,3e06acc502312360d76564e19c11b8f6
2806,datasets/cat_10k/images/3e0df3bea12e0980bb4d9bfde9b6ed95.jpg,3e0df3bea12e0980bb4d9bfde9b6ed95
2807,datasets/cat_10k/images/3e1e550268a79759eadef17e66de6e06.jpg,3e1e550268a79759eadef17e66de6e06
2808,datasets/cat_10k/images/3e1e8f7e98547b0c76aeccc421e89037.jpg,3e1e8f7e98547b0c76aeccc421e89037
2809,datasets/cat_10k/images/3e2ae6ad5b13fe4d58570a70fe3380fc.jpg,3e2ae6ad5b13fe4d58570a70fe3380fc
2810,datasets/cat_10k/images/3e31e18f24e2d7c687b8288d829f0157.jpg,3e31e18f24e2d7c687b8288d829f0157
2811,datasets/cat_10k/images/3e346ec6c83c741f7b0e86d4563aa02c.jpg,3e346ec6c83c741f7b0e86d4563aa02c
2812,datasets/cat_10k/images/3e394ea2bee8e461cd5b3e7b79f3d1ff.jpg,3e394ea2bee8e461cd5b3e7b79f3d1ff
2813,datasets/cat_10k/images/3e48dcb5273041407426c45d51b60a46.jpg,3e48dcb5273041407426c45d51b60a46
2814,datasets/cat_10k/images/3e497736d76d60245b9faafb335ab6fb.jpg,3e497736d76d60245b9faafb335ab6fb
2815,datasets/cat_10k/images/3e5074871ff3212ffe2ab40d975bdea2.jpg,3e5074871ff3212ffe2ab40d975bdea2
2816,datasets/cat_10k/images/3e624228516f67308f99cb95319e893d.jpg,3e624228516f67308f99cb95319e893d
2817,datasets/cat_10k/images/3e631a19153fe2effdeb315d3ae2c92f.jpg,3e631a19153fe2effdeb315d3ae2c92f
2818,datasets/cat_10k/images/3e6d552ca66096b6f023dba8bc8937ac.jpg,3e6d552ca66096b6f023dba8bc8937ac
2819,datasets/cat_10k/images/3e72c8f6590611915867aff1d2d42ab0.jpg,3e72c8f6590611915867aff1d2d42ab0
2820,datasets/cat_10k/images/3e7cec8815c65e4c9fb7d616081ea948.jpg,3e7cec8815c65e4c9fb7d616081ea948
2821,datasets/cat_10k/images/3e88c493579775cbbcf9d917ef6f46ae.jpg,3e88c493579775cbbcf9d917ef6f46ae
2822,datasets/cat_10k/images/3e8bc4e7e7bb8a862fd7a5d7b8aefe92.jpg,3e8bc4e7e7bb8a862fd7a5d7b8aefe92
2823,datasets/cat_10k/images/3e8e5281a5b629db6402ef7599548986.jpg,3e8e5281a5b629db6402ef7599548986
2824,datasets/cat_10k/images/3e91b66633b3a1ea00b1d1c0d9e4843f.jpg,3e91b66633b3a1ea00b1d1c0d9e4843f
2825,datasets/cat_10k/images/3e9e0e2d678b59f306afa0a6b99c9343.jpg,3e9e0e2d678b59f306afa0a6b99c9343
2826,datasets/cat_10k/images/3e9ee36628da3aa8f620e68e771c08f2.jpg,3e9ee36628da3aa8f620e68e771c08f2
2827,datasets/cat_10k/images/3e9f565b2b89830285e45103b0443551.jpg,3e9f565b2b89830285e45103b0443551
2828,datasets/cat_10k/images/3ea0541a1049667e07ea9711e88a6013.jpg,3ea0541a1049667e07ea9711e88a6013
2829,datasets/cat_10k/images/3eb3cbde390135df5d467f8bf33f9afa.jpg,3eb3cbde390135df5d467f8bf33f9afa
2830,datasets/cat_10k/images/3ebbd5b02659bd097ebd12877243ebe4.jpg,3ebbd5b02659bd097ebd12877243ebe4
2831,datasets/cat_10k/images/3ec260032ae2923ecc15a2adacd16d15.jpg,3ec260032ae2923ecc15a2adacd16d15
2832,datasets/cat_10k/images/3ed69538e101b9053d32f8fcd6f256b1.jpg,3ed69538e101b9053d32f8fcd6f256b1
2833,datasets/cat_10k/images/3ef2c3ad9058544699ef72de81f4d746.jpg,3ef2c3ad9058544699ef72de81f4d746
2834,datasets/cat_10k/images/3ef8cff962bd40eebe3417480520ac8c.jpg,3ef8cff962bd40eebe3417480520ac8c
2835,datasets/cat_10k/images/3ef9e37da58afcc94760c4429d596d5b.jpg,3ef9e37da58afcc94760c4429d596d5b
2836,datasets/cat_10k/images/3efb69b666ec6dc8200a2f9c95d0fb6a.jpg,3efb69b666ec6dc8200a2f9c95d0fb6a
2837,datasets/cat_10k/images/3f08cd9645fb4924bcf2b0c466138515.jpg,3f08cd9645fb4924bcf2b0c466138515
2838,datasets/cat_10k/images/3f0a14b436f34d698a9951ab05813372.jpg,3f0a14b436f34d698a9951ab05813372
2839,datasets/cat_10k/images/3f19d58ee5105fb80e87d7a473a08a91.jpg,3f19d58ee5105fb80e87d7a473a08a91
2840,datasets/cat_10k/images/3f1e250e8bf02abe6d9315b54300c788.jpg,3f1e250e8bf02abe6d9315b54300c788
2841,datasets/cat_10k/images/3f269b4016840613241625e7abba682b.jpg,3f269b4016840613241625e7abba682b
2842,datasets/cat_10k/images/3f273f08079b462bd775923cc51bca9a.jpg,3f273f08079b462bd775923cc51bca9a
2843,datasets/cat_10k/images/3f2e5b2edbef3aeb254e901c26763bb6.jpg,3f2e5b2edbef3aeb254e901c26763bb6
2844,datasets/cat_10k/images/3f3119377c961da96f1ba273d035486b.jpg,3f3119377c961da96f1ba273d035486b
2845,datasets/cat_10k/images/3f35322ed57f3bc49572e2fb3b4e8863.jpg,3f35322ed57f3bc49572e2fb3b4e8863
2846,datasets/cat_10k/images/3f35d5c65348b19e7894cdacf975cdbf.jpg,3f35d5c65348b19e7894cdacf975cdbf
2847,datasets/cat_10k/images/3f3eee16ea285ae8b602a565bf6b8bf4.jpg,3f3eee16ea285ae8b602a565bf6b8bf4
2848,datasets/cat_10k/images/3f40098ac9ade61dd807b5b372dd57ca.jpg,3f40098ac9ade61dd807b5b372dd57ca
2849,datasets/cat_10k/images/3f489fae1ceff0b248bdbdf30aa23078.jpg,3f489fae1ceff0b248bdbdf30aa23078
2850,datasets/cat_10k/images/3f4dd26fd9d3cb7a8b010be07c116da6.jpg,3f4dd26fd9d3cb7a8b010be07c116da6
2851,datasets/cat_10k/images/3f5fbf83f2e46879d3832700137fb7da.jpg,3f5fbf83f2e46879d3832700137fb7da
2852,datasets/cat_10k/images/3f6a0389bb3fe445377af361909d8919.jpg,3f6a0389bb3fe445377af361909d8919
2853,datasets/cat_10k/images/3f7329c20cc78825b5fadff9859cdb59.jpg,3f7329c20cc78825b5fadff9859cdb59
2854,datasets/cat_10k/images/3f7ba3def8388e11e8a43c500e57850d.jpg,3f7ba3def8388e11e8a43c500e57850d
2855,datasets/cat_10k/images/3f88923b65ba18a785d889a498990661.jpg,3f88923b65ba18a785d889a498990661
2856,datasets/cat_10k/images/3f9bab86a3c1a27259f3d15bc4f41a20.jpg,3f9bab86a3c1a27259f3d15bc4f41a20
2857,datasets/cat_10k/images/3f9c21c647626362622b8337bfeadf08.jpg,3f9c21c647626362622b8337bfeadf08
2858,datasets/cat_10k/images/3f9e5a4160ebd9b0f1b71efc9c1a1dd6.jpg,3f9e5a4160ebd9b0f1b71efc9c1a1dd6
2859,datasets/cat_10k/images/3fa9d592d20399ea3f471f61d8c68e20.jpg,3fa9d592d20399ea3f471f61d8c68e20
2860,datasets/cat_10k/images/3faf46957373bf3d8f707b57c89d37e0.jpg,3faf46957373bf3d8f707b57c89d37e0
2861,datasets/cat_10k/images/3fb13c0050be79bc56006a22bba14254.jpg,3fb13c0050be79bc56006a22bba14254
2862,datasets/cat_10k/images/3fc005aa724f75b23970d77e29b8e9d3.jpg,3fc005aa724f75b23970d77e29b8e9d3
2863,datasets/cat_10k/images/3fc2fc18a8bc05242dd00cc28a2a2d21.jpg,3fc2fc18a8bc05242dd00cc28a2a2d21
2864,datasets/cat_10k/images/3fdc1b1ba74afd7057bb7715a6acbc28.jpg,3fdc1b1ba74afd7057bb7715a6acbc28
2865,datasets/cat_10k/images/3ff2578a8e7555f5410d738b30b20fd6.jpg,3ff2578a8e7555f5410d738b30b20fd6
2866,datasets/cat_10k/images/3ff72e99aa43ba3b66f36b7ecb8cf92f.jpg,3ff72e99aa43ba3b66f36b7ecb8cf92f
2867,datasets/cat_10k/images/3ffe017ad1bc0facf916fa3a43d3053a.jpg,3ffe017ad1bc0facf916fa3a43d3053a
2868,datasets/cat_10k/images/400d26d483245d056c9476f7e139e071.jpg,400d26d483245d056c9476f7e139e071
2869,datasets/cat_10k/images/401e35c5ecf058b75b1488904ad07cc7.jpg,401e35c5ecf058b75b1488904ad07cc7
2870,datasets/cat_10k/images/401f9a0c5e4623820c56f22fa3cb3053.jpg,401f9a0c5e4623820c56f22fa3cb3053
2871,datasets/cat_10k/images/4029b9e1cebbece4ec9dc42670217512.jpg,4029b9e1cebbece4ec9dc42670217512
2872,datasets/cat_10k/images/4031c25370347ee7610f560744389c73.jpg,4031c25370347ee7610f560744389c73
2873,datasets/cat_10k/images/40356d201dd92d46edce1830b01324c7.jpg,40356d201dd92d46edce1830b01324c7
2874,datasets/cat_10k/images/403e33d169501fdaff340fe1e980945f.jpg,403e33d169501fdaff340fe1e980945f
2875,datasets/cat_10k/images/403eaa15a26ec489ed8204744b73848b.jpg,403eaa15a26ec489ed8204744b73848b
2876,datasets/cat_10k/images/4045e6b1ab507ca72981ea0c1e4b9be3.jpg,4045e6b1ab507ca72981ea0c1e4b9be3
2877,datasets/cat_10k/images/40556e1ca7b7e497762afc28979686e7.jpg,40556e1ca7b7e497762afc28979686e7
2878,datasets/cat_10k/images/40576fa787e84dbf531967eec3cc7757.jpg,40576fa787e84dbf531967eec3cc7757
2879,datasets/cat_10k/images/405aa7d49402c265d53a2b6a2da804e8.jpg,405aa7d49402c265d53a2b6a2da804e8
2880,datasets/cat_10k/images/406df4f9c02f08b84ccb7e1ed117fa6a.jpg,406df4f9c02f08b84ccb7e1ed117fa6a
2881,datasets/cat_10k/images/4079e474ab72ecc7a0fadcb25613e2c5.jpg,4079e474ab72ecc7a0fadcb25613e2c5
2882,datasets/cat_10k/images/407aeec2c0cd70cddb4dab9983c9cabd.jpg,407aeec2c0cd70cddb4dab9983c9cabd
2883,datasets/cat_10k/images/407cf772ac78c790d09fe3d59a8bad05.jpg,407cf772ac78c790d09fe3d59a8bad05
2884,datasets/cat_10k/images/4082a350af0d62b026d92e4367d6dc85.jpg,4082a350af0d62b026d92e4367d6dc85
2885,datasets/cat_10k/images/408f670237d38a32998b8c10190cdc09.jpg,408f670237d38a32998b8c10190cdc09
2886,datasets/cat_10k/images/40908c08264a2c87f1713d861f048d8d.jpg,40908c08264a2c87f1713d861f048d8d
2887,datasets/cat_10k/images/40940b3f16b19adbb3beafbac9d6f9a3.jpg,40940b3f16b19adbb3beafbac9d6f9a3
2888,datasets/cat_10k/images/409d61577593ba4cb3c79e4d9c3af5c2.jpg,409d61577593ba4cb3c79e4d9c3af5c2
2889,datasets/cat_10k/images/40a20e4cb323a59d834ca8c31ff7cb97.jpg,40a20e4cb323a59d834ca8c31ff7cb97
2890,datasets/cat_10k/images/40a289fa87d9d8f7d5c6a1cd94ecb94e.jpg,40a289fa87d9d8f7d5c6a1cd94ecb94e
2891,datasets/cat_10k/images/40a411fce8ad87a67dc3ea0c30fccd47.jpg,40a411fce8ad87a67dc3ea0c30fccd47
2892,datasets/cat_10k/images/40a56568d07c6f4e8da0ae0d9d049be8.jpg,40a56568d07c6f4e8da0ae0d9d049be8
2893,datasets/cat_10k/images/40a986ec30519e150461ddedf6430a6e.jpg,40a986ec30519e150461ddedf6430a6e
2894,datasets/cat_10k/images/40ae33aaa6c1c54a0cc9c509793919d8.jpg,40ae33aaa6c1c54a0cc9c509793919d8
2895,datasets/cat_10k/images/40b7a75926cdf0439ad92e79b2fc214e.jpg,40b7a75926cdf0439ad92e79b2fc214e
2896,datasets/cat_10k/images/40c02a14e4a1c347b2a140233c1d6c81.jpg,40c02a14e4a1c347b2a140233c1d6c81
2897,datasets/cat_10k/images/40c374720c34ba7b8ee7d858efb7062c.jpg,40c374720c34ba7b8ee7d858efb7062c
2898,datasets/cat_10k/images/40c662cc2dfbdf225496279001fccbc4.jpg,40c662cc2dfbdf225496279001fccbc4
2899,datasets/cat_10k/images/40cf40601cea487f50c71465118aa989.jpg,40cf40601cea487f50c71465118aa989
2900,datasets/cat_10k/images/40d82e8ac18bc6d89dc5bb58e1326004.jpg,40d82e8ac18bc6d89dc5bb58e1326004
2901,datasets/cat_10k/images/40e05cc56ac64d8d0c5eb498902b4b2b.jpg,40e05cc56ac64d8d0c5eb498902b4b2b
2902,datasets/cat_10k/images/40ed406c1f1c42048713360212a707f1.jpg,40ed406c1f1c42048713360212a707f1
2903,datasets/cat_10k/images/40f72688115dec5a40572f78be88e6b8.jpg,40f72688115dec5a40572f78be88e6b8
2904,datasets/cat_10k/images/40fe527d34142ee9afae4ade553b317e.jpg,40fe527d34142ee9afae4ade553b317e
2905,datasets/cat_10k/images/4104fedc8c093bcf8f8f7f45a97c193f.jpg,4104fedc8c093bcf8f8f7f45a97c193f
2906,datasets/cat_10k/images/4112259f3eda743cc7f3f8d35e263e64.jpg,4112259f3eda743cc7f3f8d35e263e64
2907,datasets/cat_10k/images/4118671cb5e31f31d339cc9331b562e6.jpg,4118671cb5e31f31d339cc9331b562e6
2908,datasets/cat_10k/images/411b5227d3c605499d54ee2214bd4e16.jpg,411b5227d3c605499d54ee2214bd4e16
2909,datasets/cat_10k/images/4121bd769fdb6b048fb319f86973534c.jpg,4121bd769fdb6b048fb319f86973534c
2910,datasets/cat_10k/images/412b4892ba0a80b3dbd7e61b987655e9.jpg,412b4892ba0a80b3dbd7e61b987655e9
2911,datasets/cat_10k/images/41303d1f10f2ab34a24182e013e15f42.jpg,41303d1f10f2ab34a24182e013e15f42
2912,datasets/cat_10k/images/4136e1aa61595d3acd5737aa7c3dbd91.jpg,4136e1aa61595d3acd5737aa7c3dbd91
2913,datasets/cat_10k/images/413747a5249a5b762aa6b83d4fcdcf34.jpg,413747a5249a5b762aa6b83d4fcdcf34
2914,datasets/cat_10k/images/413b4970720d621b8f8feb906ef385ac.jpg,413b4970720d621b8f8feb906ef385ac
2915,datasets/cat_10k/images/41422f175764c58096fd3667feea1629.jpg,41422f175764c58096fd3667feea1629
2916,datasets/cat_10k/images/4144b8596a552663ff756fb1fcce7e86.jpg,4144b8596a552663ff756fb1fcce7e86
2917,datasets/cat_10k/images/414b0787fb350946bc94e64233819cc8.jpg,414b0787fb350946bc94e64233819cc8
2918,datasets/cat_10k/images/415fc406e05398fbd2b7edc647e81592.jpg,415fc406e05398fbd2b7edc647e81592
2919,datasets/cat_10k/images/416552886d688116dba9af9c6a5d580b.jpg,416552886d688116dba9af9c6a5d580b
2920,datasets/cat_10k/images/4178b8f37d4eb02a39e418ce4457ad9c.jpg,4178b8f37d4eb02a39e418ce4457ad9c
2921,datasets/cat_10k/images/4179c39af805cb01fbb35e086f69a4dc.jpg,4179c39af805cb01fbb35e086f69a4dc
2922,datasets/cat_10k/images/417dff3cdfdd49593639169645290a48.jpg,417dff3cdfdd49593639169645290a48
2923,datasets/cat_10k/images/4181b29e619fc90ba327178e86b76d96.jpg,4181b29e619fc90ba327178e86b76d96
2924,datasets/cat_10k/images/4182db9f474a8cf7d4346a708164919a.jpg,4182db9f474a8cf7d4346a708164919a
2925,datasets/cat_10k/images/4186e49bf623aae2affd710b7c72fd2d.jpg,4186e49bf623aae2affd710b7c72fd2d
2926,datasets/cat_10k/images/41875e3dc88d3f1e9fd4b8d7b43a0af7.jpg,41875e3dc88d3f1e9fd4b8d7b43a0af7
2927,datasets/cat_10k/images/418a65f5296115c85f5975c5c74581a6.jpg,418a65f5296115c85f5975c5c74581a6
2928,datasets/cat_10k/images/41ad7bb6959f8f7b5c0e303f8aa4c5e6.jpg,41ad7bb6959f8f7b5c0e303f8aa4c5e6
2929,datasets/cat_10k/images/41b00d304c58dbdcbd352323bb88969b.jpg,41b00d304c58dbdcbd352323bb88969b
2930,datasets/cat_10k/images/41b1e133b27a96d24f8e3e37863fd4c1.jpg,41b1e133b27a96d24f8e3e37863fd4c1
2931,datasets/cat_10k/images/41b7174bd4b02332202824adbc3fa172.jpg,41b7174bd4b02332202824adbc3fa172
2932,datasets/cat_10k/images/41c826b81a99e6efc3696840eb866656.jpg,41c826b81a99e6efc3696840eb866656
2933,datasets/cat_10k/images/41d63fdd64684c375aac8e79d839deed.jpg,41d63fdd64684c375aac8e79d839deed
2934,datasets/cat_10k/images/41da5479c406fef7e2822ee3d8df8af4.jpg,41da5479c406fef7e2822ee3d8df8af4
2935,datasets/cat_10k/images/41e9dbd8c03bb3629d209232000532ab.jpg,41e9dbd8c03bb3629d209232000532ab
2936,datasets/cat_10k/images/41f372319376c6acabe789f92f616f40.jpg,41f372319376c6acabe789f92f616f40
2937,datasets/cat_10k/images/41f4c2628b27a3cd1e420cfd316a37bb.jpg,41f4c2628b27a3cd1e420cfd316a37bb
2938,datasets/cat_10k/images/41f5368cd55ff3f66378329d840939ac.jpg,41f5368cd55ff3f66378329d840939ac
2939,datasets/cat_10k/images/42057b98d56bdf6246e39799f933ac52.jpg,42057b98d56bdf6246e39799f933ac52
2940,datasets/cat_10k/images/42169f62296d6f6ca01476aec822d884.jpg,42169f62296d6f6ca01476aec822d884
2941,datasets/cat_10k/images/4218cb88d6d07be0162336cb883ad676.jpg,4218cb88d6d07be0162336cb883ad676
2942,datasets/cat_10k/images/4219007c04df1b97d61d8a370a679033.jpg,4219007c04df1b97d61d8a370a679033
2943,datasets/cat_10k/images/421c8683a29453ee6f1b8612bb876ba9.jpg,421c8683a29453ee6f1b8612bb876ba9
2944,datasets/cat_10k/images/4226952ea5ebd9339ac9c675f65a5bda.jpg,4226952ea5ebd9339ac9c675f65a5bda
2945,datasets/cat_10k/images/423179c23653d6f59a76bc6a445ba55f.jpg,423179c23653d6f59a76bc6a445ba55f
2946,datasets/cat_10k/images/4233faa032cc1401e261e6f7fe3f6c4c.jpg,4233faa032cc1401e261e6f7fe3f6c4c
2947,datasets/cat_10k/images/42460da63d288857f25cba7edd43955a.jpg,42460da63d288857f25cba7edd43955a
2948,datasets/cat_10k/images/425b2f7674c20ab86dd2caeccbc60b68.jpg,425b2f7674c20ab86dd2caeccbc60b68
2949,datasets/cat_10k/images/425b65c5a0347e620177cbd540b6daa1.jpg,425b65c5a0347e620177cbd540b6daa1
2950,datasets/cat_10k/images/425e1bf28213f8d13972e5476a0d1c3a.jpg,425e1bf28213f8d13972e5476a0d1c3a
2951,datasets/cat_10k/images/425e31a369da9e0caca6b50db5ce9264.jpg,425e31a369da9e0caca6b50db5ce9264
2952,datasets/cat_10k/images/4273f50a9335879e804d851357e99948.jpg,4273f50a9335879e804d851357e99948
2953,datasets/cat_10k/images/42848f36039ae58e8e93c80a081da45a.jpg,42848f36039ae58e8e93c80a081da45a
2954,datasets/cat_10k/images/428533a1f964300403731009c4356292.jpg,428533a1f964300403731009c4356292
2955,datasets/cat_10k/images/428677da38781898b347cf5bed3781a8.jpg,428677da38781898b347cf5bed3781a8
2956,datasets/cat_10k/images/4286e13897d37ba39a9185a5c623b307.jpg,4286e13897d37ba39a9185a5c623b307
2957,datasets/cat_10k/images/428c9b8359b15106ff332f84d0e51c50.jpg,428c9b8359b15106ff332f84d0e51c50
2958,datasets/cat_10k/images/429adb8d2aa98926cd493ab8b3dd23f8.jpg,429adb8d2aa98926cd493ab8b3dd23f8
2959,datasets/cat_10k/images/42a2731c5775091c67bc1a9feb07b8a4.jpg,42a2731c5775091c67bc1a9feb07b8a4
2960,datasets/cat_10k/images/42a31207ac3038984960af6ed5a9c141.jpg,42a31207ac3038984960af6ed5a9c141
2961,datasets/cat_10k/images/42abf8e98537d74b9ce53d17948a6c66.jpg,42abf8e98537d74b9ce53d17948a6c66
2962,datasets/cat_10k/images/42c80b89b9de74b8275086cc1c2abf4d.jpg,42c80b89b9de74b8275086cc1c2abf4d
2963,datasets/cat_10k/images/42ce27da210f20a1555156abccc4e7d8.jpg,42ce27da210f20a1555156abccc4e7d8
2964,datasets/cat_10k/images/42db1991feca65baf783393e3b88f933.jpg,42db1991feca65baf783393e3b88f933
2965,datasets/cat_10k/images/42fa8c9b03831948907ba11cff968165.jpg,42fa8c9b03831948907ba11cff968165
2966,datasets/cat_10k/images/4306e9e2a03695ed8e66f18f79cda47a.jpg,4306e9e2a03695ed8e66f18f79cda47a
2967,datasets/cat_10k/images/430d0dfd14ae043f39291852cdafb7ba.jpg,430d0dfd14ae043f39291852cdafb7ba
2968,datasets/cat_10k/images/431c21672ba4fe65851f4556c54512a8.jpg,431c21672ba4fe65851f4556c54512a8
2969,datasets/cat_10k/images/432fe52bcc39c263bb47feed04decf51.jpg,432fe52bcc39c263bb47feed04decf51
2970,datasets/cat_10k/images/435b9c32d64ceb2ce8d90394ed7484f3.jpg,435b9c32d64ceb2ce8d90394ed7484f3
2971,datasets/cat_10k/images/436cd6405f9b5eb5c974ce2afcb76cea.jpg,436cd6405f9b5eb5c974ce2afcb76cea
2972,datasets/cat_10k/images/437577d320317e2f9d49022179b101e5.jpg,437577d320317e2f9d49022179b101e5
2973,datasets/cat_10k/images/4377abc0c9fec892e0b3e2bf6cc21d3d.jpg,4377abc0c9fec892e0b3e2bf6cc21d3d
2974,datasets/cat_10k/images/438109bc5674dd8405cd207ff6810948.jpg,438109bc5674dd8405cd207ff6810948
2975,datasets/cat_10k/images/43866a6e114c53721592913f547808d6.jpg,43866a6e114c53721592913f547808d6
2976,datasets/cat_10k/images/438974406c203ba6abf87727da253f3a.jpg,438974406c203ba6abf87727da253f3a
2977,datasets/cat_10k/images/43a626c53c7d4bdfeac9dee3782e936b.jpg,43a626c53c7d4bdfeac9dee3782e936b
2978,datasets/cat_10k/images/43a8f9ca7db1076b902b4e70dbf0df9e.jpg,43a8f9ca7db1076b902b4e70dbf0df9e
2979,datasets/cat_10k/images/43af2ce113139f093462b9d6067a3fcf.jpg,43af2ce113139f093462b9d6067a3fcf
2980,datasets/cat_10k/images/43bd829f7ee9139c62285afe73b05143.jpg,43bd829f7ee9139c62285afe73b05143
2981,datasets/cat_10k/images/43c0b98f50abdb2d61f94a9d21bda19a.jpg,43c0b98f50abdb2d61f94a9d21bda19a
2982,datasets/cat_10k/images/43c49997ae988bfb32a20c776feee838.jpg,43c49997ae988bfb32a20c776feee838
2983,datasets/cat_10k/images/43c9d4b13e412f83a33d93897a0f4e2a.jpg,43c9d4b13e412f83a33d93897a0f4e2a
2984,datasets/cat_10k/images/43d2d2ea22475410dccf7aed2fcd28a8.jpg,43d2d2ea22475410dccf7aed2fcd28a8
2985,datasets/cat_10k/images/43d442b66c4670aba064aa5e0737b3a3.jpg,43d442b66c4670aba064aa5e0737b3a3
2986,datasets/cat_10k/images/43d4ee05a21ab001a07f11eb6979c98b.jpg,43d4ee05a21ab001a07f11eb6979c98b
2987,datasets/cat_10k/images/43dc6ae57f844e8d10b8c79e2cf07747.jpg,43dc6ae57f844e8d10b8c79e2cf07747
2988,datasets/cat_10k/images/43e12d3697fbbbe0ce86ee4dc28772c0.jpg,43e12d3697fbbbe0ce86ee4dc28772c0
2989,datasets/cat_10k/images/43f8c46b98b1fa297a168f6872747f69.jpg,43f8c46b98b1fa297a168f6872747f69
2990,datasets/cat_10k/images/43f8e103e4e6d2ffaded8a79b30d7dd5.jpg,43f8e103e4e6d2ffaded8a79b30d7dd5
2991,datasets/cat_10k/images/43f9022dea95728308cc1aece011a062.jpg,43f9022dea95728308cc1aece011a062
2992,datasets/cat_10k/images/4404ef5aff7011a8348470bee667a3f4.jpg,4404ef5aff7011a8348470bee667a3f4
2993,datasets/cat_10k/images/44087a488639055f38fea09461449dc2.jpg,44087a488639055f38fea09461449dc2
2994,datasets/cat_10k/images/440c4ae49645e5741665b04950fb06d2.jpg,440c4ae49645e5741665b04950fb06d2
2995,datasets/cat_10k/images/44109333670a26e6e7da677835450672.jpg,44109333670a26e6e7da677835450672
2996,datasets/cat_10k/images/44167a3ffef16525882ff77dafb76e57.jpg,44167a3ffef16525882ff77dafb76e57
2997,datasets/cat_10k/images/441bd35803c009dcd8c08b2dde34f95a.jpg,441bd35803c009dcd8c08b2dde34f95a
2998,datasets/cat_10k/images/4421db38221666eb3fab0ae5bbcaedce.jpg,4421db38221666eb3fab0ae5bbcaedce
2999,datasets/cat_10k/images/442d24d44882f7f63dc289e73a3fd5b7.jpg,442d24d44882f7f63dc289e73a3fd5b7
3000,datasets/cat_10k/images/44354c7545202cbd06c51d86c9fa14d8.jpg,44354c7545202cbd06c51d86c9fa14d8
3001,datasets/cat_10k/images/44400e9134d5823b402b689ca72a3973.jpg,44400e9134d5823b402b689ca72a3973
3002,datasets/cat_10k/images/4442371d16d836daf96f6d5f70173fc1.jpg,4442371d16d836daf96f6d5f70173fc1
3003,datasets/cat_10k/images/445cebde504dfc5446e81e28cf6a68c6.jpg,445cebde504dfc5446e81e28cf6a68c6
3004,datasets/cat_10k/images/446047d187344c2354d5aba93d2eb5a5.jpg,446047d187344c2354d5aba93d2eb5a5
3005,datasets/cat_10k/images/44647ecdcbc3234b52165f279707ccc1.jpg,44647ecdcbc3234b52165f279707ccc1
3006,datasets/cat_10k/images/4472909f2ac45de6e81a8046f9918bda.jpg,4472909f2ac45de6e81a8046f9918bda
3007,datasets/cat_10k/images/4478fd770c3393f9368257dbee46e396.jpg,4478fd770c3393f9368257dbee46e396
3008,datasets/cat_10k/images/447d2b7db2a83161ba6faacea0cc6a09.jpg,447d2b7db2a83161ba6faacea0cc6a09
3009,datasets/cat_10k/images/44864cf6fb7a147b651b9dfde1cdc796.jpg,44864cf6fb7a147b651b9dfde1cdc796
3010,datasets/cat_10k/images/4486a457d04fb8ff67582261c4ddd76c.jpg,4486a457d04fb8ff67582261c4ddd76c
3011,datasets/cat_10k/images/4488273f3aea19d7f44e6e326d4b17b1.jpg,4488273f3aea19d7f44e6e326d4b17b1
3012,datasets/cat_10k/images/448909c4fb85aa1693b5166e76eac7c0.jpg,448909c4fb85aa1693b5166e76eac7c0
3013,datasets/cat_10k/images/4496ee5e07a9a40949924e1c627baa94.jpg,4496ee5e07a9a40949924e1c627baa94
3014,datasets/cat_10k/images/449f9515a74fe4cd39c0db181d9510ff.jpg,449f9515a74fe4cd39c0db181d9510ff
3015,datasets/cat_10k/images/44a1ee8f88dda1adcf8a5ff1cdb6ae51.jpg,44a1ee8f88dda1adcf8a5ff1cdb6ae51
3016,datasets/cat_10k/images/44a3426f0cd26251701fdd53038a4866.jpg,44a3426f0cd26251701fdd53038a4866
3017,datasets/cat_10k/images/44abf48a12ab3b58041a8adcf534e186.jpg,44abf48a12ab3b58041a8adcf534e186
3018,datasets/cat_10k/images/44aed58b1d8220b08f0c4fd06bd9ac2a.jpg,44aed58b1d8220b08f0c4fd06bd9ac2a
3019,datasets/cat_10k/images/44b6816e10473aeecf564dfc94da3e63.jpg,44b6816e10473aeecf564dfc94da3e63
3020,datasets/cat_10k/images/44b70c89d2f8e0af4f267fa9d4829465.jpg,44b70c89d2f8e0af4f267fa9d4829465
3021,datasets/cat_10k/images/44ba97d64a853448fb3e7247d16ba4d5.jpg,44ba97d64a853448fb3e7247d16ba4d5
3022,datasets/cat_10k/images/44df53b8764da08a7ece7d6f318cadca.jpg,44df53b8764da08a7ece7d6f318cadca
3023,datasets/cat_10k/images/44e0d1640160c6025cd41c5052bef1a4.jpg,44e0d1640160c6025cd41c5052bef1a4
3024,datasets/cat_10k/images/44e166d4bb5637a92531bef983a022c1.jpg,44e166d4bb5637a92531bef983a022c1
3025,datasets/cat_10k/images/44e23ded5cf38dd7ab6b5e8f1566cff8.jpg,44e23ded5cf38dd7ab6b5e8f1566cff8
3026,datasets/cat_10k/images/44eb148c7714048a09e40f6329b8927c.jpg,44eb148c7714048a09e40f6329b8927c
3027,datasets/cat_10k/images/44f24c1443c04ffff4ee654e5aafb4b4.jpg,44f24c1443c04ffff4ee654e5aafb4b4
3028,datasets/cat_10k/images/44f8204b5868c0eb3a6ea6820d038def.jpg,44f8204b5868c0eb3a6ea6820d038def
3029,datasets/cat_10k/images/44fa8c0e86724c42cd1993c05092756e.jpg,44fa8c0e86724c42cd1993c05092756e
3030,datasets/cat_10k/images/44fc8d64451d02c298a1e949cc2a0a5a.jpg,44fc8d64451d02c298a1e949cc2a0a5a
3031,datasets/cat_10k/images/44fd769e2b2caf82762a3cb998188991.jpg,44fd769e2b2caf82762a3cb998188991
3032,datasets/cat_10k/images/45067afa0f0a379bcf63302347cb1eda.jpg,45067afa0f0a379bcf63302347cb1eda
3033,datasets/cat_10k/images/4509c7e4032bdb112ba17f59dc92f59b.jpg,4509c7e4032bdb112ba17f59dc92f59b
3034,datasets/cat_10k/images/450c872b8555c7964fe891ed047bc946.jpg,450c872b8555c7964fe891ed047bc946
3035,datasets/cat_10k/images/450ef846e82ec53aa80bf6309397b56f.jpg,450ef846e82ec53aa80bf6309397b56f
3036,datasets/cat_10k/images/4513b59d58278cfb8ba7e98acd2144cd.jpg,4513b59d58278cfb8ba7e98acd2144cd
3037,datasets/cat_10k/images/4518ac0ea10dabcf4f4eb952c156edae.jpg,4518ac0ea10dabcf4f4eb952c156edae
3038,datasets/cat_10k/images/4518f402d4665693e8096dcd6b911b48.jpg,4518f402d4665693e8096dcd6b911b48
3039,datasets/cat_10k/images/4520d08494d4bef6a12a10125bc14cdf.jpg,4520d08494d4bef6a12a10125bc14cdf
3040,datasets/cat_10k/images/453128940ed56a024eb7965dc895242e.jpg,453128940ed56a024eb7965dc895242e
3041,datasets/cat_10k/images/4541b6ba79c6fbf85ae22a92a28e68c3.jpg,4541b6ba79c6fbf85ae22a92a28e68c3
3042,datasets/cat_10k/images/4542131cd4376939feb77acdb0ff08b7.jpg,4542131cd4376939feb77acdb0ff08b7
3043,datasets/cat_10k/images/454916c25d40f15fd845eebd912d2223.jpg,454916c25d40f15fd845eebd912d2223
3044,datasets/cat_10k/images/4549e9280a2b5b0b0c5c74fa5293ed33.jpg,4549e9280a2b5b0b0c5c74fa5293ed33
3045,datasets/cat_10k/images/45550f2a167eda78c86d7681293f8174.jpg,45550f2a167eda78c86d7681293f8174
3046,datasets/cat_10k/images/45562c41c43c98463ed0045391f9ae73.jpg,45562c41c43c98463ed0045391f9ae73
3047,datasets/cat_10k/images/45568a95a0247915a789a0569c14e092.jpg,45568a95a0247915a789a0569c14e092
3048,datasets/cat_10k/images/455eff64a6865d6b15b9dc978cdfa89a.jpg,455eff64a6865d6b15b9dc978cdfa89a
3049,datasets/cat_10k/images/456400cb988f8eb279e3fec78a2d8d93.jpg,456400cb988f8eb279e3fec78a2d8d93
3050,datasets/cat_10k/images/456700fef3b1fa1d2a2b99c18c02d7cc.jpg,456700fef3b1fa1d2a2b99c18c02d7cc
3051,datasets/cat_10k/images/4567c3f96ad99dfccabc25bc5ceaa933.jpg,4567c3f96ad99dfccabc25bc5ceaa933
3052,datasets/cat_10k/images/45756392edc9ca00a60863065cf16d09.jpg,45756392edc9ca00a60863065cf16d09
3053,datasets/cat_10k/images/4579911d0603c727037d4c1a53915cdf.jpg,4579911d0603c727037d4c1a53915cdf
3054,datasets/cat_10k/images/4581d755a0a74690a107cce510b8a925.jpg,4581d755a0a74690a107cce510b8a925
3055,datasets/cat_10k/images/45824fb214836da434b4ae82174542c4.jpg,45824fb214836da434b4ae82174542c4
3056,datasets/cat_10k/images/458a581026b543b940c9d1370643f6e2.jpg,458a581026b543b940c9d1370643f6e2
3057,datasets/cat_10k/images/45937ad3993c8942c8b071a5b653b257.jpg,45937ad3993c8942c8b071a5b653b257
3058,datasets/cat_10k/images/45983df017f42afcd13ea3cd98ee5d81.jpg,45983df017f42afcd13ea3cd98ee5d81
3059,datasets/cat_10k/images/45a9cbd9bd760471714ccb0859dd86fd.jpg,45a9cbd9bd760471714ccb0859dd86fd
3060,datasets/cat_10k/images/45b582f102bfdbf4e5ef978de481a49d.jpg,45b582f102bfdbf4e5ef978de481a49d
3061,datasets/cat_10k/images/45bd5178f7d740605b879dfb227f1ca2.jpg,45bd5178f7d740605b879dfb227f1ca2
3062,datasets/cat_10k/images/45c537161c589593a76e39eb3588de8c.jpg,45c537161c589593a76e39eb3588de8c
3063,datasets/cat_10k/images/45c5a604518e43f35137e5e729d3586d.jpg,45c5a604518e43f35137e5e729d3586d
3064,datasets/cat_10k/images/45cfaaff3d84809994126e462087c20a.jpg,45cfaaff3d84809994126e462087c20a
3065,datasets/cat_10k/images/45dac52d22e9bc346f43c7472db3fc79.jpg,45dac52d22e9bc346f43c7472db3fc79
3066,datasets/cat_10k/images/45e5f36309c00ad2def1d0be7a2e6615.jpg,45e5f36309c00ad2def1d0be7a2e6615
3067,datasets/cat_10k/images/45e74663e67035910be936c6a0ee6392.jpg,45e74663e67035910be936c6a0ee6392
3068,datasets/cat_10k/images/45ff19d09a2ec4ae45f3be97596348b6.jpg,45ff19d09a2ec4ae45f3be97596348b6
3069,datasets/cat_10k/images/4602ac6f805d837adfe98c8e27c7dcf3.jpg,4602ac6f805d837adfe98c8e27c7dcf3
3070,datasets/cat_10k/images/4605a055adabca741369fd3c5012ac71.jpg,4605a055adabca741369fd3c5012ac71
3071,datasets/cat_10k/images/460ad57550ba37d2e4b2978df09f098d.jpg,460ad57550ba37d2e4b2978df09f098d
3072,datasets/cat_10k/images/46119fd58148be53262932f1c6c5fc78.jpg,46119fd58148be53262932f1c6c5fc78
3073,datasets/cat_10k/images/46152228757548c75916aa2ef7ba878a.jpg,46152228757548c75916aa2ef7ba878a
3074,datasets/cat_10k/images/4618678eb2f193c93bcb0792cc260358.jpg,4618678eb2f193c93bcb0792cc260358
3075,datasets/cat_10k/images/4621e8c90ac0b76df126b4e5f5da1a8d.jpg,4621e8c90ac0b76df126b4e5f5da1a8d
3076,datasets/cat_10k/images/4623b4919a5b8b307ffef3f764013412.jpg,4623b4919a5b8b307ffef3f764013412
3077,datasets/cat_10k/images/462f365cafa6f2479e17673626e6817d.jpg,462f365cafa6f2479e17673626e6817d
3078,datasets/cat_10k/images/462fbfedf7f47bff98bfdd9417a97bad.jpg,462fbfedf7f47bff98bfdd9417a97bad
3079,datasets/cat_10k/images/462fcc982c6bb2dd9d3b0ab60ce3e7e0.jpg,462fcc982c6bb2dd9d3b0ab60ce3e7e0
3080,datasets/cat_10k/images/4634581ab42ce6d12973e373e25f8257.jpg,4634581ab42ce6d12973e373e25f8257
3081,datasets/cat_10k/images/463c5fc4b1fcdf496425e25e0c96c983.jpg,463c5fc4b1fcdf496425e25e0c96c983
3082,datasets/cat_10k/images/46416a64de0e81da0fe5725a3dd22381.jpg,46416a64de0e81da0fe5725a3dd22381
3083,datasets/cat_10k/images/46418662e8d8096fbaadc1b38208d642.jpg,46418662e8d8096fbaadc1b38208d642
3084,datasets/cat_10k/images/4642b906c6ed68bd5c875b8af1546fdc.jpg,4642b906c6ed68bd5c875b8af1546fdc
3085,datasets/cat_10k/images/464e728c757b035ebface810bbb64fd4.jpg,464e728c757b035ebface810bbb64fd4
3086,datasets/cat_10k/images/465062815e77d03c09017c8141272f45.jpg,465062815e77d03c09017c8141272f45
3087,datasets/cat_10k/images/465e25312a0afe95a06b9398c7cfc32e.jpg,465e25312a0afe95a06b9398c7cfc32e
3088,datasets/cat_10k/images/465f7020434e606c9640baba1eff0ea6.jpg,465f7020434e606c9640baba1eff0ea6
3089,datasets/cat_10k/images/4662d6ffdb76f66ae227948e84b44014.jpg,4662d6ffdb76f66ae227948e84b44014
3090,datasets/cat_10k/images/4665b1358abf1f31701828022c144d31.jpg,4665b1358abf1f31701828022c144d31
3091,datasets/cat_10k/images/4671c850dd0573f5dcbae024bf01646b.jpg,4671c850dd0573f5dcbae024bf01646b
3092,datasets/cat_10k/images/467267eb3dcb0a89251ac9d67b1894e9.jpg,467267eb3dcb0a89251ac9d67b1894e9
3093,datasets/cat_10k/images/4678ab247141c475f4ab9b132889d88c.jpg,4678ab247141c475f4ab9b132889d88c
3094,datasets/cat_10k/images/4682139e585727c6c6cb4a480fad6782.jpg,4682139e585727c6c6cb4a480fad6782
3095,datasets/cat_10k/images/4684120e4e7c5bae1a307a79902b1890.jpg,4684120e4e7c5bae1a307a79902b1890
3096,datasets/cat_10k/images/46856377ea0b80206cad5e15c478b8fe.jpg,46856377ea0b80206cad5e15c478b8fe
3097,datasets/cat_10k/images/46872729759794fc95e6a9cc0262a913.jpg,46872729759794fc95e6a9cc0262a913
3098,datasets/cat_10k/images/468c315b573eae56b3f0e4aee5962df6.jpg,468c315b573eae56b3f0e4aee5962df6
3099,datasets/cat_10k/images/46a9ff717c50c7e9894b8f0a9c9476c9.jpg,46a9ff717c50c7e9894b8f0a9c9476c9
3100,datasets/cat_10k/images/46b91d5e2494bb9166451cfa5dd65329.jpg,46b91d5e2494bb9166451cfa5dd65329
3101,datasets/cat_10k/images/46bc74d4d7703177d0e3605885967e9f.jpg,46bc74d4d7703177d0e3605885967e9f
3102,datasets/cat_10k/images/46bddcfbc3aa2e9bb17847e156406d6d.jpg,46bddcfbc3aa2e9bb17847e156406d6d
3103,datasets/cat_10k/images/46bf9f15574a31ab72135dfbd80daa6b.jpg,46bf9f15574a31ab72135dfbd80daa6b
3104,datasets/cat_10k/images/46e2b36f773ada388bc4530a003abae9.jpg,46e2b36f773ada388bc4530a003abae9
3105,datasets/cat_10k/images/46e773020ca38395b76d5fe41671b40e.jpg,46e773020ca38395b76d5fe41671b40e
3106,datasets/cat_10k/images/46e94e42504db9fe90409a56345e46b3.jpg,46e94e42504db9fe90409a56345e46b3
3107,datasets/cat_10k/images/46f3ab38fe03eb9e2f7fdf3081bef06f.jpg,46f3ab38fe03eb9e2f7fdf3081bef06f
3108,datasets/cat_10k/images/46fb353a50b33ce6106b743eda0c1c15.jpg,46fb353a50b33ce6106b743eda0c1c15
3109,datasets/cat_10k/images/470177ac569419616ff44d908a5c8ac9.jpg,470177ac569419616ff44d908a5c8ac9
3110,datasets/cat_10k/images/47082c6564755e10c1cb33c141f26bf3.jpg,47082c6564755e10c1cb33c141f26bf3
3111,datasets/cat_10k/images/471723a6b0215c50362192a67a6ab5e6.jpg,471723a6b0215c50362192a67a6ab5e6
3112,datasets/cat_10k/images/471f254017dd8cb173f07f2d467eb257.jpg,471f254017dd8cb173f07f2d467eb257
3113,datasets/cat_10k/images/47218ce927438d17a5ada71bc4eb8f27.jpg,47218ce927438d17a5ada71bc4eb8f27
3114,datasets/cat_10k/images/4723456b6e5b2c9a90e0def8be41683b.jpg,4723456b6e5b2c9a90e0def8be41683b
3115,datasets/cat_10k/images/47273c336d610b7f8638df6e5bb1f468.jpg,47273c336d610b7f8638df6e5bb1f468
3116,datasets/cat_10k/images/472b332f22e027210a3f55dcbfb70f21.jpg,472b332f22e027210a3f55dcbfb70f21
3117,datasets/cat_10k/images/472eb86c49ba46b78fdeb0ef5b085ce6.jpg,472eb86c49ba46b78fdeb0ef5b085ce6
3118,datasets/cat_10k/images/472fa268f24d2b5a89ec58f107161be7.jpg,472fa268f24d2b5a89ec58f107161be7
3119,datasets/cat_10k/images/473236da8d84559275de09065216e538.jpg,473236da8d84559275de09065216e538
3120,datasets/cat_10k/images/473241e0d68d10c3f8c91cde9844f9a0.jpg,473241e0d68d10c3f8c91cde9844f9a0
3121,datasets/cat_10k/images/4733ace4688402ec9423dec3e77f4e0e.jpg,4733ace4688402ec9423dec3e77f4e0e
3122,datasets/cat_10k/images/4733ff37e77114e679352d5d72535252.jpg,4733ff37e77114e679352d5d72535252
3123,datasets/cat_10k/images/473e48b018caebd82ff6feb75eca2840.jpg,473e48b018caebd82ff6feb75eca2840
3124,datasets/cat_10k/images/47419a8051c2167b80106aeb5f71f5db.jpg,47419a8051c2167b80106aeb5f71f5db
3125,datasets/cat_10k/images/4744a0e69bd04c7a5e33f4d9a72aecb5.jpg,4744a0e69bd04c7a5e33f4d9a72aecb5
3126,datasets/cat_10k/images/4746284a3d64dba4edf39eb5e5ab4340.jpg,4746284a3d64dba4edf39eb5e5ab4340
3127,datasets/cat_10k/images/4747f1eb28dbce0e8b8781c56bb69ca2.jpg,4747f1eb28dbce0e8b8781c56bb69ca2
3128,datasets/cat_10k/images/475530c04f841f3ce1acd7f0fa6c8fee.jpg,475530c04f841f3ce1acd7f0fa6c8fee
3129,datasets/cat_10k/images/4769bb2dedb824e2d2a8fe3df3d33a57.jpg,4769bb2dedb824e2d2a8fe3df3d33a57
3130,datasets/cat_10k/images/476cfbafc7d29a51b38a7d44f8d2fb55.jpg,476cfbafc7d29a51b38a7d44f8d2fb55
3131,datasets/cat_10k/images/47814424cc4168f11f3c95af38214654.jpg,47814424cc4168f11f3c95af38214654
3132,datasets/cat_10k/images/4787a3ed8b66f7628d6bfd921f35aae4.jpg,4787a3ed8b66f7628d6bfd921f35aae4
3133,datasets/cat_10k/images/478bb6bc0793fc6776a92ba409525fb3.jpg,478bb6bc0793fc6776a92ba409525fb3
3134,datasets/cat_10k/images/478ec82bbf7793b45c6cb5045fd5ebd4.jpg,478ec82bbf7793b45c6cb5045fd5ebd4
3135,datasets/cat_10k/images/478fa52cbb6b1c5ad8f80aedee8e54d5.jpg,478fa52cbb6b1c5ad8f80aedee8e54d5
3136,datasets/cat_10k/images/479a2dae8a333a12b902365db16b44cd.jpg,479a2dae8a333a12b902365db16b44cd
3137,datasets/cat_10k/images/47a07e364037be100b0328aaefdf3eb2.jpg,47a07e364037be100b0328aaefdf3eb2
3138,datasets/cat_10k/images/47a1f0cba5859778939363f48cd1f24b.jpg,47a1f0cba5859778939363f48cd1f24b
3139,datasets/cat_10k/images/47a59834cd29af5bae73106b9d3ffe7e.jpg,47a59834cd29af5bae73106b9d3ffe7e
3140,datasets/cat_10k/images/47aae56ac485e260b92ab68608926ff7.jpg,47aae56ac485e260b92ab68608926ff7
3141,datasets/cat_10k/images/47ab5c81d29a06166187bfec1be432ad.jpg,47ab5c81d29a06166187bfec1be432ad
3142,datasets/cat_10k/images/47afdfd3afe6e2011b6baa39dc19c550.jpg,47afdfd3afe6e2011b6baa39dc19c550
3143,datasets/cat_10k/images/47bb56357fdf17dc69b4b35602d12c76.jpg,47bb56357fdf17dc69b4b35602d12c76
3144,datasets/cat_10k/images/47c0dd97dc4cbd26fe1ce8d7d95c721d.jpg,47c0dd97dc4cbd26fe1ce8d7d95c721d
3145,datasets/cat_10k/images/47c1bbcf6ad1b448d448f8bab7bdd511.jpg,47c1bbcf6ad1b448d448f8bab7bdd511
3146,datasets/cat_10k/images/47c32e05bb08b3631e3f9c2a2e9e6c8e.jpg,47c32e05bb08b3631e3f9c2a2e9e6c8e
3147,datasets/cat_10k/images/47c430e3deb2ffc71d8f39e084c03c98.jpg,47c430e3deb2ffc71d8f39e084c03c98
3148,datasets/cat_10k/images/47c78c21122eefaee7b4f819944e43ed.jpg,47c78c21122eefaee7b4f819944e43ed
3149,datasets/cat_10k/images/47d29fd75fec271206079a3c9dc1b91b.jpg,47d29fd75fec271206079a3c9dc1b91b
3150,datasets/cat_10k/images/47db884495d4e0e83a18526debc5e96d.jpg,47db884495d4e0e83a18526debc5e96d
3151,datasets/cat_10k/images/47e3b753ec5f75e07f197ba980e6e84e.jpg,47e3b753ec5f75e07f197ba980e6e84e
3152,datasets/cat_10k/images/47eff5080b9ef3a4056934f1d6ae1b13.jpg,47eff5080b9ef3a4056934f1d6ae1b13
3153,datasets/cat_10k/images/47f07c73be90430b306878d31242d847.jpg,47f07c73be90430b306878d31242d847
3154,datasets/cat_10k/images/47f1bcd866c9b93a217eb1f9d6a68bfe.jpg,47f1bcd866c9b93a217eb1f9d6a68bfe
3155,datasets/cat_10k/images/47f26e1cc03dce6408144328159d8a64.jpg,47f26e1cc03dce6408144328159d8a64
3156,datasets/cat_10k/images/47f4a340ed54a9f3bc14d722738209d4.jpg,47f4a340ed54a9f3bc14d722738209d4
3157,datasets/cat_10k/images/47f8fc17874cb9f24bdf53a2cda0a734.jpg,47f8fc17874cb9f24bdf53a2cda0a734
3158,datasets/cat_10k/images/47fcce8119af989561c56203bbe7bd71.jpg,47fcce8119af989561c56203bbe7bd71
3159,datasets/cat_10k/images/47fdd4e8b421c7b6d5905aea3e1ad480.jpg,47fdd4e8b421c7b6d5905aea3e1ad480
3160,datasets/cat_10k/images/47fed0bb99bf0f29b9363b99e2910fd6.jpg,47fed0bb99bf0f29b9363b99e2910fd6
3161,datasets/cat_10k/images/4801efc2d2438cb9e7554828f3a7ddab.jpg,4801efc2d2438cb9e7554828f3a7ddab
3162,datasets/cat_10k/images/480439671a860eca8c5960909d881b87.jpg,480439671a860eca8c5960909d881b87
3163,datasets/cat_10k/images/4804c2bc2033b6c4116d7f7b5335e853.jpg,4804c2bc2033b6c4116d7f7b5335e853
3164,datasets/cat_10k/images/4805c78ba9157b2aa20a9eaa6fe21782.jpg,4805c78ba9157b2aa20a9eaa6fe21782
3165,datasets/cat_10k/images/48083dfcdd960d14f555dc907d22db78.jpg,48083dfcdd960d14f555dc907d22db78
3166,datasets/cat_10k/images/48121eed8c538bc45aa20d5a458ebb1d.jpg,48121eed8c538bc45aa20d5a458ebb1d
3167,datasets/cat_10k/images/48181461e25cd95b33bb3939f00b60d5.jpg,48181461e25cd95b33bb3939f00b60d5
3168,datasets/cat_10k/images/481956e661d107ec05812acd15428d9e.jpg,481956e661d107ec05812acd15428d9e
3169,datasets/cat_10k/images/481f42029493f006b566d0af650493b3.jpg,481f42029493f006b566d0af650493b3
3170,datasets/cat_10k/images/48216b9236543a297bfdf9368f63faa9.jpg,48216b9236543a297bfdf9368f63faa9
3171,datasets/cat_10k/images/482b68c33e0408394dd21c6ec06ddb3c.jpg,482b68c33e0408394dd21c6ec06ddb3c
3172,datasets/cat_10k/images/482bec64d903c38397151d9fbd2159a7.jpg,482bec64d903c38397151d9fbd2159a7
3173,datasets/cat_10k/images/482f4a9043ae2a25f3c72246ea9d9cd3.jpg,482f4a9043ae2a25f3c72246ea9d9cd3
3174,datasets/cat_10k/images/4830f1baa0d69c9d410f2bffebac5a66.jpg,4830f1baa0d69c9d410f2bffebac5a66
3175,datasets/cat_10k/images/4844ad1807508d900db67c1848192d15.jpg,4844ad1807508d900db67c1848192d15
3176,datasets/cat_10k/images/4847f51349aefd00cdde594f885570ed.jpg,4847f51349aefd00cdde594f885570ed
3177,datasets/cat_10k/images/484b18080af07e1a9f2a688a0ee0d045.jpg,484b18080af07e1a9f2a688a0ee0d045
3178,datasets/cat_10k/images/484e27c62a5188b266be2704767d44ba.jpg,484e27c62a5188b266be2704767d44ba
3179,datasets/cat_10k/images/485799a02b4e0e0efc8ec8753cdf9689.jpg,485799a02b4e0e0efc8ec8753cdf9689
3180,datasets/cat_10k/images/485b6d63d0c876a594bae531a896400e.jpg,485b6d63d0c876a594bae531a896400e
3181,datasets/cat_10k/images/4868181a34d51f555de0aa343e8caeca.jpg,4868181a34d51f555de0aa343e8caeca
3182,datasets/cat_10k/images/486b01a72d210acf3738b9e91cf2f710.jpg,486b01a72d210acf3738b9e91cf2f710
3183,datasets/cat_10k/images/486ba3b4a2cca7fb1608331dd3a47a44.jpg,486ba3b4a2cca7fb1608331dd3a47a44
3184,datasets/cat_10k/images/486eb5fd703f976a681d09425be41798.jpg,486eb5fd703f976a681d09425be41798
3185,datasets/cat_10k/images/48745ed13480a5c81938f7e866c2330d.jpg,48745ed13480a5c81938f7e866c2330d
3186,datasets/cat_10k/images/487b291f3ec2280cc1c1d5ac51496eb8.jpg,487b291f3ec2280cc1c1d5ac51496eb8
3187,datasets/cat_10k/images/488259117fc73041a83cc5db01bc3ce4.jpg,488259117fc73041a83cc5db01bc3ce4
3188,datasets/cat_10k/images/4882e544016082dee8e725fee6603e35.jpg,4882e544016082dee8e725fee6603e35
3189,datasets/cat_10k/images/48874d83453a35a58dcc301177507755.jpg,48874d83453a35a58dcc301177507755
3190,datasets/cat_10k/images/4887b3aa68aca66cec2eaaf9edc07643.jpg,4887b3aa68aca66cec2eaaf9edc07643
3191,datasets/cat_10k/images/488aa47575a150aa702ca3d861a78688.jpg,488aa47575a150aa702ca3d861a78688
3192,datasets/cat_10k/images/489a13839d2a0028ab6f091e6f73e5bd.jpg,489a13839d2a0028ab6f091e6f73e5bd
3193,datasets/cat_10k/images/489b340318c150ec965fe489107ee258.jpg,489b340318c150ec965fe489107ee258
3194,datasets/cat_10k/images/489bba6832d813bd7ce460ed02f49b1b.jpg,489bba6832d813bd7ce460ed02f49b1b
3195,datasets/cat_10k/images/48a541fccec7f9c1e70e8d21b917b250.jpg,48a541fccec7f9c1e70e8d21b917b250
3196,datasets/cat_10k/images/48ba00ea32264c646eace50389ff6ba9.jpg,48ba00ea32264c646eace50389ff6ba9
3197,datasets/cat_10k/images/48c1f0743d8ae0338cdb4250e9ed30ba.jpg,48c1f0743d8ae0338cdb4250e9ed30ba
3198,datasets/cat_10k/images/48ca2ae473d4881100cfc473aa43f66f.jpg,48ca2ae473d4881100cfc473aa43f66f
3199,datasets/cat_10k/images/48dd080a942127220d42e9ac2b192858.jpg,48dd080a942127220d42e9ac2b192858
3200,datasets/cat_10k/images/48ddfdcfc33c2584d40b57f92cda5840.jpg,48ddfdcfc33c2584d40b57f92cda5840
3201,datasets/cat_10k/images/48de26ddebd5070f20899f8046a3b4b6.jpg,48de26ddebd5070f20899f8046a3b4b6
3202,datasets/cat_10k/images/48e293432312d2b36d5c4188664996a2.jpg,48e293432312d2b36d5c4188664996a2
3203,datasets/cat_10k/images/48e551492977944474a43afdd3d630ba.jpg,48e551492977944474a43afdd3d630ba
3204,datasets/cat_10k/images/49119833f19dc20c4450a239ce1bc33d.jpg,49119833f19dc20c4450a239ce1bc33d
3205,datasets/cat_10k/images/491306a0801fa6e17d8e41d80cf4461c.jpg,491306a0801fa6e17d8e41d80cf4461c
3206,datasets/cat_10k/images/4921821009db9c5a8ad65f5f5f2f97c0.jpg,4921821009db9c5a8ad65f5f5f2f97c0
3207,datasets/cat_10k/images/4924af9e4a89d9e83b9166bc75233168.jpg,4924af9e4a89d9e83b9166bc75233168
3208,datasets/cat_10k/images/49254e1f2fb3db80e4b16694ee019672.jpg,49254e1f2fb3db80e4b16694ee019672
3209,datasets/cat_10k/images/492f24deae415d6778174248fa825105.jpg,492f24deae415d6778174248fa825105
3210,datasets/cat_10k/images/493df0524188dfb07d7b4eb5fa3c84f8.jpg,493df0524188dfb07d7b4eb5fa3c84f8
3211,datasets/cat_10k/images/4940963a09754f4b7df50810e0d32b1b.jpg,4940963a09754f4b7df50810e0d32b1b
3212,datasets/cat_10k/images/49474fe18bd10378c0c8db47e1be9d39.jpg,49474fe18bd10378c0c8db47e1be9d39
3213,datasets/cat_10k/images/494bf95c868866f856de88dbbfebe4c0.jpg,494bf95c868866f856de88dbbfebe4c0
3214,datasets/cat_10k/images/494df2eecdaca1f70c8183932118b164.jpg,494df2eecdaca1f70c8183932118b164
3215,datasets/cat_10k/images/495d6af92f6a42cc96e32dabad9a5946.jpg,495d6af92f6a42cc96e32dabad9a5946
3216,datasets/cat_10k/images/495df4a8259a186a7f9855b77213b634.jpg,495df4a8259a186a7f9855b77213b634
3217,datasets/cat_10k/images/495f65090ce377bffdeb33af1dcf7afa.jpg,495f65090ce377bffdeb33af1dcf7afa
3218,datasets/cat_10k/images/4960014565b7e22f76c494b712cd4929.jpg,4960014565b7e22f76c494b712cd4929
3219,datasets/cat_10k/images/4962aee4434e8e8e51a49078648da57d.jpg,4962aee4434e8e8e51a49078648da57d
3220,datasets/cat_10k/images/4968a16f0616fc42d3f70302a6be54e3.jpg,4968a16f0616fc42d3f70302a6be54e3
3221,datasets/cat_10k/images/49695381a4b45732ee6d88b6164c891d.jpg,49695381a4b45732ee6d88b6164c891d
3222,datasets/cat_10k/images/4973652dc6e609b807b0f9a584f3df3b.jpg,4973652dc6e609b807b0f9a584f3df3b
3223,datasets/cat_10k/images/497f3820ae7b378e9c81cedb7a3d9699.jpg,497f3820ae7b378e9c81cedb7a3d9699
3224,datasets/cat_10k/images/4985f25ec05ed0620a81a3f5b0cffe08.jpg,4985f25ec05ed0620a81a3f5b0cffe08
3225,datasets/cat_10k/images/49ade6a6821cc80a76b9f00d3aa9d81b.jpg,49ade6a6821cc80a76b9f00d3aa9d81b
3226,datasets/cat_10k/images/49b037dacbfbd26a18272aaa55b4b77f.jpg,49b037dacbfbd26a18272aaa55b4b77f
3227,datasets/cat_10k/images/49b192d00efee718f2ca3a8b2216647e.jpg,49b192d00efee718f2ca3a8b2216647e
3228,datasets/cat_10k/images/49b19d894aaa1fdaeb21af918b56c9f0.jpg,49b19d894aaa1fdaeb21af918b56c9f0
3229,datasets/cat_10k/images/49bc46545cfc7699b1a58936e3123ba6.jpg,49bc46545cfc7699b1a58936e3123ba6
3230,datasets/cat_10k/images/49c83ab906de8ff4fa82d79e013f285d.jpg,49c83ab906de8ff4fa82d79e013f285d
3231,datasets/cat_10k/images/49ca91ac9c287e10700e0f2b1a59fd6f.jpg,49ca91ac9c287e10700e0f2b1a59fd6f
3232,datasets/cat_10k/images/49cbbcd624c00550e1a1c1d56c5796ae.jpg,49cbbcd624c00550e1a1c1d56c5796ae
3233,datasets/cat_10k/images/49ccbde55ae1565f2aa2d96a24a4390f.jpg,49ccbde55ae1565f2aa2d96a24a4390f
3234,datasets/cat_10k/images/49d11bdd667ab86dc0e88dcd63d96865.jpg,49d11bdd667ab86dc0e88dcd63d96865
3235,datasets/cat_10k/images/49ede884bfcf5e2a80b6ad9a5a5bf45c.jpg,49ede884bfcf5e2a80b6ad9a5a5bf45c
3236,datasets/cat_10k/images/49ef69e596325ca2b707fe0be3e3bedb.jpg,49ef69e596325ca2b707fe0be3e3bedb
3237,datasets/cat_10k/images/49ef69f7630fedc5f6c4ff152439d6d0.jpg,49ef69f7630fedc5f6c4ff152439d6d0
3238,datasets/cat_10k/images/49fedcad51948a6d487adc115cb908b8.jpg,49fedcad51948a6d487adc115cb908b8
3239,datasets/cat_10k/images/4a00235259cb2c456dad59e6fc700191.jpg,4a00235259cb2c456dad59e6fc700191
3240,datasets/cat_10k/images/4a03f6cfc622c7ed6643e38b82374345.jpg,4a03f6cfc622c7ed6643e38b82374345
3241,datasets/cat_10k/images/4a05dd6cb11d0b5db425ab35e8eb79d0.jpg,4a05dd6cb11d0b5db425ab35e8eb79d0
3242,datasets/cat_10k/images/4a07376fa0072d4eb3efe150f3666349.jpg,4a07376fa0072d4eb3efe150f3666349
3243,datasets/cat_10k/images/4a10287030c4dbb6b0c8463e59e6c5fb.jpg,4a10287030c4dbb6b0c8463e59e6c5fb
3244,datasets/cat_10k/images/4a119ad575224fae4db87d6886df29de.jpg,4a119ad575224fae4db87d6886df29de
3245,datasets/cat_10k/images/4a1e310c9e0e5cc3423869a8bcb956c4.jpg,4a1e310c9e0e5cc3423869a8bcb956c4
3246,datasets/cat_10k/images/4a1fef062f15811b6da1eb740765a62f.jpg,4a1fef062f15811b6da1eb740765a62f
3247,datasets/cat_10k/images/4a208bea03a5598ebf4044fd6753a058.jpg,4a208bea03a5598ebf4044fd6753a058
3248,datasets/cat_10k/images/4a36d1808494f5eaaf61dfe28ec30bca.jpg,4a36d1808494f5eaaf61dfe28ec30bca
3249,datasets/cat_10k/images/4a40d76870040c4d9e4b28169fb37d01.jpg,4a40d76870040c4d9e4b28169fb37d01
3250,datasets/cat_10k/images/4a43be7ecb7934d07920681506ecd5d7.jpg,4a43be7ecb7934d07920681506ecd5d7
3251,datasets/cat_10k/images/4a46975a7dd7d449febf224033b2e18d.jpg,4a46975a7dd7d449febf224033b2e18d
3252,datasets/cat_10k/images/4a46f50ed58e00d5a5d81f8e18ac5822.jpg,4a46f50ed58e00d5a5d81f8e18ac5822
3253,datasets/cat_10k/images/4a4b57916ffcdb26327e69b9e8a77d3f.jpg,4a4b57916ffcdb26327e69b9e8a77d3f
3254,datasets/cat_10k/images/4a4c8afb9d1baf607113b50519aebe68.jpg,4a4c8afb9d1baf607113b50519aebe68
3255,datasets/cat_10k/images/4a4e50ab18e192304f0023354253d627.jpg,4a4e50ab18e192304f0023354253d627
3256,datasets/cat_10k/images/4a62e2725073f889ed4373caf4ee2dcc.jpg,4a62e2725073f889ed4373caf4ee2dcc
3257,datasets/cat_10k/images/4a65c657ef4f0c2295d3f7ed600415d5.jpg,4a65c657ef4f0c2295d3f7ed600415d5
3258,datasets/cat_10k/images/4a6993b96ea15e4d3bc2aac94914d62f.jpg,4a6993b96ea15e4d3bc2aac94914d62f
3259,datasets/cat_10k/images/4a76a843ab7af8efc400abc4de263865.jpg,4a76a843ab7af8efc400abc4de263865
3260,datasets/cat_10k/images/4a900035e6335c37fb5306f96f59abfc.jpg,4a900035e6335c37fb5306f96f59abfc
3261,datasets/cat_10k/images/4a98ff18279732b9b7863d65290eaab9.jpg,4a98ff18279732b9b7863d65290eaab9
3262,datasets/cat_10k/images/4aa921979961563092495160954277ef.jpg,4aa921979961563092495160954277ef
3263,datasets/cat_10k/images/4ab21243e4ace7ca583cba26d6ab677d.jpg,4ab21243e4ace7ca583cba26d6ab677d
3264,datasets/cat_10k/images/4ac2fbf1877c2d8b50410819dbc6bba4.jpg,4ac2fbf1877c2d8b50410819dbc6bba4
3265,datasets/cat_10k/images/4ac45b61efea3111a9b1cc8b2b69045a.jpg,4ac45b61efea3111a9b1cc8b2b69045a
3266,datasets/cat_10k/images/4ac70a3e7e4ad7c7dba84c3b9dfa4c2a.jpg,4ac70a3e7e4ad7c7dba84c3b9dfa4c2a
3267,datasets/cat_10k/images/4acd275bef62008cb0a4e513d7e11c2e.jpg,4acd275bef62008cb0a4e513d7e11c2e
3268,datasets/cat_10k/images/4acf5507b6a840a2b2a669061bd5bd70.jpg,4acf5507b6a840a2b2a669061bd5bd70
3269,datasets/cat_10k/images/4adceae962c8b0235a5c33f904953bae.jpg,4adceae962c8b0235a5c33f904953bae
3270,datasets/cat_10k/images/4ae27e220f198c2e1b59fb3986dbe834.jpg,4ae27e220f198c2e1b59fb3986dbe834
3271,datasets/cat_10k/images/4ae51bf881489bf1948f475b9f9be5b2.jpg,4ae51bf881489bf1948f475b9f9be5b2
3272,datasets/cat_10k/images/4ae9a1e6d8c028194bfea80854db7f5f.jpg,4ae9a1e6d8c028194bfea80854db7f5f
3273,datasets/cat_10k/images/4aee83833a9049285a0ae5085206244b.jpg,4aee83833a9049285a0ae5085206244b
3274,datasets/cat_10k/images/4aeec620015d97dd03a07cde7e25cd1d.jpg,4aeec620015d97dd03a07cde7e25cd1d
3275,datasets/cat_10k/images/4b00c8b1cd4c81564cde6077268e4375.jpg,4b00c8b1cd4c81564cde6077268e4375
3276,datasets/cat_10k/images/4b010f60d8ac109e0105259ffd49ecad.jpg,4b010f60d8ac109e0105259ffd49ecad
3277,datasets/cat_10k/images/4b0808bf71da066bae13b629fc296f7e.jpg,4b0808bf71da066bae13b629fc296f7e
3278,datasets/cat_10k/images/4b0b40bf318644b417c59fca1c34d0c1.jpg,4b0b40bf318644b417c59fca1c34d0c1
3279,datasets/cat_10k/images/4b116d442e1cb6e701f7cc9c82e26e7a.jpg,4b116d442e1cb6e701f7cc9c82e26e7a
3280,datasets/cat_10k/images/4b13f36c82e3218bcec47fdb00aea8c5.jpg,4b13f36c82e3218bcec47fdb00aea8c5
3281,datasets/cat_10k/images/4b14c3d288d40c1c535a8c3c86931438.jpg,4b14c3d288d40c1c535a8c3c86931438
3282,datasets/cat_10k/images/4b1a3bc77a23d824eec2dcbcd5a78497.jpg,4b1a3bc77a23d824eec2dcbcd5a78497
3283,datasets/cat_10k/images/4b31a28134c2c5fbb418c0eae11e67d6.jpg,4b31a28134c2c5fbb418c0eae11e67d6
3284,datasets/cat_10k/images/4b3cedfe8f0bb4e7ff837969b81c7e4c.jpg,4b3cedfe8f0bb4e7ff837969b81c7e4c
3285,datasets/cat_10k/images/4b3eac95558d434e7c82192d28826dfb.jpg,4b3eac95558d434e7c82192d28826dfb
3286,datasets/cat_10k/images/4b3f07ec51b31126de77d3316971d482.jpg,4b3f07ec51b31126de77d3316971d482
3287,datasets/cat_10k/images/4b4bb29ac15456caf95d8cfa0509d58b.jpg,4b4bb29ac15456caf95d8cfa0509d58b
3288,datasets/cat_10k/images/4b588ed893f121e491b6373f030dfea2.jpg,4b588ed893f121e491b6373f030dfea2
3289,datasets/cat_10k/images/4b58bd76974042dfc58723209699b6bb.jpg,4b58bd76974042dfc58723209699b6bb
3290,datasets/cat_10k/images/4b5fcaaf1c92ff986ec58c76d32751eb.jpg,4b5fcaaf1c92ff986ec58c76d32751eb
3291,datasets/cat_10k/images/4b6c8856b5b4f5629f5f7cebd3c1eec9.jpg,4b6c8856b5b4f5629f5f7cebd3c1eec9
3292,datasets/cat_10k/images/4b6cab13d1cb78537069f18d07143753.jpg,4b6cab13d1cb78537069f18d07143753
3293,datasets/cat_10k/images/4b6dd4845e6a530539e6d00cf6a0cce5.jpg,4b6dd4845e6a530539e6d00cf6a0cce5
3294,datasets/cat_10k/images/4b707487717df68db3d22f4f84e8c1ce.jpg,4b707487717df68db3d22f4f84e8c1ce
3295,datasets/cat_10k/images/4b7418b9da2a9c588912eafeb889e58e.jpg,4b7418b9da2a9c588912eafeb889e58e
3296,datasets/cat_10k/images/4b8092342de4282d22c7e121d280e4d0.jpg,4b8092342de4282d22c7e121d280e4d0
3297,datasets/cat_10k/images/4b81449f904b99ec7ef5cd7ef8d6c13c.jpg,4b81449f904b99ec7ef5cd7ef8d6c13c
3298,datasets/cat_10k/images/4b82922cfeac8b6ceac400079c42b3d2.jpg,4b82922cfeac8b6ceac400079c42b3d2
3299,datasets/cat_10k/images/4b82e1ef71fdbd70191960de8a20ecba.jpg,4b82e1ef71fdbd70191960de8a20ecba
3300,datasets/cat_10k/images/4b86fbcf40cde1a59aa4f52f6cd3cf3e.jpg,4b86fbcf40cde1a59aa4f52f6cd3cf3e
3301,datasets/cat_10k/images/4b9006d229e29c8603368d791b0c4e5c.jpg,4b9006d229e29c8603368d791b0c4e5c
3302,datasets/cat_10k/images/4b9170b03a0a019e4bfc8b78f5484605.jpg,4b9170b03a0a019e4bfc8b78f5484605
3303,datasets/cat_10k/images/4b91f86956ff22e0370db0b571e6a396.jpg,4b91f86956ff22e0370db0b571e6a396
3304,datasets/cat_10k/images/4b9bde5a725bf3e05046e6fe8d45d070.jpg,4b9bde5a725bf3e05046e6fe8d45d070
3305,datasets/cat_10k/images/4ba3c14ebf3992d0722a24bce273d041.jpg,4ba3c14ebf3992d0722a24bce273d041
3306,datasets/cat_10k/images/4ba77f4daf4418fbbedc631f9de07ef0.jpg,4ba77f4daf4418fbbedc631f9de07ef0
3307,datasets/cat_10k/images/4bb3f5f079033afec017c53740a6c36b.jpg,4bb3f5f079033afec017c53740a6c36b
3308,datasets/cat_10k/images/4bb665a451623ad8be37a2eefb632bee.jpg,4bb665a451623ad8be37a2eefb632bee
3309,datasets/cat_10k/images/4bb7fbe1984df9cedd6af0b24921def0.jpg,4bb7fbe1984df9cedd6af0b24921def0
3310,datasets/cat_10k/images/4bc64446b9381cdaab4f2e40ff14e64a.jpg,4bc64446b9381cdaab4f2e40ff14e64a
3311,datasets/cat_10k/images/4bcf14f16412c8133d076e57f7ce41eb.jpg,4bcf14f16412c8133d076e57f7ce41eb
3312,datasets/cat_10k/images/4bd13c0c0ccd4c06fe7b6809f7f0e210.jpg,4bd13c0c0ccd4c06fe7b6809f7f0e210
3313,datasets/cat_10k/images/4bd1dd90dc1de0082dc4c0b808f5c900.jpg,4bd1dd90dc1de0082dc4c0b808f5c900
3314,datasets/cat_10k/images/4bd4fae6d9b0db5fcda7011ef8b8d421.jpg,4bd4fae6d9b0db5fcda7011ef8b8d421
3315,datasets/cat_10k/images/4bd95ddf2dbb8978ebcd9ffee39224ab.jpg,4bd95ddf2dbb8978ebcd9ffee39224ab
3316,datasets/cat_10k/images/4bea22d2cb092d5884a3748ef1ae0761.jpg,4bea22d2cb092d5884a3748ef1ae0761
3317,datasets/cat_10k/images/4bebf776c68232668aa03da575bd7265.jpg,4bebf776c68232668aa03da575bd7265
3318,datasets/cat_10k/images/4bee75f508f1e76d7f7b69397b81af3e.jpg,4bee75f508f1e76d7f7b69397b81af3e
3319,datasets/cat_10k/images/4bf006bafdeb46dba1bafc1ad56ebdfe.jpg,4bf006bafdeb46dba1bafc1ad56ebdfe
3320,datasets/cat_10k/images/4bf21a7c658169426427292886dea4c6.jpg,4bf21a7c658169426427292886dea4c6
3321,datasets/cat_10k/images/4c056337fc1330047fe20a4e7ca134ec.jpg,4c056337fc1330047fe20a4e7ca134ec
3322,datasets/cat_10k/images/4c1572c61c70d6d94a0cff8ec5af23a4.jpg,4c1572c61c70d6d94a0cff8ec5af23a4
3323,datasets/cat_10k/images/4c1e9f6ef37f1311056952fc40d6c87c.jpg,4c1e9f6ef37f1311056952fc40d6c87c
3324,datasets/cat_10k/images/4c31300c0034a4b3a40b1adf1515c9e6.jpg,4c31300c0034a4b3a40b1adf1515c9e6
3325,datasets/cat_10k/images/4c331f89a3aaad238ed43ae1ae94ed12.jpg,4c331f89a3aaad238ed43ae1ae94ed12
3326,datasets/cat_10k/images/4c3cc3e23c4ec8a2d5b9040657d538c0.jpg,4c3cc3e23c4ec8a2d5b9040657d538c0
3327,datasets/cat_10k/images/4c40f623f2b9f932441416781aedeed4.jpg,4c40f623f2b9f932441416781aedeed4
3328,datasets/cat_10k/images/4c435f73196e55e5e16616eab87eb397.jpg,4c435f73196e55e5e16616eab87eb397
3329,datasets/cat_10k/images/4c4a7c0eb8d33d617c61dbc48b38cc47.jpg,4c4a7c0eb8d33d617c61dbc48b38cc47
3330,datasets/cat_10k/images/4c5c5c31852cd539bdf7dac6d96f8167.jpg,4c5c5c31852cd539bdf7dac6d96f8167
3331,datasets/cat_10k/images/4c5d9ac0200e23d294a010c6d8583ce3.jpg,4c5d9ac0200e23d294a010c6d8583ce3
3332,datasets/cat_10k/images/4c775d351a32985a8b4d0ae55abc2f43.jpg,4c775d351a32985a8b4d0ae55abc2f43
3333,datasets/cat_10k/images/4c7ac015f0f9083e3a340f6bb772e7f5.jpg,4c7ac015f0f9083e3a340f6bb772e7f5
3334,datasets/cat_10k/images/4c7b13cd8b324dadc6a7d091973b8e19.jpg,4c7b13cd8b324dadc6a7d091973b8e19
3335,datasets/cat_10k/images/4c87fa4daef8ea469d70b844358559c8.jpg,4c87fa4daef8ea469d70b844358559c8
3336,datasets/cat_10k/images/4ca010aab7f3ab6d2ab7bc3a72877546.jpg,4ca010aab7f3ab6d2ab7bc3a72877546
3337,datasets/cat_10k/images/4ca058d2f88138789ef6adbe1fd5cb6d.jpg,4ca058d2f88138789ef6adbe1fd5cb6d
3338,datasets/cat_10k/images/4ca6290a5b22de53974e1670de73a210.jpg,4ca6290a5b22de53974e1670de73a210
3339,datasets/cat_10k/images/4cb02ab7b841cc81e57d3863380f3d91.jpg,4cb02ab7b841cc81e57d3863380f3d91
3340,datasets/cat_10k/images/4cb0987222d4b4848369394354d0a3d7.jpg,4cb0987222d4b4848369394354d0a3d7
3341,datasets/cat_10k/images/4cb9f3e4dd4ad774940e909e3fcbbe8f.jpg,4cb9f3e4dd4ad774940e909e3fcbbe8f
3342,datasets/cat_10k/images/4cbd779e9403adba7060cf2d241adecc.jpg,4cbd779e9403adba7060cf2d241adecc
3343,datasets/cat_10k/images/4cc301116ca925d3ad0066bea8a27096.jpg,4cc301116ca925d3ad0066bea8a27096
3344,datasets/cat_10k/images/4cc56e3db578007869d8a079da681b23.jpg,4cc56e3db578007869d8a079da681b23
3345,datasets/cat_10k/images/4ce96610779d7874fa5874fe35dbb7b2.jpg,4ce96610779d7874fa5874fe35dbb7b2
3346,datasets/cat_10k/images/4cf4e1de4d6f4ba5f78a60abc36197b8.jpg,4cf4e1de4d6f4ba5f78a60abc36197b8
3347,datasets/cat_10k/images/4cf63491a9503e7fe2daff4380cacdfe.jpg,4cf63491a9503e7fe2daff4380cacdfe
3348,datasets/cat_10k/images/4cffd3327d37608d325f1f141cf75277.jpg,4cffd3327d37608d325f1f141cf75277
3349,datasets/cat_10k/images/4d02cec1e0473ad2fec7df603417af89.jpg,4d02cec1e0473ad2fec7df603417af89
3350,datasets/cat_10k/images/4d1b7bfa55a49a7e1e4a1e8e5eaa4daf.jpg,4d1b7bfa55a49a7e1e4a1e8e5eaa4daf
3351,datasets/cat_10k/images/4d26ed7f3fc37b4d128a4a28c911eec7.jpg,4d26ed7f3fc37b4d128a4a28c911eec7
3352,datasets/cat_10k/images/4d357d9dbb2f91a44e1145455417591a.jpg,4d357d9dbb2f91a44e1145455417591a
3353,datasets/cat_10k/images/4d38dee1dd757d91beb2f91e4df065c1.jpg,4d38dee1dd757d91beb2f91e4df065c1
3354,datasets/cat_10k/images/4d4355d6201f62398044a169ac0b2c0a.jpg,4d4355d6201f62398044a169ac0b2c0a
3355,datasets/cat_10k/images/4d49eee7a066e53f86369b3d5c257f2b.jpg,4d49eee7a066e53f86369b3d5c257f2b
3356,datasets/cat_10k/images/4d55b07c65a911747ea07b6f67088198.jpg,4d55b07c65a911747ea07b6f67088198
3357,datasets/cat_10k/images/4d5cb8cb2e01b2a1d7875e9ec9bfd686.jpg,4d5cb8cb2e01b2a1d7875e9ec9bfd686
3358,datasets/cat_10k/images/4d5edb29a8eceb77c4ef0b888fb21558.jpg,4d5edb29a8eceb77c4ef0b888fb21558
3359,datasets/cat_10k/images/4d6356f3002fc5e17f18dcf850abd7d2.jpg,4d6356f3002fc5e17f18dcf850abd7d2
3360,datasets/cat_10k/images/4d6a06db3d246e3138ac3c0288d4af75.jpg,4d6a06db3d246e3138ac3c0288d4af75
3361,datasets/cat_10k/images/4d71d96776734d8fa816850bf631bffc.jpg,4d71d96776734d8fa816850bf631bffc
3362,datasets/cat_10k/images/4d767dfdbc29884ec9d0e7145124d2bb.jpg,4d767dfdbc29884ec9d0e7145124d2bb
3363,datasets/cat_10k/images/4d932e9ffb3377f2e10b36f268db50f7.jpg,4d932e9ffb3377f2e10b36f268db50f7
3364,datasets/cat_10k/images/4d935b8972465ac8771581690103dcc8.jpg,4d935b8972465ac8771581690103dcc8
3365,datasets/cat_10k/images/4d94d9adbf869199ee71c7c0c20e8fa0.jpg,4d94d9adbf869199ee71c7c0c20e8fa0
3366,datasets/cat_10k/images/4d976cbfbb4a183078eed9f0d646113c.jpg,4d976cbfbb4a183078eed9f0d646113c
3367,datasets/cat_10k/images/4d98e711e55e6a00d7895e9131a55415.jpg,4d98e711e55e6a00d7895e9131a55415
3368,datasets/cat_10k/images/4d9bbce6e72f048adedd0341a592f6e2.jpg,4d9bbce6e72f048adedd0341a592f6e2
3369,datasets/cat_10k/images/4d9d806ad84edc83bcd2ab9242812479.jpg,4d9d806ad84edc83bcd2ab9242812479
3370,datasets/cat_10k/images/4da3262805c2a4fd8165e03019d4ad41.jpg,4da3262805c2a4fd8165e03019d4ad41
3371,datasets/cat_10k/images/4db1d466accccde49ac7e96acb472ab4.jpg,4db1d466accccde49ac7e96acb472ab4
3372,datasets/cat_10k/images/4db51ecbcffa3eaa02e66f20bf9a4c1e.jpg,4db51ecbcffa3eaa02e66f20bf9a4c1e
3373,datasets/cat_10k/images/4db8b5c49d9ee742bc3a104a05279206.jpg,4db8b5c49d9ee742bc3a104a05279206
3374,datasets/cat_10k/images/4db98622b1a3e6ccb31e84e0f60509b8.jpg,4db98622b1a3e6ccb31e84e0f60509b8
3375,datasets/cat_10k/images/4dc66e32600c451bd881c8ea9582a1e7.jpg,4dc66e32600c451bd881c8ea9582a1e7
3376,datasets/cat_10k/images/4dca93fc3ea48b7ad405d7e06c264e2b.jpg,4dca93fc3ea48b7ad405d7e06c264e2b
3377,datasets/cat_10k/images/4dcd07db19418f98b56ed8426af8dc7f.jpg,4dcd07db19418f98b56ed8426af8dc7f
3378,datasets/cat_10k/images/4dd71bb22bdf91db25960a6a3418afdc.jpg,4dd71bb22bdf91db25960a6a3418afdc
3379,datasets/cat_10k/images/4df31d518889127948792591ff1ccba6.jpg,4df31d518889127948792591ff1ccba6
3380,datasets/cat_10k/images/4df881374d7e17974f2fe50b80e3b6b8.jpg,4df881374d7e17974f2fe50b80e3b6b8
3381,datasets/cat_10k/images/4dfa29c03963d334408dc0aaa8ca79f5.jpg,4dfa29c03963d334408dc0aaa8ca79f5
3382,datasets/cat_10k/images/4dfa443e20b874f5e7207253ce5f071f.jpg,4dfa443e20b874f5e7207253ce5f071f
3383,datasets/cat_10k/images/4e02d5bb838341ab881459f015a085c9.jpg,4e02d5bb838341ab881459f015a085c9
3384,datasets/cat_10k/images/4e03a9f947146d980215032ce22a9f26.jpg,4e03a9f947146d980215032ce22a9f26
3385,datasets/cat_10k/images/4e079ac97421524fe31ad68227f2ccd0.jpg,4e079ac97421524fe31ad68227f2ccd0
3386,datasets/cat_10k/images/4e08713009f839081f932b0b6aabc687.jpg,4e08713009f839081f932b0b6aabc687
3387,datasets/cat_10k/images/4e16177667f0ba40d3ae0986ff082fcf.jpg,4e16177667f0ba40d3ae0986ff082fcf
3388,datasets/cat_10k/images/4e196b4df6b2f243fbd8255273be317e.jpg,4e196b4df6b2f243fbd8255273be317e
3389,datasets/cat_10k/images/4e219144d845c8c498a877293999086c.jpg,4e219144d845c8c498a877293999086c
3390,datasets/cat_10k/images/4e29e96514a0ccfc28adc9652027231a.jpg,4e29e96514a0ccfc28adc9652027231a
3391,datasets/cat_10k/images/4e2af5cff1384199439f81277812e461.jpg,4e2af5cff1384199439f81277812e461
3392,datasets/cat_10k/images/4e2cba74919a7978f90d80117ec8ba18.jpg,4e2cba74919a7978f90d80117ec8ba18
3393,datasets/cat_10k/images/4e2d3ec03206d24406a0f23003de53bf.jpg,4e2d3ec03206d24406a0f23003de53bf
3394,datasets/cat_10k/images/4e31333f3ff5bd0f3b63c95642484a81.jpg,4e31333f3ff5bd0f3b63c95642484a81
3395,datasets/cat_10k/images/4e578720d6c45e2243582e0cf0d6c219.jpg,4e578720d6c45e2243582e0cf0d6c219
3396,datasets/cat_10k/images/4e588b691f705e5b4c7b311587a6fa5e.jpg,4e588b691f705e5b4c7b311587a6fa5e
3397,datasets/cat_10k/images/4e5c1b4dc2bf3d93222435495ad5d9e7.jpg,4e5c1b4dc2bf3d93222435495ad5d9e7
3398,datasets/cat_10k/images/4e62285313f894e5d168e24229cc5dbf.jpg,4e62285313f894e5d168e24229cc5dbf
3399,datasets/cat_10k/images/4e65898c3253ba77759d8f096c2d4a90.jpg,4e65898c3253ba77759d8f096c2d4a90
3400,datasets/cat_10k/images/4e69251c36edee1b2f98936a9db6d2d9.jpg,4e69251c36edee1b2f98936a9db6d2d9
3401,datasets/cat_10k/images/4e6f16f12d94075abbf5413b76d5440e.jpg,4e6f16f12d94075abbf5413b76d5440e
3402,datasets/cat_10k/images/4e758e33bc200f52dadaba3c7a87049c.jpg,4e758e33bc200f52dadaba3c7a87049c
3403,datasets/cat_10k/images/4e879a1d233d1fa9dae08333c31fb5a6.jpg,4e879a1d233d1fa9dae08333c31fb5a6
3404,datasets/cat_10k/images/4e97d96a6879022ada5abc8a17389d5f.jpg,4e97d96a6879022ada5abc8a17389d5f
3405,datasets/cat_10k/images/4ea44088dec2103dbdbe0fe653f34afd.jpg,4ea44088dec2103dbdbe0fe653f34afd
3406,datasets/cat_10k/images/4ea734adf6abc3e3d7514f4bfcc78c1a.jpg,4ea734adf6abc3e3d7514f4bfcc78c1a
3407,datasets/cat_10k/images/4eafd2a988e4768833dd798f94e104c8.jpg,4eafd2a988e4768833dd798f94e104c8
3408,datasets/cat_10k/images/4eb5c952a3dbcb0c984a43e2bc31fb39.jpg,4eb5c952a3dbcb0c984a43e2bc31fb39
3409,datasets/cat_10k/images/4eb9045bc8f984056c23a2be98f07e86.jpg,4eb9045bc8f984056c23a2be98f07e86
3410,datasets/cat_10k/images/4ebf7e7453b80b9525f16e30d9c42911.jpg,4ebf7e7453b80b9525f16e30d9c42911
3411,datasets/cat_10k/images/4ec09b67f2597f7db46cdc6f7f411d02.jpg,4ec09b67f2597f7db46cdc6f7f411d02
3412,datasets/cat_10k/images/4ec0b484e865da182fcab63ddc874c88.jpg,4ec0b484e865da182fcab63ddc874c88
3413,datasets/cat_10k/images/4ec8153525b962c47c639e07f347ccdb.jpg,4ec8153525b962c47c639e07f347ccdb
3414,datasets/cat_10k/images/4ec82a6d8136d48ca9ca5e63eace029c.jpg,4ec82a6d8136d48ca9ca5e63eace029c
3415,datasets/cat_10k/images/4ec86280906b306e6c6c31d76f1a6db9.jpg,4ec86280906b306e6c6c31d76f1a6db9
3416,datasets/cat_10k/images/4ecd545827c7d8e84a9545c704e6d64d.jpg,4ecd545827c7d8e84a9545c704e6d64d
3417,datasets/cat_10k/images/4ecf29f76e24543f49b72cadf5391e06.jpg,4ecf29f76e24543f49b72cadf5391e06
3418,datasets/cat_10k/images/4ed58a395950d2f3efde36bd87708aa9.jpg,4ed58a395950d2f3efde36bd87708aa9
3419,datasets/cat_10k/images/4eea08101cb962f900ab6dd6abca0a51.jpg,4eea08101cb962f900ab6dd6abca0a51
3420,datasets/cat_10k/images/4eeb4d1cf04c930facce0397d7b570c5.jpg,4eeb4d1cf04c930facce0397d7b570c5
3421,datasets/cat_10k/images/4ef4362591740eb2d7c04b3847ee00ba.jpg,4ef4362591740eb2d7c04b3847ee00ba
3422,datasets/cat_10k/images/4ef88357f1b442da08b9f501564ebc0b.jpg,4ef88357f1b442da08b9f501564ebc0b
3423,datasets/cat_10k/images/4efb15acdd386c1e052de85eeb06c398.jpg,4efb15acdd386c1e052de85eeb06c398
3424,datasets/cat_10k/images/4efdc81f971e73e6fa88b12a8aedb9f8.jpg,4efdc81f971e73e6fa88b12a8aedb9f8
3425,datasets/cat_10k/images/4f06b57963cc60ed3b27b1b29f0e158a.jpg,4f06b57963cc60ed3b27b1b29f0e158a
3426,datasets/cat_10k/images/4f0ec70b17ccc6fe5ca1278e81b0101d.jpg,4f0ec70b17ccc6fe5ca1278e81b0101d
3427,datasets/cat_10k/images/4f0f7e831d9e6db1c3e5e8c1743353e3.jpg,4f0f7e831d9e6db1c3e5e8c1743353e3
3428,datasets/cat_10k/images/4f1e9a77856854fc3f976456ed8507ec.jpg,4f1e9a77856854fc3f976456ed8507ec
3429,datasets/cat_10k/images/4f20a3e05dd607839ee565186151d1ba.jpg,4f20a3e05dd607839ee565186151d1ba
3430,datasets/cat_10k/images/4f364924d4d8c39e5878ec09367e9966.jpg,4f364924d4d8c39e5878ec09367e9966
3431,datasets/cat_10k/images/4f36d7008e0c883ccf38ea089d619529.jpg,4f36d7008e0c883ccf38ea089d619529
3432,datasets/cat_10k/images/4f37afb666b2d173d5ed98d8f418943b.jpg,4f37afb666b2d173d5ed98d8f418943b
3433,datasets/cat_10k/images/4f3cf2a999970337ba86528c1caf6c5b.jpg,4f3cf2a999970337ba86528c1caf6c5b
3434,datasets/cat_10k/images/4f49ecc942b1c06368b04a836bf76932.jpg,4f49ecc942b1c06368b04a836bf76932
3435,datasets/cat_10k/images/4f5b3bccdebc59f541b97740701e8b60.jpg,4f5b3bccdebc59f541b97740701e8b60
3436,datasets/cat_10k/images/4f5b73090a97211bfd1941be7e477702.jpg,4f5b73090a97211bfd1941be7e477702
3437,datasets/cat_10k/images/4f5f01a67d2d8e33dbc753532f9be173.jpg,4f5f01a67d2d8e33dbc753532f9be173
3438,datasets/cat_10k/images/4f6029ccc44521e3486dd6e2f378498d.jpg,4f6029ccc44521e3486dd6e2f378498d
3439,datasets/cat_10k/images/4f770029e0e60e00c1e1e7485a8a597b.jpg,4f770029e0e60e00c1e1e7485a8a597b
3440,datasets/cat_10k/images/4f7caf937dd1a13524ac3432bf027588.jpg,4f7caf937dd1a13524ac3432bf027588
3441,datasets/cat_10k/images/4f87e8b2633b0f7aa4ff63b274629280.jpg,4f87e8b2633b0f7aa4ff63b274629280
3442,datasets/cat_10k/images/4f8c6180899695ba003b34f9154f736c.jpg,4f8c6180899695ba003b34f9154f736c
3443,datasets/cat_10k/images/4f8e8152a3baa73fa408a50a4d33b031.jpg,4f8e8152a3baa73fa408a50a4d33b031
3444,datasets/cat_10k/images/4f912d944e98c7ff0d92f0dee0928c1d.jpg,4f912d944e98c7ff0d92f0dee0928c1d
3445,datasets/cat_10k/images/4f9f13aa6450a7345d39e80f7e9d3480.jpg,4f9f13aa6450a7345d39e80f7e9d3480
3446,datasets/cat_10k/images/4fa3432b5883d7e4d593526ec116dacb.jpg,4fa3432b5883d7e4d593526ec116dacb
3447,datasets/cat_10k/images/4fa531ac5e8c1ac8966487b56cfb0f22.jpg,4fa531ac5e8c1ac8966487b56cfb0f22
3448,datasets/cat_10k/images/4fad8b3b07a660fe2ac05d2c5afef4cf.jpg,4fad8b3b07a660fe2ac05d2c5afef4cf
3449,datasets/cat_10k/images/4faff29809cd405256e8d3667b327f05.jpg,4faff29809cd405256e8d3667b327f05
3450,datasets/cat_10k/images/4fb590c54ed6dbcb430b1c444a8eb1e4.jpg,4fb590c54ed6dbcb430b1c444a8eb1e4
3451,datasets/cat_10k/images/4fc115cdcf8fc3f0b3a7a67a6cc78d0b.jpg,4fc115cdcf8fc3f0b3a7a67a6cc78d0b
3452,datasets/cat_10k/images/4fc9bb43261a9089e79aaa7c88649c88.jpg,4fc9bb43261a9089e79aaa7c88649c88
3453,datasets/cat_10k/images/4fcc5991fb0b6da728fbb52bd4147680.jpg,4fcc5991fb0b6da728fbb52bd4147680
3454,datasets/cat_10k/images/4fce5f74a706d90125b2dba8e7f339a1.jpg,4fce5f74a706d90125b2dba8e7f339a1
3455,datasets/cat_10k/images/4fd30593a610d8ef15fbdf8f641c2d5e.jpg,4fd30593a610d8ef15fbdf8f641c2d5e
3456,datasets/cat_10k/images/4fd417f0459bef67ecf6a03ae44f8512.jpg,4fd417f0459bef67ecf6a03ae44f8512
3457,datasets/cat_10k/images/4fe514cfc049120745fb5874ed8fed7d.jpg,4fe514cfc049120745fb5874ed8fed7d
3458,datasets/cat_10k/images/4fecc7dc4f23ad2466ea45a9901661cb.jpg,4fecc7dc4f23ad2466ea45a9901661cb
3459,datasets/cat_10k/images/4fecd91f037663958c0cc22a67986c8f.jpg,4fecd91f037663958c0cc22a67986c8f
3460,datasets/cat_10k/images/4ff41c607343d1ae1d3fa6830c9cee5c.jpg,4ff41c607343d1ae1d3fa6830c9cee5c
3461,datasets/cat_10k/images/4ffce9a877924f7ec21c453a898e7aaa.jpg,4ffce9a877924f7ec21c453a898e7aaa
3462,datasets/cat_10k/images/5000715fbf060bd14cce7410e3a18ab6.jpg,5000715fbf060bd14cce7410e3a18ab6
3463,datasets/cat_10k/images/500111343201ee433cef304fc9be3b63.jpg,500111343201ee433cef304fc9be3b63
3464,datasets/cat_10k/images/50132720f2b825ef8f921d6b996d364a.jpg,50132720f2b825ef8f921d6b996d364a
3465,datasets/cat_10k/images/50150bd9c712b7d520ed2fc0d25fa8e5.jpg,50150bd9c712b7d520ed2fc0d25fa8e5
3466,datasets/cat_10k/images/50170062149498e276684db9ab869ba9.jpg,50170062149498e276684db9ab869ba9
3467,datasets/cat_10k/images/5017c6425eb3513b9aa139c330b11fbd.jpg,5017c6425eb3513b9aa139c330b11fbd
3468,datasets/cat_10k/images/5019304715dae2bd21d95337081eb539.jpg,5019304715dae2bd21d95337081eb539
3469,datasets/cat_10k/images/501def44e5a66a93375f87f9afd2af6e.jpg,501def44e5a66a93375f87f9afd2af6e
3470,datasets/cat_10k/images/502cb4e9f8d4a2bf133babeb6eb476d2.jpg,502cb4e9f8d4a2bf133babeb6eb476d2
3471,datasets/cat_10k/images/5034105172fd714d319fc3d8ff06e759.jpg,5034105172fd714d319fc3d8ff06e759
3472,datasets/cat_10k/images/503b9507c6b322b689b6ebd80a0d6060.jpg,503b9507c6b322b689b6ebd80a0d6060
3473,datasets/cat_10k/images/5043f10608038610cde022cd68b13610.jpg,5043f10608038610cde022cd68b13610
3474,datasets/cat_10k/images/5046869d2797010d8ae1e36b79dff10c.jpg,5046869d2797010d8ae1e36b79dff10c
3475,datasets/cat_10k/images/505c83ae6402d46efadeba0f456ea0e9.jpg,505c83ae6402d46efadeba0f456ea0e9
3476,datasets/cat_10k/images/506160e024a6e09c4f2cf8cae157c531.jpg,506160e024a6e09c4f2cf8cae157c531
3477,datasets/cat_10k/images/5064d4485bc3e05a6e2d38dc4a75d368.jpg,5064d4485bc3e05a6e2d38dc4a75d368
3478,datasets/cat_10k/images/5065aa255a6a0a30bfd3c9fd28be487a.jpg,5065aa255a6a0a30bfd3c9fd28be487a
3479,datasets/cat_10k/images/507168fbf366147efa349f4a14c8840d.jpg,507168fbf366147efa349f4a14c8840d
3480,datasets/cat_10k/images/5074b000222f18c1a287039a76e7a154.jpg,5074b000222f18c1a287039a76e7a154
3481,datasets/cat_10k/images/5078174855968d1469b65822654d5a6e.jpg,5078174855968d1469b65822654d5a6e
3482,datasets/cat_10k/images/508457d26dceda3953a150d43cd43a25.jpg,508457d26dceda3953a150d43cd43a25
3483,datasets/cat_10k/images/508ea48665ccff6f93e3513046ec341a.jpg,508ea48665ccff6f93e3513046ec341a
3484,datasets/cat_10k/images/509be2ea2d9a0919f7cd30352a80681d.jpg,509be2ea2d9a0919f7cd30352a80681d
3485,datasets/cat_10k/images/50a7df374a188b9f23801742c2aef907.jpg,50a7df374a188b9f23801742c2aef907
3486,datasets/cat_10k/images/50aa5fed2fd002d9a19fe895236e6a2b.jpg,50aa5fed2fd002d9a19fe895236e6a2b
3487,datasets/cat_10k/images/50aed8c7931a446bcfe2f616076fea3f.jpg,50aed8c7931a446bcfe2f616076fea3f
3488,datasets/cat_10k/images/50b26874a9a5779394772878b928cfdd.jpg,50b26874a9a5779394772878b928cfdd
3489,datasets/cat_10k/images/50b4c677a80eba1a6531787867f0707e.jpg,50b4c677a80eba1a6531787867f0707e
3490,datasets/cat_10k/images/50b8e77319bf536ef05d3500e54b01e2.jpg,50b8e77319bf536ef05d3500e54b01e2
3491,datasets/cat_10k/images/50ba201c9bff652ee4af6c04de54b08f.jpg,50ba201c9bff652ee4af6c04de54b08f
3492,datasets/cat_10k/images/50ba4e95ccca9b363e8a1ae15a6496b1.jpg,50ba4e95ccca9b363e8a1ae15a6496b1
3493,datasets/cat_10k/images/50e3166fa52b62c433a19bace441adc4.jpg,50e3166fa52b62c433a19bace441adc4
3494,datasets/cat_10k/images/50ea5eb7cd90748626c477d209b20785.jpg,50ea5eb7cd90748626c477d209b20785
3495,datasets/cat_10k/images/50f28a39d4d2d3db60e33f32f9cb2cd4.jpg,50f28a39d4d2d3db60e33f32f9cb2cd4
3496,datasets/cat_10k/images/50f5b791469d1592552d7d67311d325c.jpg,50f5b791469d1592552d7d67311d325c
3497,datasets/cat_10k/images/50fa28832eaf67f5d38f07cc26a0caca.jpg,50fa28832eaf67f5d38f07cc26a0caca
3498,datasets/cat_10k/images/50fb4e26873403a9a7d55c2ceccb512a.jpg,50fb4e26873403a9a7d55c2ceccb512a
3499,datasets/cat_10k/images/510bf5b35814f31f2dfbba1b424faa44.jpg,510bf5b35814f31f2dfbba1b424faa44
3500,datasets/cat_10k/images/510c75e9db3c8fca45e45eb4ba202097.jpg,510c75e9db3c8fca45e45eb4ba202097
3501,datasets/cat_10k/images/510c78071e09ad2301747d01d5e8f0f4.jpg,510c78071e09ad2301747d01d5e8f0f4
3502,datasets/cat_10k/images/5119bb0a968d8a6c6ea128ba49b0e61e.jpg,5119bb0a968d8a6c6ea128ba49b0e61e
3503,datasets/cat_10k/images/511d775a3beee5c47d5beb7c380d6f40.jpg,511d775a3beee5c47d5beb7c380d6f40
3504,datasets/cat_10k/images/511ecd2f8f5008e46064669553e88867.jpg,511ecd2f8f5008e46064669553e88867
3505,datasets/cat_10k/images/51230305bbf24d24c635bcd3ba7a6b79.jpg,51230305bbf24d24c635bcd3ba7a6b79
3506,datasets/cat_10k/images/51280768be44c6b1f2631b2b28f4a823.jpg,51280768be44c6b1f2631b2b28f4a823
3507,datasets/cat_10k/images/512c619604e11c7796c351ddb3b1e6eb.jpg,512c619604e11c7796c351ddb3b1e6eb
3508,datasets/cat_10k/images/5132640230133ef23b442f7b528a42b5.jpg,5132640230133ef23b442f7b528a42b5
3509,datasets/cat_10k/images/5133213e237eca3d0c518a19ff2e8c96.jpg,5133213e237eca3d0c518a19ff2e8c96
3510,datasets/cat_10k/images/513f09faa03caf3e863c3c0bd305ff53.jpg,513f09faa03caf3e863c3c0bd305ff53
3511,datasets/cat_10k/images/514258a6eb73e1451f81b70914b78663.jpg,514258a6eb73e1451f81b70914b78663
3512,datasets/cat_10k/images/5142fb716c25b78da71cc8fb68b18ccf.jpg,5142fb716c25b78da71cc8fb68b18ccf
3513,datasets/cat_10k/images/51448f1a02a30b96935c7eaccad8604a.jpg,51448f1a02a30b96935c7eaccad8604a
3514,datasets/cat_10k/images/5145e9baa270b46c7261e3badc739d1d.jpg,5145e9baa270b46c7261e3badc739d1d
3515,datasets/cat_10k/images/51461e2f9d769c9621c7db8290b60d19.jpg,51461e2f9d769c9621c7db8290b60d19
3516,datasets/cat_10k/images/514828e7dad8436a4619fa4d21c62787.jpg,514828e7dad8436a4619fa4d21c62787
3517,datasets/cat_10k/images/514d57f58def2c4f908e7fccd98b69a0.jpg,514d57f58def2c4f908e7fccd98b69a0
3518,datasets/cat_10k/images/514d6f3abd7c0295d01065cf05af5535.jpg,514d6f3abd7c0295d01065cf05af5535
3519,datasets/cat_10k/images/5152bfb4bbc69ea6e589ab7070cac695.jpg,5152bfb4bbc69ea6e589ab7070cac695
3520,datasets/cat_10k/images/5152d4f8d4e993dc7e24893961224392.jpg,5152d4f8d4e993dc7e24893961224392
3521,datasets/cat_10k/images/516bb3201b4ce3aef9272b29793fd905.jpg,516bb3201b4ce3aef9272b29793fd905
3522,datasets/cat_10k/images/5172810f9655ddbffa73f7083dbe0851.jpg,5172810f9655ddbffa73f7083dbe0851
3523,datasets/cat_10k/images/517b6caea0e0266dd9ae2126223c50b4.jpg,517b6caea0e0266dd9ae2126223c50b4
3524,datasets/cat_10k/images/517c2195e92be186022fc440de8df5a3.jpg,517c2195e92be186022fc440de8df5a3
3525,datasets/cat_10k/images/51802c537282a303fc9f4732c80ac0de.jpg,51802c537282a303fc9f4732c80ac0de
3526,datasets/cat_10k/images/518474ca3f19bb764b27dffc54c6882b.jpg,518474ca3f19bb764b27dffc54c6882b
3527,datasets/cat_10k/images/5184c92ffd5cc38411131830564a02c5.jpg,5184c92ffd5cc38411131830564a02c5
3528,datasets/cat_10k/images/518eae2a71c8dadb8d366a1d4ccbdca3.jpg,518eae2a71c8dadb8d366a1d4ccbdca3
3529,datasets/cat_10k/images/519324832ed9271152ddd2e2fe60bfd1.jpg,519324832ed9271152ddd2e2fe60bfd1
3530,datasets/cat_10k/images/519afe5fb15bf679d7cdd179d008002f.jpg,519afe5fb15bf679d7cdd179d008002f
3531,datasets/cat_10k/images/51a0bb9b6b341cd23fa31654bd4c7885.jpg,51a0bb9b6b341cd23fa31654bd4c7885
3532,datasets/cat_10k/images/51a6d06a798baa94f678797be4f77550.jpg,51a6d06a798baa94f678797be4f77550
3533,datasets/cat_10k/images/51ab2be9f30148cff118d399a4cf16e1.jpg,51ab2be9f30148cff118d399a4cf16e1
3534,datasets/cat_10k/images/51b6a4e7d7a1d2f824fd8cf1efd331ce.jpg,51b6a4e7d7a1d2f824fd8cf1efd331ce
3535,datasets/cat_10k/images/51bccdd2875683b3475e1600c97753ca.jpg,51bccdd2875683b3475e1600c97753ca
3536,datasets/cat_10k/images/51c78aef31264e94cc1d9f62e598e966.jpg,51c78aef31264e94cc1d9f62e598e966
3537,datasets/cat_10k/images/51c8da535f773c2d5620d2ac55a7ee6a.jpg,51c8da535f773c2d5620d2ac55a7ee6a
3538,datasets/cat_10k/images/51cce79fca67c13aaf4b0df77b960c09.jpg,51cce79fca67c13aaf4b0df77b960c09
3539,datasets/cat_10k/images/51da1d9101e7cdedcc1ecf45f13eb8a5.jpg,51da1d9101e7cdedcc1ecf45f13eb8a5
3540,datasets/cat_10k/images/51db40912a9079ce5ab31bc29a90b939.jpg,51db40912a9079ce5ab31bc29a90b939
3541,datasets/cat_10k/images/51de76a902d10d837f6e84775dd27d66.jpg,51de76a902d10d837f6e84775dd27d66
3542,datasets/cat_10k/images/51e1e6241c96ef4a4ff60fea02d04b3c.jpg,51e1e6241c96ef4a4ff60fea02d04b3c
3543,datasets/cat_10k/images/51f9d4d27fd9b85b917732116a401bd4.jpg,51f9d4d27fd9b85b917732116a401bd4
3544,datasets/cat_10k/images/51fd4f13c4b5071605263c5f87816066.jpg,51fd4f13c4b5071605263c5f87816066
3545,datasets/cat_10k/images/51fe5ca3a63e97e8ac4847b7cd91845e.jpg,51fe5ca3a63e97e8ac4847b7cd91845e
3546,datasets/cat_10k/images/5219037199d482566611d8de8114e034.jpg,5219037199d482566611d8de8114e034
3547,datasets/cat_10k/images/521b481cc16fa09b5e044a03f8b7b862.jpg,521b481cc16fa09b5e044a03f8b7b862
3548,datasets/cat_10k/images/521d28722be831474dd743fafc86b7aa.jpg,521d28722be831474dd743fafc86b7aa
3549,datasets/cat_10k/images/521e2fb7643572f9f0bcf4f3e9bfc4ff.jpg,521e2fb7643572f9f0bcf4f3e9bfc4ff
3550,datasets/cat_10k/images/52203ab285b63d51725c7531d52f7280.jpg,52203ab285b63d51725c7531d52f7280
3551,datasets/cat_10k/images/523ced40fb382792e2c57755e739da33.jpg,523ced40fb382792e2c57755e739da33
3552,datasets/cat_10k/images/5240a38a5ccc269147613e165da99ffe.jpg,5240a38a5ccc269147613e165da99ffe
3553,datasets/cat_10k/images/52441d0063f70bb4de2804b3857b436d.jpg,52441d0063f70bb4de2804b3857b436d
3554,datasets/cat_10k/images/5247480aa12297ce6faf91702ea65974.jpg,5247480aa12297ce6faf91702ea65974
3555,datasets/cat_10k/images/5259ff77ace2142cc2a4a5da4f201671.jpg,5259ff77ace2142cc2a4a5da4f201671
3556,datasets/cat_10k/images/526367a7968f9d9e30a43ea4927a5b6d.jpg,526367a7968f9d9e30a43ea4927a5b6d
3557,datasets/cat_10k/images/52636f4324c6edb975467095436aba1b.jpg,52636f4324c6edb975467095436aba1b
3558,datasets/cat_10k/images/52660116cd2624b2c247b2f093718237.jpg,52660116cd2624b2c247b2f093718237
3559,datasets/cat_10k/images/526856b1ebef6ffa565717d7e3219126.jpg,526856b1ebef6ffa565717d7e3219126
3560,datasets/cat_10k/images/526b890ad5eca2e9667573249e024d60.jpg,526b890ad5eca2e9667573249e024d60
3561,datasets/cat_10k/images/5270ecf0b2b17e68b65b52451253fad1.jpg,5270ecf0b2b17e68b65b52451253fad1
3562,datasets/cat_10k/images/527ba3a584d5ddae46f734b628d8f754.jpg,527ba3a584d5ddae46f734b628d8f754
3563,datasets/cat_10k/images/52867468b077ed640ee119af5aabc450.jpg,52867468b077ed640ee119af5aabc450
3564,datasets/cat_10k/images/5286931b69b29dd1c081798c8459b74f.jpg,5286931b69b29dd1c081798c8459b74f
3565,datasets/cat_10k/images/528bc93c0baeb40c3d32e8a6f14ffc4a.jpg,528bc93c0baeb40c3d32e8a6f14ffc4a
3566,datasets/cat_10k/images/528c88b5f24bda7ebcf037e4411794ac.jpg,528c88b5f24bda7ebcf037e4411794ac
3567,datasets/cat_10k/images/5292ef37c031c117bd9bdaf8d144be6f.jpg,5292ef37c031c117bd9bdaf8d144be6f
3568,datasets/cat_10k/images/52985d617daf53616773ac56a082b520.jpg,52985d617daf53616773ac56a082b520
3569,datasets/cat_10k/images/52a19ce4be0934ab8c2392dd785078cf.jpg,52a19ce4be0934ab8c2392dd785078cf
3570,datasets/cat_10k/images/52a1ccee877d39d7e83e5130538a34a8.jpg,52a1ccee877d39d7e83e5130538a34a8
3571,datasets/cat_10k/images/52a92a7e6d54132193d5a1c55a9fe03d.jpg,52a92a7e6d54132193d5a1c55a9fe03d
3572,datasets/cat_10k/images/52aa2b37d1fc3234f6b5c7c091a387ff.jpg,52aa2b37d1fc3234f6b5c7c091a387ff
3573,datasets/cat_10k/images/52b4a6854bff04ef48739f62c3aab967.jpg,52b4a6854bff04ef48739f62c3aab967
3574,datasets/cat_10k/images/52b4f1159e1a3c732fd032fcb7a8209f.jpg,52b4f1159e1a3c732fd032fcb7a8209f
3575,datasets/cat_10k/images/52b82653c30ab86fbbd9c96028ae4cd1.jpg,52b82653c30ab86fbbd9c96028ae4cd1
3576,datasets/cat_10k/images/52bc146aa621a77bd869182ee3441e3a.jpg,52bc146aa621a77bd869182ee3441e3a
3577,datasets/cat_10k/images/52bf827da4827877aa44c00af9ee7317.jpg,52bf827da4827877aa44c00af9ee7317
3578,datasets/cat_10k/images/52c009682df8d9396aa94c6319b3a34f.jpg,52c009682df8d9396aa94c6319b3a34f
3579,datasets/cat_10k/images/52c38412bd90b7dfc406ac1fb6667d34.jpg,52c38412bd90b7dfc406ac1fb6667d34
3580,datasets/cat_10k/images/52c7a19415a290863af77993909aa2bf.jpg,52c7a19415a290863af77993909aa2bf
3581,datasets/cat_10k/images/52cc81fc50d24e7a1cf8587100b2631c.jpg,52cc81fc50d24e7a1cf8587100b2631c
3582,datasets/cat_10k/images/52d2f4ea411d6d3f3288e2ebb4bcba93.jpg,52d2f4ea411d6d3f3288e2ebb4bcba93
3583,datasets/cat_10k/images/52d88849f2c2f2d7cfbe627cd850a790.jpg,52d88849f2c2f2d7cfbe627cd850a790
3584,datasets/cat_10k/images/52df927c50c8b36be02bb7d665b361e7.jpg,52df927c50c8b36be02bb7d665b361e7
3585,datasets/cat_10k/images/52e365a95c2e028f95104b50d31c5d35.jpg,52e365a95c2e028f95104b50d31c5d35
3586,datasets/cat_10k/images/52e5c73e3fbfc2fb45c10fb55f3c5200.jpg,52e5c73e3fbfc2fb45c10fb55f3c5200
3587,datasets/cat_10k/images/52eb659b49f5e402e4344542debe7f8d.jpg,52eb659b49f5e402e4344542debe7f8d
3588,datasets/cat_10k/images/52f0bb64d73a9e62509fe213001f4aad.jpg,52f0bb64d73a9e62509fe213001f4aad
3589,datasets/cat_10k/images/52f2cc85dbc8a175d11d90e98fb0262a.jpg,52f2cc85dbc8a175d11d90e98fb0262a
3590,datasets/cat_10k/images/52f3dbe00db0bbef4ca0d981625aeadc.jpg,52f3dbe00db0bbef4ca0d981625aeadc
3591,datasets/cat_10k/images/52f97e417ad38686a373ee19ff79a60e.jpg,52f97e417ad38686a373ee19ff79a60e
3592,datasets/cat_10k/images/52fa5886b0a575ed0bc43fcc1e7b94bc.jpg,52fa5886b0a575ed0bc43fcc1e7b94bc
3593,datasets/cat_10k/images/52fd2f3208cddb8dbbf4bf422d8f0236.jpg,52fd2f3208cddb8dbbf4bf422d8f0236
3594,datasets/cat_10k/images/530789abfd1157a7d2b995cdc4e86500.jpg,530789abfd1157a7d2b995cdc4e86500
3595,datasets/cat_10k/images/5328a09526b4ad9ed7e9d8844bf38f34.jpg,5328a09526b4ad9ed7e9d8844bf38f34
3596,datasets/cat_10k/images/532b79e4921b18b50e0d240ed787025f.jpg,532b79e4921b18b50e0d240ed787025f
3597,datasets/cat_10k/images/533d8680cb318bb192b8d4a72cea8a57.jpg,533d8680cb318bb192b8d4a72cea8a57
3598,datasets/cat_10k/images/5344e60ac92383bdcb30f39e349e8b8c.jpg,5344e60ac92383bdcb30f39e349e8b8c
3599,datasets/cat_10k/images/534a05f85375cac3c906bcdaa7de682d.jpg,534a05f85375cac3c906bcdaa7de682d
3600,datasets/cat_10k/images/534ab9cf22a10a09028975269775d26e.jpg,534ab9cf22a10a09028975269775d26e
3601,datasets/cat_10k/images/534d4263b3ec267bd5c219686df2e595.jpg,534d4263b3ec267bd5c219686df2e595
3602,datasets/cat_10k/images/534e8086cdb23fb7031a9b86bd4e610c.jpg,534e8086cdb23fb7031a9b86bd4e610c
3603,datasets/cat_10k/images/5353e912091b6572e62a6b29549049ee.jpg,5353e912091b6572e62a6b29549049ee
3604,datasets/cat_10k/images/535638e1b3fc1e0ca9d2ad929114dfa2.jpg,535638e1b3fc1e0ca9d2ad929114dfa2
3605,datasets/cat_10k/images/536038a5ae4f4058054d112a48258afb.jpg,536038a5ae4f4058054d112a48258afb
3606,datasets/cat_10k/images/5361aac1f9d2c904caf5cc5e131ed5c5.jpg,5361aac1f9d2c904caf5cc5e131ed5c5
3607,datasets/cat_10k/images/536c217b99e2bccd5cff1f4286563d81.jpg,536c217b99e2bccd5cff1f4286563d81
3608,datasets/cat_10k/images/536f014a50a8789de567425296987055.jpg,536f014a50a8789de567425296987055
3609,datasets/cat_10k/images/5379c28032efa03615166bd8059b7486.jpg,5379c28032efa03615166bd8059b7486
3610,datasets/cat_10k/images/537a75cde9aeba0795e116319c68274f.jpg,537a75cde9aeba0795e116319c68274f
3611,datasets/cat_10k/images/537e5c6c1c92584ec2c71e1668bb1fbc.jpg,537e5c6c1c92584ec2c71e1668bb1fbc
3612,datasets/cat_10k/images/5383e287738ddefafc131479a25d7358.jpg,5383e287738ddefafc131479a25d7358
3613,datasets/cat_10k/images/5383f7f7c644c968e39783bee07e436c.jpg,5383f7f7c644c968e39783bee07e436c
3614,datasets/cat_10k/images/5388dfc53032c2425cdcc5d5d0bca64c.jpg,5388dfc53032c2425cdcc5d5d0bca64c
3615,datasets/cat_10k/images/538cc64ab024dd5e84745c5769b15f72.jpg,538cc64ab024dd5e84745c5769b15f72
3616,datasets/cat_10k/images/53972ce7c2106f205b6758fba07d2fbc.jpg,53972ce7c2106f205b6758fba07d2fbc
3617,datasets/cat_10k/images/539d555ed02b715500e6caee64998573.jpg,539d555ed02b715500e6caee64998573
3618,datasets/cat_10k/images/53c7c2bbf12e1d405272a02b627954fb.jpg,53c7c2bbf12e1d405272a02b627954fb
3619,datasets/cat_10k/images/53c9db3725c3de826d9e353840fdbae3.jpg,53c9db3725c3de826d9e353840fdbae3
3620,datasets/cat_10k/images/53cc6caadcddb21e3e2a9309fbf127ef.jpg,53cc6caadcddb21e3e2a9309fbf127ef
3621,datasets/cat_10k/images/53d1ca037e9d7b37cfe012ff40c694c8.jpg,53d1ca037e9d7b37cfe012ff40c694c8
3622,datasets/cat_10k/images/53dcd20be97b3af690a2baf3fafa60d3.jpg,53dcd20be97b3af690a2baf3fafa60d3
3623,datasets/cat_10k/images/53df6322f73af4b0a1051a190c1b7480.jpg,53df6322f73af4b0a1051a190c1b7480
3624,datasets/cat_10k/images/53e6351b2be2d980ac1088ab7b1a1f54.jpg,53e6351b2be2d980ac1088ab7b1a1f54
3625,datasets/cat_10k/images/53e8d1c708161653cbe4d373b1c59962.jpg,53e8d1c708161653cbe4d373b1c59962
3626,datasets/cat_10k/images/540039effe565e03b497d6cdb5c9fbd7.jpg,540039effe565e03b497d6cdb5c9fbd7
3627,datasets/cat_10k/images/5405eb13760e6283f371cf52fd00da47.jpg,5405eb13760e6283f371cf52fd00da47
3628,datasets/cat_10k/images/540896a28808f8f207571f53ad066574.jpg,540896a28808f8f207571f53ad066574
3629,datasets/cat_10k/images/540c483a965d804305875b3ebd1f8b0f.jpg,540c483a965d804305875b3ebd1f8b0f
3630,datasets/cat_10k/images/5421631700102b95fd6e1acb5936c41e.jpg,5421631700102b95fd6e1acb5936c41e
3631,datasets/cat_10k/images/54297d70aa2082b330116f5d3df5aff5.jpg,54297d70aa2082b330116f5d3df5aff5
3632,datasets/cat_10k/images/542b9fb648ebc640545637a48ada33b8.jpg,542b9fb648ebc640545637a48ada33b8
3633,datasets/cat_10k/images/54336cfc706c1054fa3b3f211bc5fcea.jpg,54336cfc706c1054fa3b3f211bc5fcea
3634,datasets/cat_10k/images/543443b9627aee669e66c149d924f2d2.jpg,543443b9627aee669e66c149d924f2d2
3635,datasets/cat_10k/images/54346b861cbd177837bd39ad8ce2d00d.jpg,54346b861cbd177837bd39ad8ce2d00d
3636,datasets/cat_10k/images/544295b973422c46cfae7dc0ae127166.jpg,544295b973422c46cfae7dc0ae127166
3637,datasets/cat_10k/images/54455ddb64c1e61505b3e0093da2ef5d.jpg,54455ddb64c1e61505b3e0093da2ef5d
3638,datasets/cat_10k/images/544f392f871690c33cbb151dd7a7e016.jpg,544f392f871690c33cbb151dd7a7e016
3639,datasets/cat_10k/images/5453c6ae1439d57bfc4430723c834574.jpg,5453c6ae1439d57bfc4430723c834574
3640,datasets/cat_10k/images/545945f1ed4299f310c7f7009597a87f.jpg,545945f1ed4299f310c7f7009597a87f
3641,datasets/cat_10k/images/5459a42417973944373275783b693d0b.jpg,5459a42417973944373275783b693d0b
3642,datasets/cat_10k/images/546855d263d889aa39d125b84de472ea.jpg,546855d263d889aa39d125b84de472ea
3643,datasets/cat_10k/images/546a41c8c537095ac7979bc3f721170c.jpg,546a41c8c537095ac7979bc3f721170c
3644,datasets/cat_10k/images/546d175f2b4a66bc99faa090115b0989.jpg,546d175f2b4a66bc99faa090115b0989
3645,datasets/cat_10k/images/546d9ef64bd3b40d5fc1ca3b71f5bf93.jpg,546d9ef64bd3b40d5fc1ca3b71f5bf93
3646,datasets/cat_10k/images/546dc2fd6a507a41d19a529cc3915add.jpg,546dc2fd6a507a41d19a529cc3915add
3647,datasets/cat_10k/images/546e6fd574c94a40ee8d7ff45b4f6caf.jpg,546e6fd574c94a40ee8d7ff45b4f6caf
3648,datasets/cat_10k/images/5473bd2875acbf5a89ece065c4568715.jpg,5473bd2875acbf5a89ece065c4568715
3649,datasets/cat_10k/images/54819493a6e12363a0f4b0844865148a.jpg,54819493a6e12363a0f4b0844865148a
3650,datasets/cat_10k/images/5484e1030121f19a5e8c5c681747044d.jpg,5484e1030121f19a5e8c5c681747044d
3651,datasets/cat_10k/images/54925867b5e0285dbe2bcdf7eb67e272.jpg,54925867b5e0285dbe2bcdf7eb67e272
3652,datasets/cat_10k/images/5493722ddc48f2b84497767cb1d164d3.jpg,5493722ddc48f2b84497767cb1d164d3
3653,datasets/cat_10k/images/549797d12fba981531ce5fda67ba2722.jpg,549797d12fba981531ce5fda67ba2722
3654,datasets/cat_10k/images/549fa7d4cf43d0c165f9e1e7ef7111b4.jpg,549fa7d4cf43d0c165f9e1e7ef7111b4
3655,datasets/cat_10k/images/54a6a9f7bd3b05a1a3e27dbdc203f5bd.jpg,54a6a9f7bd3b05a1a3e27dbdc203f5bd
3656,datasets/cat_10k/images/54ad59f9fb4cd36d7be3f0388289746f.jpg,54ad59f9fb4cd36d7be3f0388289746f
3657,datasets/cat_10k/images/54af91c6e84d4f9382263b696350179a.jpg,54af91c6e84d4f9382263b696350179a
3658,datasets/cat_10k/images/54b2e6b92c33728aca90940afe4e8c88.jpg,54b2e6b92c33728aca90940afe4e8c88
3659,datasets/cat_10k/images/54b813f08f9609018e8054d7a2ca16c6.jpg,54b813f08f9609018e8054d7a2ca16c6
3660,datasets/cat_10k/images/54bb19850e98b00e9aab0817918925bb.jpg,54bb19850e98b00e9aab0817918925bb
3661,datasets/cat_10k/images/54c0db97c7682c8ff87c636fed384f85.jpg,54c0db97c7682c8ff87c636fed384f85
3662,datasets/cat_10k/images/54cf2f9c72ff10437003234253b2d1a9.jpg,54cf2f9c72ff10437003234253b2d1a9
3663,datasets/cat_10k/images/54d210eb74f49f09fd0cc0464f66b7e0.jpg,54d210eb74f49f09fd0cc0464f66b7e0
3664,datasets/cat_10k/images/54d9035d76a5e4fdb031ada2eb3ee003.jpg,54d9035d76a5e4fdb031ada2eb3ee003
3665,datasets/cat_10k/images/54e2a31e74c840837597f8904b6b54cb.jpg,54e2a31e74c840837597f8904b6b54cb
3666,datasets/cat_10k/images/54e2f905d878416a5ec78896bfa3bc21.jpg,54e2f905d878416a5ec78896bfa3bc21
3667,datasets/cat_10k/images/54ee09af1c548241134613577d656ab6.jpg,54ee09af1c548241134613577d656ab6
3668,datasets/cat_10k/images/54f033025c1264b20468ebb4e8a229b6.jpg,54f033025c1264b20468ebb4e8a229b6
3669,datasets/cat_10k/images/54f68f9c9601c829b7c6fe6131156b93.jpg,54f68f9c9601c829b7c6fe6131156b93
3670,datasets/cat_10k/images/54fb009c22ef9466a99c5b665d834a26.jpg,54fb009c22ef9466a99c5b665d834a26
3671,datasets/cat_10k/images/54fb0a1bf5a14d5e027330766e9adcc5.jpg,54fb0a1bf5a14d5e027330766e9adcc5
3672,datasets/cat_10k/images/54fbb4bc561b3d799c3eda444cdc0ab2.jpg,54fbb4bc561b3d799c3eda444cdc0ab2
3673,datasets/cat_10k/images/54fd299f671ac8ed1954379077057cb5.jpg,54fd299f671ac8ed1954379077057cb5
3674,datasets/cat_10k/images/55061d869dbb954094c34b643427267b.jpg,55061d869dbb954094c34b643427267b
3675,datasets/cat_10k/images/55066570127ab54fd64d04aa3e749a33.jpg,55066570127ab54fd64d04aa3e749a33
3676,datasets/cat_10k/images/55116c8c4f53dcb0113b954c9fc439fa.jpg,55116c8c4f53dcb0113b954c9fc439fa
3677,datasets/cat_10k/images/5517ebd2ca03e07515fae060f81cf4fc.jpg,5517ebd2ca03e07515fae060f81cf4fc
3678,datasets/cat_10k/images/5518e409cb5f55a787f63f676b7a9ef7.jpg,5518e409cb5f55a787f63f676b7a9ef7
3679,datasets/cat_10k/images/5522a03e4ead52e509df0de16840ed11.jpg,5522a03e4ead52e509df0de16840ed11
3680,datasets/cat_10k/images/55264823bcc9b934189e911b81fa5623.jpg,55264823bcc9b934189e911b81fa5623
3681,datasets/cat_10k/images/552e9c951c4a08a5ad6f6f4ea8029c33.jpg,552e9c951c4a08a5ad6f6f4ea8029c33
3682,datasets/cat_10k/images/5540cee8996a2bf2a3566632bc66e5c0.jpg,5540cee8996a2bf2a3566632bc66e5c0
3683,datasets/cat_10k/images/5547a10d3d2cdbe535e7858a8637b960.jpg,5547a10d3d2cdbe535e7858a8637b960
3684,datasets/cat_10k/images/55513081025ad23343e65784275a92ff.jpg,55513081025ad23343e65784275a92ff
3685,datasets/cat_10k/images/5552eb9da654b8bf6d3e64f6676b21fe.jpg,5552eb9da654b8bf6d3e64f6676b21fe
3686,datasets/cat_10k/images/5576f16950894008c866aabd2e8e7090.jpg,5576f16950894008c866aabd2e8e7090
3687,datasets/cat_10k/images/557f0e19a26dccda323d29fa86950ad4.jpg,557f0e19a26dccda323d29fa86950ad4
3688,datasets/cat_10k/images/5581a3a71a6c941728f899d93b71b92f.jpg,5581a3a71a6c941728f899d93b71b92f
3689,datasets/cat_10k/images/5587a8ea56ff7c2bb670a5285f2a9a08.jpg,5587a8ea56ff7c2bb670a5285f2a9a08
3690,datasets/cat_10k/images/5594aa2298ec1be872e6681dc3b46c65.jpg,5594aa2298ec1be872e6681dc3b46c65
3691,datasets/cat_10k/images/5599aaf6b2250f775b7c792742791056.jpg,5599aaf6b2250f775b7c792742791056
3692,datasets/cat_10k/images/559bd282b38b60863d07e8211ca5a2f3.jpg,559bd282b38b60863d07e8211ca5a2f3
3693,datasets/cat_10k/images/55a2f76e9e6509baf8464bdbfd7a47d0.jpg,55a2f76e9e6509baf8464bdbfd7a47d0
3694,datasets/cat_10k/images/55a5f25dc4f4b803bb13e08709695cc6.jpg,55a5f25dc4f4b803bb13e08709695cc6
3695,datasets/cat_10k/images/55a72c0e475865aa081ae965e6a2cdea.jpg,55a72c0e475865aa081ae965e6a2cdea
3696,datasets/cat_10k/images/55b3e2f0d10b2239864f07939f920b7c.jpg,55b3e2f0d10b2239864f07939f920b7c
3697,datasets/cat_10k/images/55c65926a526594729516b272c4d403d.jpg,55c65926a526594729516b272c4d403d
3698,datasets/cat_10k/images/55cd8aa5f2cea1288a2c05bdc91129ab.jpg,55cd8aa5f2cea1288a2c05bdc91129ab
3699,datasets/cat_10k/images/55df8e61c68f5d97735afe099115cee0.jpg,55df8e61c68f5d97735afe099115cee0
3700,datasets/cat_10k/images/55e8ed034cf94b5eb6f9cf662534210a.jpg,55e8ed034cf94b5eb6f9cf662534210a
3701,datasets/cat_10k/images/55efe2132bfc432cb272d3efa977a6aa.jpg,55efe2132bfc432cb272d3efa977a6aa
3702,datasets/cat_10k/images/55fc51667b220d9760bc96ad6cb9be03.jpg,55fc51667b220d9760bc96ad6cb9be03
3703,datasets/cat_10k/images/55fdef65361e5dd4e129ad806b7f076b.jpg,55fdef65361e5dd4e129ad806b7f076b
3704,datasets/cat_10k/images/55feb39f5db5ec2f431465229f61cff0.jpg,55feb39f5db5ec2f431465229f61cff0
3705,datasets/cat_10k/images/56076036e315ef13b2c85b662720cb70.jpg,56076036e315ef13b2c85b662720cb70
3706,datasets/cat_10k/images/56084071659dbe0cdac92a783d35779b.jpg,56084071659dbe0cdac92a783d35779b
3707,datasets/cat_10k/images/56178fc8936a1fa96b7218079d66123a.jpg,56178fc8936a1fa96b7218079d66123a
3708,datasets/cat_10k/images/5625eaf39584cb30d72e57877c8b0fc7.jpg,5625eaf39584cb30d72e57877c8b0fc7
3709,datasets/cat_10k/images/5640b01e18a5beb8155468598d32262e.jpg,5640b01e18a5beb8155468598d32262e
3710,datasets/cat_10k/images/56469641bc1987a70ccd8e685cc0e0d0.jpg,56469641bc1987a70ccd8e685cc0e0d0
3711,datasets/cat_10k/images/564b560261a80b3251b69c163514d3b3.jpg,564b560261a80b3251b69c163514d3b3
3712,datasets/cat_10k/images/565186e4da47f410e9dc587611c2b55a.jpg,565186e4da47f410e9dc587611c2b55a
3713,datasets/cat_10k/images/5660c4b9e9e3eb3f4089f36c2ef7475e.jpg,5660c4b9e9e3eb3f4089f36c2ef7475e
3714,datasets/cat_10k/images/56626472457fb9d12d9c1d1e42437aa2.jpg,56626472457fb9d12d9c1d1e42437aa2
3715,datasets/cat_10k/images/566cb5606cf24255248ffd4c411018a0.jpg,566cb5606cf24255248ffd4c411018a0
3716,datasets/cat_10k/images/566f547337550e9ed4ae8dca41e2ae1a.jpg,566f547337550e9ed4ae8dca41e2ae1a
3717,datasets/cat_10k/images/566fbe6c2f52b69a6521142d1be21fff.jpg,566fbe6c2f52b69a6521142d1be21fff
3718,datasets/cat_10k/images/5682b60c22a158996d54f71f252ae0fd.jpg,5682b60c22a158996d54f71f252ae0fd
3719,datasets/cat_10k/images/56979da2b1df2bf6553a4ef57229022f.jpg,56979da2b1df2bf6553a4ef57229022f
3720,datasets/cat_10k/images/569ff0cfaecaa46c7b79c482cad2e5c5.jpg,569ff0cfaecaa46c7b79c482cad2e5c5
3721,datasets/cat_10k/images/56a1d646f810597c0bffbb026e748c52.jpg,56a1d646f810597c0bffbb026e748c52
3722,datasets/cat_10k/images/56a3fe1a434bf23091d3a2a33f433b13.jpg,56a3fe1a434bf23091d3a2a33f433b13
3723,datasets/cat_10k/images/56a4f4ccc7f8c46d5963babc207311e7.jpg,56a4f4ccc7f8c46d5963babc207311e7
3724,datasets/cat_10k/images/56aee178945317205c4c6dfa3588826d.jpg,56aee178945317205c4c6dfa3588826d
3725,datasets/cat_10k/images/56b4acdc6e52a3026f9764a93dd2dd32.jpg,56b4acdc6e52a3026f9764a93dd2dd32
3726,datasets/cat_10k/images/56c2bae589391d40e0635495c8ea0c7d.jpg,56c2bae589391d40e0635495c8ea0c7d
3727,datasets/cat_10k/images/56ce38abbce98b2c3167e6af81cf6d4a.jpg,56ce38abbce98b2c3167e6af81cf6d4a
3728,datasets/cat_10k/images/56d918ce1f3acbf04bf55160c196e8e7.jpg,56d918ce1f3acbf04bf55160c196e8e7
3729,datasets/cat_10k/images/56dfcd9fc52ae86bb1ae3b3d36f5efeb.jpg,56dfcd9fc52ae86bb1ae3b3d36f5efeb
3730,datasets/cat_10k/images/56ec75f94cef5925eaa58e14493af7d8.jpg,56ec75f94cef5925eaa58e14493af7d8
3731,datasets/cat_10k/images/56f5ac672f9b5a78fe1984062c6dabbd.jpg,56f5ac672f9b5a78fe1984062c6dabbd
3732,datasets/cat_10k/images/56f75ffd86bc3483a1cc5938824b79d2.jpg,56f75ffd86bc3483a1cc5938824b79d2
3733,datasets/cat_10k/images/56f860afd5c7ea3152b71d955bd143fe.jpg,56f860afd5c7ea3152b71d955bd143fe
3734,datasets/cat_10k/images/56fac61f8f9bb8c564884c57dc467a08.jpg,56fac61f8f9bb8c564884c57dc467a08
3735,datasets/cat_10k/images/570998e368e28868f5c0b4662bc354a3.jpg,570998e368e28868f5c0b4662bc354a3
3736,datasets/cat_10k/images/570b7dc792d5701239bc0250fa0ff2a2.jpg,570b7dc792d5701239bc0250fa0ff2a2
3737,datasets/cat_10k/images/5712c18e24fda84c05dd3e7b26c588d8.jpg,5712c18e24fda84c05dd3e7b26c588d8
3738,datasets/cat_10k/images/571dd4b9b759514f5cf62bf2e1662fe6.jpg,571dd4b9b759514f5cf62bf2e1662fe6
3739,datasets/cat_10k/images/572ddc95e6aa092b4a1f6f1a73a5d215.jpg,572ddc95e6aa092b4a1f6f1a73a5d215
3740,datasets/cat_10k/images/573ef5b151e07d3edec52e1fafe313fd.jpg,573ef5b151e07d3edec52e1fafe313fd
3741,datasets/cat_10k/images/575b8b873dac5d0f04bb8bcd473c3f87.jpg,575b8b873dac5d0f04bb8bcd473c3f87
3742,datasets/cat_10k/images/57618b9bbcccdc5d314ae092d92114fa.jpg,57618b9bbcccdc5d314ae092d92114fa
3743,datasets/cat_10k/images/57664997a12f774c1469ba4fa1bd149f.jpg,57664997a12f774c1469ba4fa1bd149f
3744,datasets/cat_10k/images/5771e5911f11291a3fcc7d48ac0eb36d.jpg,5771e5911f11291a3fcc7d48ac0eb36d
3745,datasets/cat_10k/images/5778c0fce73e12bb6da7b31620b9f0cd.jpg,5778c0fce73e12bb6da7b31620b9f0cd
3746,datasets/cat_10k/images/577d8932b6a1a08434c9f67283f37e27.jpg,577d8932b6a1a08434c9f67283f37e27
3747,datasets/cat_10k/images/578844d7f71569b4ed3e5b63b21459df.jpg,578844d7f71569b4ed3e5b63b21459df
3748,datasets/cat_10k/images/578e93e5d19f6e22dea881037b068a2a.jpg,578e93e5d19f6e22dea881037b068a2a
3749,datasets/cat_10k/images/5791d55a61c1d5e3b22690bcb8708965.jpg,5791d55a61c1d5e3b22690bcb8708965
3750,datasets/cat_10k/images/579a974f8f73191c31ce50687d3b95b4.jpg,579a974f8f73191c31ce50687d3b95b4
3751,datasets/cat_10k/images/57a2e09ac85559ab830e862f2ea193e4.jpg,57a2e09ac85559ab830e862f2ea193e4
3752,datasets/cat_10k/images/57aaa905ed566889645dcba31b433f17.jpg,57aaa905ed566889645dcba31b433f17
3753,datasets/cat_10k/images/57b005b4ae1f6f4e081bb7ec15414f40.jpg,57b005b4ae1f6f4e081bb7ec15414f40
3754,datasets/cat_10k/images/57b72980c8d8667733cf65600f9ff0b8.jpg,57b72980c8d8667733cf65600f9ff0b8
3755,datasets/cat_10k/images/57bb654c84aeb73e9412825da2078117.jpg,57bb654c84aeb73e9412825da2078117
3756,datasets/cat_10k/images/57c7c8aa00364ba8d2c9c207e2be1dc7.jpg,57c7c8aa00364ba8d2c9c207e2be1dc7
3757,datasets/cat_10k/images/57c9c13751ce9bae584c036165a6533b.jpg,57c9c13751ce9bae584c036165a6533b
3758,datasets/cat_10k/images/57ce4d658c181853c45f965e06aa35d8.jpg,57ce4d658c181853c45f965e06aa35d8
3759,datasets/cat_10k/images/57cf4e3b303e0f59d48b6879efc733a4.jpg,57cf4e3b303e0f59d48b6879efc733a4
3760,datasets/cat_10k/images/57d08291c0de7bf29abed3851653ff7f.jpg,57d08291c0de7bf29abed3851653ff7f
3761,datasets/cat_10k/images/57d5660b35cd1fc9954e8d89f3ef24d0.jpg,57d5660b35cd1fc9954e8d89f3ef24d0
3762,datasets/cat_10k/images/57db5f8660214b528568cc6151ca3cac.jpg,57db5f8660214b528568cc6151ca3cac
3763,datasets/cat_10k/images/57e6982caf129db76240ea591ab36d94.jpg,57e6982caf129db76240ea591ab36d94
3764,datasets/cat_10k/images/57ed0c01b6a1cf2ef91f4bc77eeadba5.jpg,57ed0c01b6a1cf2ef91f4bc77eeadba5
3765,datasets/cat_10k/images/57ee6da2912e55dfc5ab6f3332901011.jpg,57ee6da2912e55dfc5ab6f3332901011
3766,datasets/cat_10k/images/57fdeda6cc863a986b5ab6a6b594e7db.jpg,57fdeda6cc863a986b5ab6a6b594e7db
3767,datasets/cat_10k/images/5806c4c9fc9decd49c5e1594d0d9726c.jpg,5806c4c9fc9decd49c5e1594d0d9726c
3768,datasets/cat_10k/images/5807aef40cf532814eef5bc43bac68dd.jpg,5807aef40cf532814eef5bc43bac68dd
3769,datasets/cat_10k/images/580cf5b450fcbc015bcc9e36a97cce9f.jpg,580cf5b450fcbc015bcc9e36a97cce9f
3770,datasets/cat_10k/images/5815b2a7bfbe0376fa3ff99d0c6c83a6.jpg,5815b2a7bfbe0376fa3ff99d0c6c83a6
3771,datasets/cat_10k/images/5818931eb9ef6c834a3cb047f4089a62.jpg,5818931eb9ef6c834a3cb047f4089a62
3772,datasets/cat_10k/images/581cd7843cb7ab8e1ce4a3b79b43647d.jpg,581cd7843cb7ab8e1ce4a3b79b43647d
3773,datasets/cat_10k/images/5824155d081c7406069b8c193152f186.jpg,5824155d081c7406069b8c193152f186
3774,datasets/cat_10k/images/582db428e4359684dbb9a5eb921dc835.jpg,582db428e4359684dbb9a5eb921dc835
3775,datasets/cat_10k/images/58309b27d5a213eabe8186a6890528c6.jpg,58309b27d5a213eabe8186a6890528c6
3776,datasets/cat_10k/images/583540b6cf085e6985b6e14c6b1136b5.jpg,583540b6cf085e6985b6e14c6b1136b5
3777,datasets/cat_10k/images/58379c754ab7719cd28e5eff057a2356.jpg,58379c754ab7719cd28e5eff057a2356
3778,datasets/cat_10k/images/58385a38034fb8ac0575bff25400df71.jpg,58385a38034fb8ac0575bff25400df71
3779,datasets/cat_10k/images/5842ee779954e740988f3cbfa545b61c.jpg,5842ee779954e740988f3cbfa545b61c
3780,datasets/cat_10k/images/5842f0fd486d93ee886eb07c9247fb83.jpg,5842f0fd486d93ee886eb07c9247fb83
3781,datasets/cat_10k/images/5844025ef033899675edcec6333d10fe.jpg,5844025ef033899675edcec6333d10fe
3782,datasets/cat_10k/images/584f9b86a6dffbd091b2281575580422.jpg,584f9b86a6dffbd091b2281575580422
3783,datasets/cat_10k/images/5854990b9d52f21785a098fe5fb19023.jpg,5854990b9d52f21785a098fe5fb19023
3784,datasets/cat_10k/images/585dc828b6a8c30e89349680d709ad34.jpg,585dc828b6a8c30e89349680d709ad34
3785,datasets/cat_10k/images/585edd21a61e034ed5a0e9cb2b449196.jpg,585edd21a61e034ed5a0e9cb2b449196
3786,datasets/cat_10k/images/58608b76a9b061a6feaeccdc8288f7bb.jpg,58608b76a9b061a6feaeccdc8288f7bb
3787,datasets/cat_10k/images/5862a0c7629e1af663cbbd818ef4282a.jpg,5862a0c7629e1af663cbbd818ef4282a
3788,datasets/cat_10k/images/5863eb8fc506cbdcc2bad02cc5ddd8f8.jpg,5863eb8fc506cbdcc2bad02cc5ddd8f8
3789,datasets/cat_10k/images/5865b6d3a64f14667da06c8a2181c07b.jpg,5865b6d3a64f14667da06c8a2181c07b
3790,datasets/cat_10k/images/587228e0c15e4003477a8f51f7dfe0e9.jpg,587228e0c15e4003477a8f51f7dfe0e9
3791,datasets/cat_10k/images/58759e45fec78ecb70aa0a9ea474dc7f.jpg,58759e45fec78ecb70aa0a9ea474dc7f
3792,datasets/cat_10k/images/5880134cfd9ab9352022a5e06fce5195.jpg,5880134cfd9ab9352022a5e06fce5195
3793,datasets/cat_10k/images/588073c01e7dc7d0e7d16745fa826705.jpg,588073c01e7dc7d0e7d16745fa826705
3794,datasets/cat_10k/images/5888375d5241d065e85083d6347c3ccf.jpg,5888375d5241d065e85083d6347c3ccf
3795,datasets/cat_10k/images/588bc3641eed01e041840d600df2c18a.jpg,588bc3641eed01e041840d600df2c18a
3796,datasets/cat_10k/images/588ccf229962051b3b03da76600fc64a.jpg,588ccf229962051b3b03da76600fc64a
3797,datasets/cat_10k/images/588d224a8ce1a07054b55da7327e5892.jpg,588d224a8ce1a07054b55da7327e5892
3798,datasets/cat_10k/images/588f5a868eb9c3ae19f8ab9dea47d45f.jpg,588f5a868eb9c3ae19f8ab9dea47d45f
3799,datasets/cat_10k/images/589010ee8ebf009c40d8651d77e283d7.jpg,589010ee8ebf009c40d8651d77e283d7
3800,datasets/cat_10k/images/589a2c12234c5c7c5ac05ad11779ce04.jpg,589a2c12234c5c7c5ac05ad11779ce04
3801,datasets/cat_10k/images/58ae68503946f84228d3b389968dcef3.jpg,58ae68503946f84228d3b389968dcef3
3802,datasets/cat_10k/images/58aea473960fe5a7f90279f14073dada.jpg,58aea473960fe5a7f90279f14073dada
3803,datasets/cat_10k/images/58b9fa72d37e8a640c253dd1554aa352.jpg,58b9fa72d37e8a640c253dd1554aa352
3804,datasets/cat_10k/images/58c3873e047075214c55b950a3b95d36.jpg,58c3873e047075214c55b950a3b95d36
3805,datasets/cat_10k/images/58d41e3780c1c32ba5b19c9752221372.jpg,58d41e3780c1c32ba5b19c9752221372
3806,datasets/cat_10k/images/58d6ffe47ebac76889874ef1e101b634.jpg,58d6ffe47ebac76889874ef1e101b634
3807,datasets/cat_10k/images/58e3751c5dcb9439b332731a4d8d2eaf.jpg,58e3751c5dcb9439b332731a4d8d2eaf
3808,datasets/cat_10k/images/58e6193bd97845eede1f77baa570b6e9.jpg,58e6193bd97845eede1f77baa570b6e9
3809,datasets/cat_10k/images/58e7404a5633f99b91f737220f940154.jpg,58e7404a5633f99b91f737220f940154
3810,datasets/cat_10k/images/58ec62673f25d0606290fe21a548a8f7.jpg,58ec62673f25d0606290fe21a548a8f7
3811,datasets/cat_10k/images/58fc61129ba3822cfede5a3602d13ca0.jpg,58fc61129ba3822cfede5a3602d13ca0
3812,datasets/cat_10k/images/5901df5f9974247e715e5c900e149e27.jpg,5901df5f9974247e715e5c900e149e27
3813,datasets/cat_10k/images/5910df5fbcb0cdee4d318155e703aa22.jpg,5910df5fbcb0cdee4d318155e703aa22
3814,datasets/cat_10k/images/591342b23e9216ad71250028375598b7.jpg,591342b23e9216ad71250028375598b7
3815,datasets/cat_10k/images/5925d295ac91ee2bad204bdca092fa1c.jpg,5925d295ac91ee2bad204bdca092fa1c
3816,datasets/cat_10k/images/592fa654e5fc037d6698e173e8403ecb.jpg,592fa654e5fc037d6698e173e8403ecb
3817,datasets/cat_10k/images/59324f6951b359f1f66217dac7ddcb62.jpg,59324f6951b359f1f66217dac7ddcb62
3818,datasets/cat_10k/images/593a6380565fea28b390dee3fcd7fead.jpg,593a6380565fea28b390dee3fcd7fead
3819,datasets/cat_10k/images/5946d797cc58a3a1b5884cc727d5854c.jpg,5946d797cc58a3a1b5884cc727d5854c
3820,datasets/cat_10k/images/594796bcd2b12aa75bc351af19a1a8c3.jpg,594796bcd2b12aa75bc351af19a1a8c3
3821,datasets/cat_10k/images/595afd25405f32c3f3c1b109535dd1e3.jpg,595afd25405f32c3f3c1b109535dd1e3
3822,datasets/cat_10k/images/59628cfbe77acb7d83d45e3ae36ea1bb.jpg,59628cfbe77acb7d83d45e3ae36ea1bb
3823,datasets/cat_10k/images/5962fdff61696c25fbf3de3cac5e02e2.jpg,5962fdff61696c25fbf3de3cac5e02e2
3824,datasets/cat_10k/images/596b5fbe8fda07a24376d0af5ec11230.jpg,596b5fbe8fda07a24376d0af5ec11230
3825,datasets/cat_10k/images/5975ff24166cfd33c8788e0cc0b17c5e.jpg,5975ff24166cfd33c8788e0cc0b17c5e
3826,datasets/cat_10k/images/59765bfd563b77291291bd21b3b9e40f.jpg,59765bfd563b77291291bd21b3b9e40f
3827,datasets/cat_10k/images/597a0db86aaff44ee459392ce86b8c77.jpg,597a0db86aaff44ee459392ce86b8c77
3828,datasets/cat_10k/images/597a7e325860090501c0314b05d60cb1.jpg,597a7e325860090501c0314b05d60cb1
3829,datasets/cat_10k/images/598049655310c2c9b25e8c2706868ebd.jpg,598049655310c2c9b25e8c2706868ebd
3830,datasets/cat_10k/images/59831355710487d2f5ac6187467f3bae.jpg,59831355710487d2f5ac6187467f3bae
3831,datasets/cat_10k/images/5990bfac34b3bbe2032389a5c5a7a250.jpg,5990bfac34b3bbe2032389a5c5a7a250
3832,datasets/cat_10k/images/599e55b2dadda6c4e492cadf20c634dc.jpg,599e55b2dadda6c4e492cadf20c634dc
3833,datasets/cat_10k/images/59a07af00a508080ef18a5fcd431e226.jpg,59a07af00a508080ef18a5fcd431e226
3834,datasets/cat_10k/images/59a2373da5a48827ed40c2bd3abfa70c.jpg,59a2373da5a48827ed40c2bd3abfa70c
3835,datasets/cat_10k/images/59a48da1a75458dadda594cc87ec4040.jpg,59a48da1a75458dadda594cc87ec4040
3836,datasets/cat_10k/images/59aecd40851550630c45fb0d2c42ae3e.jpg,59aecd40851550630c45fb0d2c42ae3e
3837,datasets/cat_10k/images/59b493cbe9b34a7d395372c50a77c093.jpg,59b493cbe9b34a7d395372c50a77c093
3838,datasets/cat_10k/images/59cd07ce74f114f8eb0860dc36ec111f.jpg,59cd07ce74f114f8eb0860dc36ec111f
3839,datasets/cat_10k/images/59d0b794f0ebd3774d0867317d852bbf.jpg,59d0b794f0ebd3774d0867317d852bbf
3840,datasets/cat_10k/images/59d0c331bfa4c8648d42392bcdc5bd81.jpg,59d0c331bfa4c8648d42392bcdc5bd81
3841,datasets/cat_10k/images/59d6b6084213bfc860c4e264ee4498d4.jpg,59d6b6084213bfc860c4e264ee4498d4
3842,datasets/cat_10k/images/59d7fdd0254ca0a21fa58149e0bc043c.jpg,59d7fdd0254ca0a21fa58149e0bc043c
3843,datasets/cat_10k/images/59d87884e8c89818e9a9dde39480fb59.jpg,59d87884e8c89818e9a9dde39480fb59
3844,datasets/cat_10k/images/59e03f13b0a600fe176121a0f0d6dca8.jpg,59e03f13b0a600fe176121a0f0d6dca8
3845,datasets/cat_10k/images/59e3a92bed4a948c35d2db55280e14c5.jpg,59e3a92bed4a948c35d2db55280e14c5
3846,datasets/cat_10k/images/59ead8191c4d707fca87361d467faa18.jpg,59ead8191c4d707fca87361d467faa18
3847,datasets/cat_10k/images/59ebe3abbfa9437dec8480991467a7e6.jpg,59ebe3abbfa9437dec8480991467a7e6
3848,datasets/cat_10k/images/59f17c0e1e2351e0e3e0f44a22fe936b.jpg,59f17c0e1e2351e0e3e0f44a22fe936b
3849,datasets/cat_10k/images/59f6920d86519cd930dfcd5533aa90eb.jpg,59f6920d86519cd930dfcd5533aa90eb
3850,datasets/cat_10k/images/59ffca751f56684d96728ccc60fb74ef.jpg,59ffca751f56684d96728ccc60fb74ef
3851,datasets/cat_10k/images/5a07416d2348e50b4d41b72f9bd8650c.jpg,5a07416d2348e50b4d41b72f9bd8650c
3852,datasets/cat_10k/images/5a093488a0d469981b144ccb8ede6635.jpg,5a093488a0d469981b144ccb8ede6635
3853,datasets/cat_10k/images/5a0b9a843a2ec020f1c95ab5652f4c3f.jpg,5a0b9a843a2ec020f1c95ab5652f4c3f
3854,datasets/cat_10k/images/5a0efe2bdca70a17eb90f2c0329a0539.jpg,5a0efe2bdca70a17eb90f2c0329a0539
3855,datasets/cat_10k/images/5a1613fe5d33a8b72c6c6756854881e6.jpg,5a1613fe5d33a8b72c6c6756854881e6
3856,datasets/cat_10k/images/5a192db0eb39ba83fad7357a90b06f0d.jpg,5a192db0eb39ba83fad7357a90b06f0d
3857,datasets/cat_10k/images/5a19c30ff8602c0abafd519f0039e28f.jpg,5a19c30ff8602c0abafd519f0039e28f
3858,datasets/cat_10k/images/5a2108bf423811b04a5bf9f40c67bcda.jpg,5a2108bf423811b04a5bf9f40c67bcda
3859,datasets/cat_10k/images/5a218674f6f968bc8377f5a3c99ce591.jpg,5a218674f6f968bc8377f5a3c99ce591
3860,datasets/cat_10k/images/5a244b891c950fde606147ef096381a8.jpg,5a244b891c950fde606147ef096381a8
3861,datasets/cat_10k/images/5a2d03747900da504552d2f86737927e.jpg,5a2d03747900da504552d2f86737927e
3862,datasets/cat_10k/images/5a300664f19bfba3de8950aa565ac48e.jpg,5a300664f19bfba3de8950aa565ac48e
3863,datasets/cat_10k/images/5a3c704419772d1d03bb396508d453e9.jpg,5a3c704419772d1d03bb396508d453e9
3864,datasets/cat_10k/images/5a3e973232c550254e6f8006e1fbc4fe.jpg,5a3e973232c550254e6f8006e1fbc4fe
3865,datasets/cat_10k/images/5a43108ac741d049bd5a4cc9cf62b2fe.jpg,5a43108ac741d049bd5a4cc9cf62b2fe
3866,datasets/cat_10k/images/5a5f076468d76ecb3e069e7ed8bd855d.jpg,5a5f076468d76ecb3e069e7ed8bd855d
3867,datasets/cat_10k/images/5a60f36a073600247540966f4c8b0176.jpg,5a60f36a073600247540966f4c8b0176
3868,datasets/cat_10k/images/5a6265aacca308405963ccbd0e2f9850.jpg,5a6265aacca308405963ccbd0e2f9850
3869,datasets/cat_10k/images/5a79ce6680c4a1a509f217b754c1dd84.jpg,5a79ce6680c4a1a509f217b754c1dd84
3870,datasets/cat_10k/images/5a7acdb9e8d2a9d319a98e0119654d47.jpg,5a7acdb9e8d2a9d319a98e0119654d47
3871,datasets/cat_10k/images/5a880db6b7488c78803e87070a5934c4.jpg,5a880db6b7488c78803e87070a5934c4
3872,datasets/cat_10k/images/5a8a7c00abeb3562940b1b2f796fe71c.jpg,5a8a7c00abeb3562940b1b2f796fe71c
3873,datasets/cat_10k/images/5a921425eeee39eb2abb3f8e858f984c.jpg,5a921425eeee39eb2abb3f8e858f984c
3874,datasets/cat_10k/images/5a92a63f5c47aa738b47f0f4b2df2deb.jpg,5a92a63f5c47aa738b47f0f4b2df2deb
3875,datasets/cat_10k/images/5a98fe4827b0c72e065fd9f919c6a81c.jpg,5a98fe4827b0c72e065fd9f919c6a81c
3876,datasets/cat_10k/images/5a99c62a656ceb87b2ebb620bd9381fa.jpg,5a99c62a656ceb87b2ebb620bd9381fa
3877,datasets/cat_10k/images/5aa5b803577858bc83b92d461f7b6947.jpg,5aa5b803577858bc83b92d461f7b6947
3878,datasets/cat_10k/images/5ab265959aa19e356b4f7325518ca0e7.jpg,5ab265959aa19e356b4f7325518ca0e7
3879,datasets/cat_10k/images/5ac6b6e6fbf85747d052e3100f4282a6.jpg,5ac6b6e6fbf85747d052e3100f4282a6
3880,datasets/cat_10k/images/5ad519065a9dfffc93ded07f65224162.jpg,5ad519065a9dfffc93ded07f65224162
3881,datasets/cat_10k/images/5ad6c1550a1463fb9b7f22be7e851cf5.jpg,5ad6c1550a1463fb9b7f22be7e851cf5
3882,datasets/cat_10k/images/5ae826092f78cb6a6b66a52bb4dc5cbf.jpg,5ae826092f78cb6a6b66a52bb4dc5cbf
3883,datasets/cat_10k/images/5af62c3972d1a99c65a11513cf8ec4d1.jpg,5af62c3972d1a99c65a11513cf8ec4d1
3884,datasets/cat_10k/images/5afc43c02b1d02a4a4e43ead1184493a.jpg,5afc43c02b1d02a4a4e43ead1184493a
3885,datasets/cat_10k/images/5aff1d90a2508e4f8b84b1a98aa7b748.jpg,5aff1d90a2508e4f8b84b1a98aa7b748
3886,datasets/cat_10k/images/5b128887e20137b41ee51bd6a1d6e794.jpg,5b128887e20137b41ee51bd6a1d6e794
3887,datasets/cat_10k/images/5b200d47963edaf381fffbaa4c0d87fe.jpg,5b200d47963edaf381fffbaa4c0d87fe
3888,datasets/cat_10k/images/5b28e8869ea9bc4f081a996574ecfe47.jpg,5b28e8869ea9bc4f081a996574ecfe47
3889,datasets/cat_10k/images/5b2d68b808c608deee28bcd720c80de0.jpg,5b2d68b808c608deee28bcd720c80de0
3890,datasets/cat_10k/images/5b30db102aabee9319bfe7afe8ae39df.jpg,5b30db102aabee9319bfe7afe8ae39df
3891,datasets/cat_10k/images/5b37d154b9e1959ea1bf8dfdc6bf155c.jpg,5b37d154b9e1959ea1bf8dfdc6bf155c
3892,datasets/cat_10k/images/5b4c6f1b2e60e2950abd02c65ff0c7c4.jpg,5b4c6f1b2e60e2950abd02c65ff0c7c4
3893,datasets/cat_10k/images/5b4e29c82ff72daba9e4532eba065205.jpg,5b4e29c82ff72daba9e4532eba065205
3894,datasets/cat_10k/images/5b541d3a4455b4488345a9b271d15895.jpg,5b541d3a4455b4488345a9b271d15895
3895,datasets/cat_10k/images/5b5b9709ec5b3cfb5a1c210244ebafa8.jpg,5b5b9709ec5b3cfb5a1c210244ebafa8
3896,datasets/cat_10k/images/5b63b6288d1ee9e1cba5a2c839618cf8.jpg,5b63b6288d1ee9e1cba5a2c839618cf8
3897,datasets/cat_10k/images/5b6bee039882fa97e650963dca586a8d.jpg,5b6bee039882fa97e650963dca586a8d
3898,datasets/cat_10k/images/5b752158641dd05c8818318c6282cc26.jpg,5b752158641dd05c8818318c6282cc26
3899,datasets/cat_10k/images/5b788577979863dab29ec03f723e244c.jpg,5b788577979863dab29ec03f723e244c
3900,datasets/cat_10k/images/5b8476d346d6bd2c24f4644e517d9f71.jpg,5b8476d346d6bd2c24f4644e517d9f71
3901,datasets/cat_10k/images/5b94addee2b6a5a9f2e2315d26e4f2d1.jpg,5b94addee2b6a5a9f2e2315d26e4f2d1
3902,datasets/cat_10k/images/5b9a3713eae6e84496fb7dadffdcdfd0.jpg,5b9a3713eae6e84496fb7dadffdcdfd0
3903,datasets/cat_10k/images/5b9c18f4cf99de40d2ea653aa8ccf2bf.jpg,5b9c18f4cf99de40d2ea653aa8ccf2bf
3904,datasets/cat_10k/images/5b9cddfcdabbd4e5e39b82bb8ab0700c.jpg,5b9cddfcdabbd4e5e39b82bb8ab0700c
3905,datasets/cat_10k/images/5ba2452e147a8d0d6fc827ab6dac1a86.jpg,5ba2452e147a8d0d6fc827ab6dac1a86
3906,datasets/cat_10k/images/5ba33c5c2594ce494f2745d38f915541.jpg,5ba33c5c2594ce494f2745d38f915541
3907,datasets/cat_10k/images/5ba65d7c8043a61c9c73d8a309496fdc.jpg,5ba65d7c8043a61c9c73d8a309496fdc
3908,datasets/cat_10k/images/5baaf0f59c9d4deffe3156935982abf5.jpg,5baaf0f59c9d4deffe3156935982abf5
3909,datasets/cat_10k/images/5bab607cf4787a650b6d07845b6f0a6c.jpg,5bab607cf4787a650b6d07845b6f0a6c
3910,datasets/cat_10k/images/5bae911f80a9f600325859b0f0368bdb.jpg,5bae911f80a9f600325859b0f0368bdb
3911,datasets/cat_10k/images/5baee565ed6f37054068cb569b9f773d.jpg,5baee565ed6f37054068cb569b9f773d
3912,datasets/cat_10k/images/5bbc13f2c69f2889bfb930dd970f6143.jpg,5bbc13f2c69f2889bfb930dd970f6143
3913,datasets/cat_10k/images/5bca60f5034af76bb202d75c4fa0afca.jpg,5bca60f5034af76bb202d75c4fa0afca
3914,datasets/cat_10k/images/5bcf7dec44b292515ca2877c38ca2e62.jpg,5bcf7dec44b292515ca2877c38ca2e62
3915,datasets/cat_10k/images/5bd764c76eae1729b8ddb3ad32c1a113.jpg,5bd764c76eae1729b8ddb3ad32c1a113
3916,datasets/cat_10k/images/5bda3121ed0a5e4e8a82efc9c7ccd44f.jpg,5bda3121ed0a5e4e8a82efc9c7ccd44f
3917,datasets/cat_10k/images/5bde835f0265246828a32b7c91434462.jpg,5bde835f0265246828a32b7c91434462
3918,datasets/cat_10k/images/5bdfbbc4f09be234fae998d5896e715f.jpg,5bdfbbc4f09be234fae998d5896e715f
3919,datasets/cat_10k/images/5bed39184c8a1e035945d4af79163403.jpg,5bed39184c8a1e035945d4af79163403
3920,datasets/cat_10k/images/5bf2e19ce46815016e4445fafae6b3a7.jpg,5bf2e19ce46815016e4445fafae6b3a7
3921,datasets/cat_10k/images/5bf382aabd6e0f15a4e64d6a15562652.jpg,5bf382aabd6e0f15a4e64d6a15562652
3922,datasets/cat_10k/images/5bf55dfbe5a737e436b8192eef741569.jpg,5bf55dfbe5a737e436b8192eef741569
3923,datasets/cat_10k/images/5bfb47de58eaccc0ad8e8fa907c44a96.jpg,5bfb47de58eaccc0ad8e8fa907c44a96
3924,datasets/cat_10k/images/5bfeca40ac22c5f9d10e5ec179b19cbe.jpg,5bfeca40ac22c5f9d10e5ec179b19cbe
3925,datasets/cat_10k/images/5c06d4657fce98a8360fb3841dd6a494.jpg,5c06d4657fce98a8360fb3841dd6a494
3926,datasets/cat_10k/images/5c175de1c434fab616524ab1673a6b69.jpg,5c175de1c434fab616524ab1673a6b69
3927,datasets/cat_10k/images/5c17de6dfc0d1d920625673fb0179512.jpg,5c17de6dfc0d1d920625673fb0179512
3928,datasets/cat_10k/images/5c1842bcbeb86423c66411e1038fb456.jpg,5c1842bcbeb86423c66411e1038fb456
3929,datasets/cat_10k/images/5c23ebce5a5ea44b04a8c4435d8d2587.jpg,5c23ebce5a5ea44b04a8c4435d8d2587
3930,datasets/cat_10k/images/5c29f6de1dffbb27388b6ae731ce06ae.jpg,5c29f6de1dffbb27388b6ae731ce06ae
3931,datasets/cat_10k/images/5c2ecf827b517dfc3bd4a84ef8a74174.jpg,5c2ecf827b517dfc3bd4a84ef8a74174
3932,datasets/cat_10k/images/5c2ed252c0cb9d3c5b3963a9ecb76a1b.jpg,5c2ed252c0cb9d3c5b3963a9ecb76a1b
3933,datasets/cat_10k/images/5c42ce36b14ae8db68701675895149b9.jpg,5c42ce36b14ae8db68701675895149b9
3934,datasets/cat_10k/images/5c42f4ad9e13f0dfa44cc4990698c6bd.jpg,5c42f4ad9e13f0dfa44cc4990698c6bd
3935,datasets/cat_10k/images/5c4393864984ea4d0500fb999b1671c0.jpg,5c4393864984ea4d0500fb999b1671c0
3936,datasets/cat_10k/images/5c4cb55ea7a79dd11d3dfb928511dcbe.jpg,5c4cb55ea7a79dd11d3dfb928511dcbe
3937,datasets/cat_10k/images/5c5aa03a334306d99fd73763a38ec945.jpg,5c5aa03a334306d99fd73763a38ec945
3938,datasets/cat_10k/images/5c5c178dca96fdac64ac3ceddf9d2ff1.jpg,5c5c178dca96fdac64ac3ceddf9d2ff1
3939,datasets/cat_10k/images/5c5e7e30106c02b5750a6c9bc85f8b1d.jpg,5c5e7e30106c02b5750a6c9bc85f8b1d
3940,datasets/cat_10k/images/5c623b05ccb0101d5e673bf371eebe06.jpg,5c623b05ccb0101d5e673bf371eebe06
3941,datasets/cat_10k/images/5c7995b04d6c16bc93d21acb203276be.jpg,5c7995b04d6c16bc93d21acb203276be
3942,datasets/cat_10k/images/5c83ec905243b4b5210d8ff67e6248e1.jpg,5c83ec905243b4b5210d8ff67e6248e1
3943,datasets/cat_10k/images/5c8b6069ba102ad896a9e1a19dbafa82.jpg,5c8b6069ba102ad896a9e1a19dbafa82
3944,datasets/cat_10k/images/5c9138c7be8db2cca81a6c5e35651480.jpg,5c9138c7be8db2cca81a6c5e35651480
3945,datasets/cat_10k/images/5c93e7b4e30c15d2c904f2eebef7a6c5.jpg,5c93e7b4e30c15d2c904f2eebef7a6c5
3946,datasets/cat_10k/images/5c96914e1982560a1a9a1b3840f6874e.jpg,5c96914e1982560a1a9a1b3840f6874e
3947,datasets/cat_10k/images/5c997bf6e3c3bed28652f5465cb421a7.jpg,5c997bf6e3c3bed28652f5465cb421a7
3948,datasets/cat_10k/images/5c9e1ef54695b4a87b059f4e81067c43.jpg,5c9e1ef54695b4a87b059f4e81067c43
3949,datasets/cat_10k/images/5ca98bada8071c279f878290407b475e.jpg,5ca98bada8071c279f878290407b475e
3950,datasets/cat_10k/images/5cb15418158f5c9b63f6bb1e885de56b.jpg,5cb15418158f5c9b63f6bb1e885de56b
3951,datasets/cat_10k/images/5cb1a069df6e47e3cb7033bcb8bc20d6.jpg,5cb1a069df6e47e3cb7033bcb8bc20d6
3952,datasets/cat_10k/images/5cb63ad0d0f4c54eca88a539dc4e8e80.jpg,5cb63ad0d0f4c54eca88a539dc4e8e80
3953,datasets/cat_10k/images/5ccebfd32610ec8928f668928671a7cf.jpg,5ccebfd32610ec8928f668928671a7cf
3954,datasets/cat_10k/images/5cd93412903296b36b32afe81012fb67.jpg,5cd93412903296b36b32afe81012fb67
3955,datasets/cat_10k/images/5cda95c20f0f5de4cf0c754f4c838d5d.jpg,5cda95c20f0f5de4cf0c754f4c838d5d
3956,datasets/cat_10k/images/5cdaa389f00333170f73792b813e50d5.jpg,5cdaa389f00333170f73792b813e50d5
3957,datasets/cat_10k/images/5cdecc8bd37f32153bae8790e1ea0cfc.jpg,5cdecc8bd37f32153bae8790e1ea0cfc
3958,datasets/cat_10k/images/5ce6e5850d60d6672a08fe8cc38bb0d1.jpg,5ce6e5850d60d6672a08fe8cc38bb0d1
3959,datasets/cat_10k/images/5cecfeb71b08bd515cf58630aaa3a2c0.jpg,5cecfeb71b08bd515cf58630aaa3a2c0
3960,datasets/cat_10k/images/5cfb648228e26ff807cf293df69a1bdb.jpg,5cfb648228e26ff807cf293df69a1bdb
3961,datasets/cat_10k/images/5d0a7767075514204d33e3e9388a8ab4.jpg,5d0a7767075514204d33e3e9388a8ab4
3962,datasets/cat_10k/images/5d167484d0de0ba08354210ac0a124fa.jpg,5d167484d0de0ba08354210ac0a124fa
3963,datasets/cat_10k/images/5d1abb4ce3a4d32149bd0f725dea5a70.jpg,5d1abb4ce3a4d32149bd0f725dea5a70
3964,datasets/cat_10k/images/5d1f7049333719cf72ae95f929366eb3.jpg,5d1f7049333719cf72ae95f929366eb3
3965,datasets/cat_10k/images/5d22ac055b39d7f5b7cee56f26f5a8f5.jpg,5d22ac055b39d7f5b7cee56f26f5a8f5
3966,datasets/cat_10k/images/5d2a256fde31c81140e030a9e095919c.jpg,5d2a256fde31c81140e030a9e095919c
3967,datasets/cat_10k/images/5d2f60f352859321d232c8a549a220bd.jpg,5d2f60f352859321d232c8a549a220bd
3968,datasets/cat_10k/images/5d3987f0c7fe4b10d488738682b730b2.jpg,5d3987f0c7fe4b10d488738682b730b2
3969,datasets/cat_10k/images/5d5262ec4d26fdfd57af7042c4276b7e.jpg,5d5262ec4d26fdfd57af7042c4276b7e
3970,datasets/cat_10k/images/5d5625b791777c29ce2896e25d0ae540.jpg,5d5625b791777c29ce2896e25d0ae540
3971,datasets/cat_10k/images/5d57f721da02ec5498a8f6c4dd87c4cf.jpg,5d57f721da02ec5498a8f6c4dd87c4cf
3972,datasets/cat_10k/images/5d5efd435feb2f554dbb900ca1ced2cc.jpg,5d5efd435feb2f554dbb900ca1ced2cc
3973,datasets/cat_10k/images/5d66b0d12d0a945b53919e300730df07.jpg,5d66b0d12d0a945b53919e300730df07
3974,datasets/cat_10k/images/5d6b238826e7f8ba7dd26072b0b23d10.jpg,5d6b238826e7f8ba7dd26072b0b23d10
3975,datasets/cat_10k/images/5d6c776bc345f0e3bad2dbde08de38b4.jpg,5d6c776bc345f0e3bad2dbde08de38b4
3976,datasets/cat_10k/images/5d6daa5151d7f14a425d00d576d8ecaf.jpg,5d6daa5151d7f14a425d00d576d8ecaf
3977,datasets/cat_10k/images/5d6e7db174555cf6b46602ad61feaada.jpg,5d6e7db174555cf6b46602ad61feaada
3978,datasets/cat_10k/images/5d6f341b45923947f3486db78bba1163.jpg,5d6f341b45923947f3486db78bba1163
3979,datasets/cat_10k/images/5d73e15e0aba7799d8ad39ff578dc774.jpg,5d73e15e0aba7799d8ad39ff578dc774
3980,datasets/cat_10k/images/5d86178c84a262720cdaf67c02bf0aaa.jpg,5d86178c84a262720cdaf67c02bf0aaa
3981,datasets/cat_10k/images/5d92c31abfd6582e44743fb7d614f006.jpg,5d92c31abfd6582e44743fb7d614f006
3982,datasets/cat_10k/images/5d96c5e7e9492f5f1a286f9c95cb2f78.jpg,5d96c5e7e9492f5f1a286f9c95cb2f78
3983,datasets/cat_10k/images/5d9a8e40919a427476507e373b3a0fde.jpg,5d9a8e40919a427476507e373b3a0fde
3984,datasets/cat_10k/images/5d9f0447e86629c77fa4bdd5db273c97.jpg,5d9f0447e86629c77fa4bdd5db273c97
3985,datasets/cat_10k/images/5da56831280966311ef9e280ad03d937.jpg,5da56831280966311ef9e280ad03d937
3986,datasets/cat_10k/images/5dae4c646ccc704a358ccce88002f97d.jpg,5dae4c646ccc704a358ccce88002f97d
3987,datasets/cat_10k/images/5db61096e25de6fcb768a0f4b4b5e46e.jpg,5db61096e25de6fcb768a0f4b4b5e46e
3988,datasets/cat_10k/images/5dce67fbbe6999ddda7136195fa704e1.jpg,5dce67fbbe6999ddda7136195fa704e1
3989,datasets/cat_10k/images/5dd0ec94b1d9315878d2fa4cc7aac9c8.jpg,5dd0ec94b1d9315878d2fa4cc7aac9c8
3990,datasets/cat_10k/images/5de5b44412efad4f9996311301a18da3.jpg,5de5b44412efad4f9996311301a18da3
3991,datasets/cat_10k/images/5df39beb058f07a0bd89349ebf34194b.jpg,5df39beb058f07a0bd89349ebf34194b
3992,datasets/cat_10k/images/5df5a22d7673cc7a9191df79bbc6d503.jpg,5df5a22d7673cc7a9191df79bbc6d503
3993,datasets/cat_10k/images/5dfc0c04929f677175581b8793b8980a.jpg,5dfc0c04929f677175581b8793b8980a
3994,datasets/cat_10k/images/5dfcd7922fa9535bbea809991b18194c.jpg,5dfcd7922fa9535bbea809991b18194c
3995,datasets/cat_10k/images/5dfdea3ce4b6d71164a3183d1b5194ce.jpg,5dfdea3ce4b6d71164a3183d1b5194ce
3996,datasets/cat_10k/images/5dfe92ab7aa3fbd2c4ac70dc6639c712.jpg,5dfe92ab7aa3fbd2c4ac70dc6639c712
3997,datasets/cat_10k/images/5e00fe047362726531b31b3532cd6a1d.jpg,5e00fe047362726531b31b3532cd6a1d
3998,datasets/cat_10k/images/5e02af873f0e6d4212a1ac8ba488b246.jpg,5e02af873f0e6d4212a1ac8ba488b246
3999,datasets/cat_10k/images/5e035efa9b9ec14a79af11ed787f279e.jpg,5e035efa9b9ec14a79af11ed787f279e
4000,datasets/cat_10k/images/5e046a9b03e626f301881283c730c597.jpg,5e046a9b03e626f301881283c730c597
4001,datasets/cat_10k/images/5e0e4e00cf5398b8644910a2c23771d4.jpg,5e0e4e00cf5398b8644910a2c23771d4
4002,datasets/cat_10k/images/5e108c8d6011ae2e2327483dcdae6021.jpg,5e108c8d6011ae2e2327483dcdae6021
4003,datasets/cat_10k/images/5e1153a718aa0eedbfe1ffe001d5c71d.jpg,5e1153a718aa0eedbfe1ffe001d5c71d
4004,datasets/cat_10k/images/5e18d2a8a3a688a32295f22376f1adb8.jpg,5e18d2a8a3a688a32295f22376f1adb8
4005,datasets/cat_10k/images/5e26115356d26d65cdf71829b0793842.jpg,5e26115356d26d65cdf71829b0793842
4006,datasets/cat_10k/images/5e3afc28730588f88be14c031df56f76.jpg,5e3afc28730588f88be14c031df56f76
4007,datasets/cat_10k/images/5e425f82b543c4900dda262b22fffc5e.jpg,5e425f82b543c4900dda262b22fffc5e
4008,datasets/cat_10k/images/5e45bb66548e150fedc05f2f6c918f59.jpg,5e45bb66548e150fedc05f2f6c918f59
4009,datasets/cat_10k/images/5e507706f249e8ce1f9444a7ee11cd2f.jpg,5e507706f249e8ce1f9444a7ee11cd2f
4010,datasets/cat_10k/images/5e51b95667e7cbc32242977a29ed8c74.jpg,5e51b95667e7cbc32242977a29ed8c74
4011,datasets/cat_10k/images/5e57ce6e16eacb6124f199e3d67f1431.jpg,5e57ce6e16eacb6124f199e3d67f1431
4012,datasets/cat_10k/images/5e58d9fde7e6b090ec1a3b4d65c54ef3.jpg,5e58d9fde7e6b090ec1a3b4d65c54ef3
4013,datasets/cat_10k/images/5e5a0d99306d7911ac263cb98958fbe6.jpg,5e5a0d99306d7911ac263cb98958fbe6
4014,datasets/cat_10k/images/5e616dfe1e4528c561424565f4c41426.jpg,5e616dfe1e4528c561424565f4c41426
4015,datasets/cat_10k/images/5e61a94466f9d31c89eafdaf13b373f8.jpg,5e61a94466f9d31c89eafdaf13b373f8
4016,datasets/cat_10k/images/5e6886501e0ad2a2742dd0d6575d21fc.jpg,5e6886501e0ad2a2742dd0d6575d21fc
4017,datasets/cat_10k/images/5e6ca901d14520b4d0df079115f853ee.jpg,5e6ca901d14520b4d0df079115f853ee
4018,datasets/cat_10k/images/5e77bc2f251bd538d772939f3b08ff85.jpg,5e77bc2f251bd538d772939f3b08ff85
4019,datasets/cat_10k/images/5e7dfca1d91ce535787db6514e4c5218.jpg,5e7dfca1d91ce535787db6514e4c5218
4020,datasets/cat_10k/images/5e8269ce6b36a86983a1b3da6b1f1b33.jpg,5e8269ce6b36a86983a1b3da6b1f1b33
4021,datasets/cat_10k/images/5ea49eee3b0acc665f8f67bf368d42f6.jpg,5ea49eee3b0acc665f8f67bf368d42f6
4022,datasets/cat_10k/images/5ea4d8e9ad07adb62157478974538a87.jpg,5ea4d8e9ad07adb62157478974538a87
4023,datasets/cat_10k/images/5ea73c7d6b9bf742a0e2fc54524065d8.jpg,5ea73c7d6b9bf742a0e2fc54524065d8
4024,datasets/cat_10k/images/5eb0c6b2d50d538e43056a4fe9591056.jpg,5eb0c6b2d50d538e43056a4fe9591056
4025,datasets/cat_10k/images/5eb17414109242f28bc34361bd8af648.jpg,5eb17414109242f28bc34361bd8af648
4026,datasets/cat_10k/images/5eb887bfa98bcb6551d318292d60a492.jpg,5eb887bfa98bcb6551d318292d60a492
4027,datasets/cat_10k/images/5ec39a861123bf9d9d6f388f4142fe70.jpg,5ec39a861123bf9d9d6f388f4142fe70
4028,datasets/cat_10k/images/5edbfe42f289f2470c00fbb23e928b4d.jpg,5edbfe42f289f2470c00fbb23e928b4d
4029,datasets/cat_10k/images/5ee4ad7d753dbb826bebf6e0d690fb0d.jpg,5ee4ad7d753dbb826bebf6e0d690fb0d
4030,datasets/cat_10k/images/5ee87b5360cfe3229527e77342c0dcbf.jpg,5ee87b5360cfe3229527e77342c0dcbf
4031,datasets/cat_10k/images/5eecc300cb92e8aa35991c2983bb92bd.jpg,5eecc300cb92e8aa35991c2983bb92bd
4032,datasets/cat_10k/images/5ef541a410275909cb8ef35e89aa8bfc.jpg,5ef541a410275909cb8ef35e89aa8bfc
4033,datasets/cat_10k/images/5ef8d0960e5f5843a47f9c9a94352de1.jpg,5ef8d0960e5f5843a47f9c9a94352de1
4034,datasets/cat_10k/images/5efca973f15285430f96da927542e367.jpg,5efca973f15285430f96da927542e367
4035,datasets/cat_10k/images/5f1c2ed63dfa92ac5055718c57d3247f.jpg,5f1c2ed63dfa92ac5055718c57d3247f
4036,datasets/cat_10k/images/5f28321091af5d6f08acc618ae37a7e7.jpg,5f28321091af5d6f08acc618ae37a7e7
4037,datasets/cat_10k/images/5f2ccd7646acbdfb285ee7695aef97b7.jpg,5f2ccd7646acbdfb285ee7695aef97b7
4038,datasets/cat_10k/images/5f2f31502808dfbf87816105a893828b.jpg,5f2f31502808dfbf87816105a893828b
4039,datasets/cat_10k/images/5f32ad2cf924bd81acc016c1ad7a811d.jpg,5f32ad2cf924bd81acc016c1ad7a811d
4040,datasets/cat_10k/images/5f3870e14f39d08c3e7f16b00aef1b57.jpg,5f3870e14f39d08c3e7f16b00aef1b57
4041,datasets/cat_10k/images/5f3c1642f0b8159352de7ddc2faabee2.jpg,5f3c1642f0b8159352de7ddc2faabee2
4042,datasets/cat_10k/images/5f3f36b8e9f5a852829a69f3ffb0e065.jpg,5f3f36b8e9f5a852829a69f3ffb0e065
4043,datasets/cat_10k/images/5f46882f3fbfe8f590b9c7007d722566.jpg,5f46882f3fbfe8f590b9c7007d722566
4044,datasets/cat_10k/images/5f4dbe68e7dd33d52b7629d52315dd4d.jpg,5f4dbe68e7dd33d52b7629d52315dd4d
4045,datasets/cat_10k/images/5f4e3bb211da3ff30370d7d4f81cb0dc.jpg,5f4e3bb211da3ff30370d7d4f81cb0dc
4046,datasets/cat_10k/images/5f4f5fcd2d2096eef96eb13e49a1ece4.jpg,5f4f5fcd2d2096eef96eb13e49a1ece4
4047,datasets/cat_10k/images/5f5093c2d2295c89dc185af42d1ad60f.jpg,5f5093c2d2295c89dc185af42d1ad60f
4048,datasets/cat_10k/images/5f5eaf9d085edfd6cfbed781804dcc61.jpg,5f5eaf9d085edfd6cfbed781804dcc61
4049,datasets/cat_10k/images/5f7cb5b6a95778adbfdf8c09b64058b9.jpg,5f7cb5b6a95778adbfdf8c09b64058b9
4050,datasets/cat_10k/images/5f82fd446949fd460379132adcc73d63.jpg,5f82fd446949fd460379132adcc73d63
4051,datasets/cat_10k/images/5f954fafa7955a5ead65ac743b93a459.jpg,5f954fafa7955a5ead65ac743b93a459
4052,datasets/cat_10k/images/5f98bdd7b2d9e36aa86bb8358286beee.jpg,5f98bdd7b2d9e36aa86bb8358286beee
4053,datasets/cat_10k/images/5f9d18ea4d1cb926ad63d36c4a0db09e.jpg,5f9d18ea4d1cb926ad63d36c4a0db09e
4054,datasets/cat_10k/images/5f9ebf7a3753b7dec748c6f6b732d931.jpg,5f9ebf7a3753b7dec748c6f6b732d931
4055,datasets/cat_10k/images/5fa45bc68d8caa2b6ee861d0dcd38b7d.jpg,5fa45bc68d8caa2b6ee861d0dcd38b7d
4056,datasets/cat_10k/images/5fa8f653aec6a1bf0920dde3126be6a4.jpg,5fa8f653aec6a1bf0920dde3126be6a4
4057,datasets/cat_10k/images/5fb7644ba02ec8064eca84373b38bf0d.jpg,5fb7644ba02ec8064eca84373b38bf0d
4058,datasets/cat_10k/images/5fb8851d4e1e08f59838b15c7dd27ae9.jpg,5fb8851d4e1e08f59838b15c7dd27ae9
4059,datasets/cat_10k/images/5fbaaf58a8091a80e168f35629bac405.jpg,5fbaaf58a8091a80e168f35629bac405
4060,datasets/cat_10k/images/5fbc4c7e772830981585f7b43c95afbe.jpg,5fbc4c7e772830981585f7b43c95afbe
4061,datasets/cat_10k/images/5fc40dcd93334488ba8a3038b8f77228.jpg,5fc40dcd93334488ba8a3038b8f77228
4062,datasets/cat_10k/images/5fc468ab2df9f13b4193612181a6f5d1.jpg,5fc468ab2df9f13b4193612181a6f5d1
4063,datasets/cat_10k/images/5fe0d31bcd087592c0c7ef6e5c3639f3.jpg,5fe0d31bcd087592c0c7ef6e5c3639f3
4064,datasets/cat_10k/images/5fe53a490b01c27b571bea74abfb916c.jpg,5fe53a490b01c27b571bea74abfb916c
4065,datasets/cat_10k/images/5fec590c7bfefc7bdc1d1680994e51d2.jpg,5fec590c7bfefc7bdc1d1680994e51d2
4066,datasets/cat_10k/images/5ffcf726628c35da8fa1e1a682c3fc50.jpg,5ffcf726628c35da8fa1e1a682c3fc50
4067,datasets/cat_10k/images/6006bee26aa7495bcf5865029c812c2d.jpg,6006bee26aa7495bcf5865029c812c2d
4068,datasets/cat_10k/images/601b9d38eb79b42f91257105944d9082.jpg,601b9d38eb79b42f91257105944d9082
4069,datasets/cat_10k/images/60349cc39dbecbcf064f50ade0c69dd2.jpg,60349cc39dbecbcf064f50ade0c69dd2
4070,datasets/cat_10k/images/6034cf102ac76fdf0ff2040890e7e609.jpg,6034cf102ac76fdf0ff2040890e7e609
4071,datasets/cat_10k/images/605200480d272c60788e80b34ff42e47.jpg,605200480d272c60788e80b34ff42e47
4072,datasets/cat_10k/images/605484d132865b858f3b3ef5cdfe4da1.jpg,605484d132865b858f3b3ef5cdfe4da1
4073,datasets/cat_10k/images/6059b3ea50839d59f0b10d365d0fe7f2.jpg,6059b3ea50839d59f0b10d365d0fe7f2
4074,datasets/cat_10k/images/606f65b8a1851a7b0818b31d168a86d2.jpg,606f65b8a1851a7b0818b31d168a86d2
4075,datasets/cat_10k/images/6076187fbdef84dabfd4c6d4b9692332.jpg,6076187fbdef84dabfd4c6d4b9692332
4076,datasets/cat_10k/images/6082017f46e168dfdaa32fd32cef6ec9.jpg,6082017f46e168dfdaa32fd32cef6ec9
4077,datasets/cat_10k/images/60860182b289c8e4bdadaefc58070eaf.jpg,60860182b289c8e4bdadaefc58070eaf
4078,datasets/cat_10k/images/608875f4dddb24a8bb2e247c56e62ae2.jpg,608875f4dddb24a8bb2e247c56e62ae2
4079,datasets/cat_10k/images/60934f7747d6511c758dd90d4a5369bd.jpg,60934f7747d6511c758dd90d4a5369bd
4080,datasets/cat_10k/images/6097b418082daa0e75b269ef5faa405f.jpg,6097b418082daa0e75b269ef5faa405f
4081,datasets/cat_10k/images/60a65ba5081a90abd740c6e4eeb337c2.jpg,60a65ba5081a90abd740c6e4eeb337c2
4082,datasets/cat_10k/images/60b1794c152ad4ee785162fd09d3c72b.jpg,60b1794c152ad4ee785162fd09d3c72b
4083,datasets/cat_10k/images/60b33c6eae2c6a925d41c449e288ba9b.jpg,60b33c6eae2c6a925d41c449e288ba9b
4084,datasets/cat_10k/images/60b352cdbe91648b7368bd1e414bcc98.jpg,60b352cdbe91648b7368bd1e414bcc98
4085,datasets/cat_10k/images/60caaea3ffc3674dffd2250749808898.jpg,60caaea3ffc3674dffd2250749808898
4086,datasets/cat_10k/images/60d0f3a729febbb56fdf87c314586cfb.jpg,60d0f3a729febbb56fdf87c314586cfb
4087,datasets/cat_10k/images/60d1727a1e361daf1c1967d97742d3f5.jpg,60d1727a1e361daf1c1967d97742d3f5
4088,datasets/cat_10k/images/60d6da0275b74e6c406bb2eafaabb9fc.jpg,60d6da0275b74e6c406bb2eafaabb9fc
4089,datasets/cat_10k/images/60d9075522cae9537cc54574526a9ded.jpg,60d9075522cae9537cc54574526a9ded
4090,datasets/cat_10k/images/60e76b05491b448331bcf60e2b0d59b8.jpg,60e76b05491b448331bcf60e2b0d59b8
4091,datasets/cat_10k/images/60e81a9ebdd57569ff831bf2bed34058.jpg,60e81a9ebdd57569ff831bf2bed34058
4092,datasets/cat_10k/images/60f992a0fb155dbf148261ed54fb9888.jpg,60f992a0fb155dbf148261ed54fb9888
4093,datasets/cat_10k/images/60fd741b4e05e35872cf5c2e0440b9cb.jpg,60fd741b4e05e35872cf5c2e0440b9cb
4094,datasets/cat_10k/images/60fde2d5afa96bbe2a45c9c64e0e14c7.jpg,60fde2d5afa96bbe2a45c9c64e0e14c7
4095,datasets/cat_10k/images/6100f0eab76a3117008f0fd7fe3dbb4a.jpg,6100f0eab76a3117008f0fd7fe3dbb4a
4096,datasets/cat_10k/images/610253187e7f6512224efeeca616001a.jpg,610253187e7f6512224efeeca616001a
4097,datasets/cat_10k/images/610ea9d98b82fe6a609f9f56201b57b4.jpg,610ea9d98b82fe6a609f9f56201b57b4
4098,datasets/cat_10k/images/610fa400b42b9a24fb7dbca05826957f.jpg,610fa400b42b9a24fb7dbca05826957f
4099,datasets/cat_10k/images/613ed939a05e50ed92a03a2820a1952a.jpg,613ed939a05e50ed92a03a2820a1952a
4100,datasets/cat_10k/images/61435a95b434142cba6bea2853c69eb3.jpg,61435a95b434142cba6bea2853c69eb3
4101,datasets/cat_10k/images/614570de5c8d1e99be1d1a834b2d0f6a.jpg,614570de5c8d1e99be1d1a834b2d0f6a
4102,datasets/cat_10k/images/614870c886ac0cbcfc027b2eb4692f1f.jpg,614870c886ac0cbcfc027b2eb4692f1f
4103,datasets/cat_10k/images/614931c5bda6e925fda25d66d308330c.jpg,614931c5bda6e925fda25d66d308330c
4104,datasets/cat_10k/images/615dba45e709d12c4e3adfabfd639a90.jpg,615dba45e709d12c4e3adfabfd639a90
4105,datasets/cat_10k/images/615f80618a4bcdfa2f8c1aa9aae7cd75.jpg,615f80618a4bcdfa2f8c1aa9aae7cd75
4106,datasets/cat_10k/images/61606adec1f7b2b0a48a1d1a95d98a27.jpg,61606adec1f7b2b0a48a1d1a95d98a27
4107,datasets/cat_10k/images/61613894377db01aea740f3a8ea33537.jpg,61613894377db01aea740f3a8ea33537
4108,datasets/cat_10k/images/617bf916fb1287df6adc91b1cb3da2e2.jpg,617bf916fb1287df6adc91b1cb3da2e2
4109,datasets/cat_10k/images/6182ad1858233fcfed2ce270d1ff9ff9.jpg,6182ad1858233fcfed2ce270d1ff9ff9
4110,datasets/cat_10k/images/618569fe21b32292d0beb03ad9516928.jpg,618569fe21b32292d0beb03ad9516928
4111,datasets/cat_10k/images/619d5f1b855f8c7040d116cf9a18c1ca.jpg,619d5f1b855f8c7040d116cf9a18c1ca
4112,datasets/cat_10k/images/619f37359317c9c3216692e9a96fc4e3.jpg,619f37359317c9c3216692e9a96fc4e3
4113,datasets/cat_10k/images/61a4d1cf344e770d6463766fa5f167bc.jpg,61a4d1cf344e770d6463766fa5f167bc
4114,datasets/cat_10k/images/61a50d56733aefc1f67c1a08317025e8.jpg,61a50d56733aefc1f67c1a08317025e8
4115,datasets/cat_10k/images/61a5776cf61575dc39181dde66bb3d6a.jpg,61a5776cf61575dc39181dde66bb3d6a
4116,datasets/cat_10k/images/61b75bc99ec06d4c43ba9aba9290c6cf.jpg,61b75bc99ec06d4c43ba9aba9290c6cf
4117,datasets/cat_10k/images/61ba9f7d11180a6cc867a8566474f811.jpg,61ba9f7d11180a6cc867a8566474f811
4118,datasets/cat_10k/images/61bc6ee5b898a40ae2d93fa2434e15ef.jpg,61bc6ee5b898a40ae2d93fa2434e15ef
4119,datasets/cat_10k/images/61bce231ad09286ecee61a9cf4ef49c9.jpg,61bce231ad09286ecee61a9cf4ef49c9
4120,datasets/cat_10k/images/61beb0aa7dfe66ac973dcfcda3f39d0c.jpg,61beb0aa7dfe66ac973dcfcda3f39d0c
4121,datasets/cat_10k/images/61bf20aa4c6b4a1e82b86ba3e26ae568.jpg,61bf20aa4c6b4a1e82b86ba3e26ae568
4122,datasets/cat_10k/images/61c31ff241c2e6a60bffe5884eddabbb.jpg,61c31ff241c2e6a60bffe5884eddabbb
4123,datasets/cat_10k/images/61c9d3f658e406ca89b69fd5d6be0241.jpg,61c9d3f658e406ca89b69fd5d6be0241
4124,datasets/cat_10k/images/61cc1baa0ad36e67cf55e46af0926797.jpg,61cc1baa0ad36e67cf55e46af0926797
4125,datasets/cat_10k/images/61d0fbb4ed1101bb282e50ad8294378e.jpg,61d0fbb4ed1101bb282e50ad8294378e
4126,datasets/cat_10k/images/61d1d00104f3edf48d2c923af97f629c.jpg,61d1d00104f3edf48d2c923af97f629c
4127,datasets/cat_10k/images/61e677c3e9f776d0b4a535017e2cd9d0.jpg,61e677c3e9f776d0b4a535017e2cd9d0
4128,datasets/cat_10k/images/61e9fb962ea15ecfd736cb34cacca920.jpg,61e9fb962ea15ecfd736cb34cacca920
4129,datasets/cat_10k/images/61eb1c735ac7e649608715f6fa9d7111.jpg,61eb1c735ac7e649608715f6fa9d7111
4130,datasets/cat_10k/images/61ed59292d591a6e669e186f1e070d64.jpg,61ed59292d591a6e669e186f1e070d64
4131,datasets/cat_10k/images/6202f2da7b6a019187b5fbd27c892ac0.jpg,6202f2da7b6a019187b5fbd27c892ac0
4132,datasets/cat_10k/images/6206134435c687dce6bb9626dd467c5d.jpg,6206134435c687dce6bb9626dd467c5d
4133,datasets/cat_10k/images/620df14b4e675f9f612a0397d6fbe691.jpg,620df14b4e675f9f612a0397d6fbe691
4134,datasets/cat_10k/images/621b705468d1698285475fdda3d5cb43.jpg,621b705468d1698285475fdda3d5cb43
4135,datasets/cat_10k/images/621f162fd9024f74218abcf815c01314.jpg,621f162fd9024f74218abcf815c01314
4136,datasets/cat_10k/images/622a63c8701a11b96747ac00d1f2f7b6.jpg,622a63c8701a11b96747ac00d1f2f7b6
4137,datasets/cat_10k/images/622ab0def1278621103d63111e582a3d.jpg,622ab0def1278621103d63111e582a3d
4138,datasets/cat_10k/images/622dd9624aeb1b115304e65a7ca1607c.jpg,622dd9624aeb1b115304e65a7ca1607c
4139,datasets/cat_10k/images/622ef4849fa2495b9a040e1ce444a67f.jpg,622ef4849fa2495b9a040e1ce444a67f
4140,datasets/cat_10k/images/6242187fd07cda174b1733fa7440871c.jpg,6242187fd07cda174b1733fa7440871c
4141,datasets/cat_10k/images/6244ff00fd73b6d56be1f607cb850280.jpg,6244ff00fd73b6d56be1f607cb850280
4142,datasets/cat_10k/images/624a22f7fd85b442d819bac5c9bb3821.jpg,624a22f7fd85b442d819bac5c9bb3821
4143,datasets/cat_10k/images/62611f0487969ab168cab50a371504a4.jpg,62611f0487969ab168cab50a371504a4
4144,datasets/cat_10k/images/62883f9f87b1f63ce86ccdd94453f52c.jpg,62883f9f87b1f63ce86ccdd94453f52c
4145,datasets/cat_10k/images/629078cc3d81ab3fd37cd00cfd013afb.jpg,629078cc3d81ab3fd37cd00cfd013afb
4146,datasets/cat_10k/images/6298fb87a044e97aafaeef53f52a0b84.jpg,6298fb87a044e97aafaeef53f52a0b84
4147,datasets/cat_10k/images/629b5bac1b69f0a2ff784cce426c99f1.jpg,629b5bac1b69f0a2ff784cce426c99f1
4148,datasets/cat_10k/images/62b67107a9d5273b106de816678d31d9.jpg,62b67107a9d5273b106de816678d31d9
4149,datasets/cat_10k/images/62b6b86585a08b417df7a0c340a90c44.jpg,62b6b86585a08b417df7a0c340a90c44
4150,datasets/cat_10k/images/62b9ff7cbca56963981bc0809ae2d629.jpg,62b9ff7cbca56963981bc0809ae2d629
4151,datasets/cat_10k/images/62c5c94158235aa56591ce933a5fa551.jpg,62c5c94158235aa56591ce933a5fa551
4152,datasets/cat_10k/images/62d04fd623d69daab880e398b7fc4486.jpg,62d04fd623d69daab880e398b7fc4486
4153,datasets/cat_10k/images/62d147998451b772452593a044039ba3.jpg,62d147998451b772452593a044039ba3
4154,datasets/cat_10k/images/62e5a8e23c1767a3ddea536cc0441bdc.jpg,62e5a8e23c1767a3ddea536cc0441bdc
4155,datasets/cat_10k/images/62ec0818fdbee1bd886535857fb7b44d.jpg,62ec0818fdbee1bd886535857fb7b44d
4156,datasets/cat_10k/images/62ec7b979a7609c9c7f29eb3629711cd.jpg,62ec7b979a7609c9c7f29eb3629711cd
4157,datasets/cat_10k/images/62ec9cfc126e848ab3ec1ba6b21938b0.jpg,62ec9cfc126e848ab3ec1ba6b21938b0
4158,datasets/cat_10k/images/62ed58158abc166d7cf7a434426b8b71.jpg,62ed58158abc166d7cf7a434426b8b71
4159,datasets/cat_10k/images/62fb6b072bcf193cadbd243bda3dae59.jpg,62fb6b072bcf193cadbd243bda3dae59
4160,datasets/cat_10k/images/630cd70e42ef5c2e014f74ffebfd0cf8.jpg,630cd70e42ef5c2e014f74ffebfd0cf8
4161,datasets/cat_10k/images/630ffd9e1030df9c4e06288e498adf38.jpg,630ffd9e1030df9c4e06288e498adf38
4162,datasets/cat_10k/images/6314ca4d2cac43138b68ee12b7658a2d.jpg,6314ca4d2cac43138b68ee12b7658a2d
4163,datasets/cat_10k/images/6317627c6f32c4b46b665dba564f3130.jpg,6317627c6f32c4b46b665dba564f3130
4164,datasets/cat_10k/images/6318c400415bd3f4e6e6a98eb1f859cf.jpg,6318c400415bd3f4e6e6a98eb1f859cf
4165,datasets/cat_10k/images/631ab2cb4f9909db6c2dbf63ad3620ca.jpg,631ab2cb4f9909db6c2dbf63ad3620ca
4166,datasets/cat_10k/images/632a46b3a933fc16c5d10e5b0b9b3044.jpg,632a46b3a933fc16c5d10e5b0b9b3044
4167,datasets/cat_10k/images/632b543ce229ff5f07562cca7b90328a.jpg,632b543ce229ff5f07562cca7b90328a
4168,datasets/cat_10k/images/632f0888bd1fd539da03e48df0a52e1d.jpg,632f0888bd1fd539da03e48df0a52e1d
4169,datasets/cat_10k/images/633de4f7982495d2ccd6afd8d4439c6e.jpg,633de4f7982495d2ccd6afd8d4439c6e
4170,datasets/cat_10k/images/634b05f76c518450d35398e8f105bfa4.jpg,634b05f76c518450d35398e8f105bfa4
4171,datasets/cat_10k/images/6350bac766cba38e30776457b0c6e099.jpg,6350bac766cba38e30776457b0c6e099
4172,datasets/cat_10k/images/63517adaa6e6c5feaba5f75f8d7b4a0e.jpg,63517adaa6e6c5feaba5f75f8d7b4a0e
4173,datasets/cat_10k/images/6359a6494ac9cc53f46bb00a3a758f6a.jpg,6359a6494ac9cc53f46bb00a3a758f6a
4174,datasets/cat_10k/images/635cd5bd078d59e7d2514b71284c8d4b.jpg,635cd5bd078d59e7d2514b71284c8d4b
4175,datasets/cat_10k/images/63618e44d79e758cf430f8d9903238c4.jpg,63618e44d79e758cf430f8d9903238c4
4176,datasets/cat_10k/images/6368cd14893432975be54bd7f85bdf31.jpg,6368cd14893432975be54bd7f85bdf31
4177,datasets/cat_10k/images/636eb8852e4a7c60aa7cf81a440d8690.jpg,636eb8852e4a7c60aa7cf81a440d8690
4178,datasets/cat_10k/images/637806edbac134d6cb4f1cfb9cbcff20.jpg,637806edbac134d6cb4f1cfb9cbcff20
4179,datasets/cat_10k/images/637f40477e4a9e95cd8c60042f640637.jpg,637f40477e4a9e95cd8c60042f640637
4180,datasets/cat_10k/images/638924cbd68c6b21f494c30702ec99d0.jpg,638924cbd68c6b21f494c30702ec99d0
4181,datasets/cat_10k/images/6394336f8b7d9b94a649f83d143eb5a7.jpg,6394336f8b7d9b94a649f83d143eb5a7
4182,datasets/cat_10k/images/639e15558387569da40f983b38968c61.jpg,639e15558387569da40f983b38968c61
4183,datasets/cat_10k/images/63a0c23fd526b87e2cb802fb97692e73.jpg,63a0c23fd526b87e2cb802fb97692e73
4184,datasets/cat_10k/images/63bfa0393d0b9611dc9d414fadc25938.jpg,63bfa0393d0b9611dc9d414fadc25938
4185,datasets/cat_10k/images/63c1a8719062685372cc36fe9de52f6b.jpg,63c1a8719062685372cc36fe9de52f6b
4186,datasets/cat_10k/images/63ca6666da642e731a0f257b91bcd0a3.jpg,63ca6666da642e731a0f257b91bcd0a3
4187,datasets/cat_10k/images/63e0c4fcd1aee88b66e2e7fb40767e6d.jpg,63e0c4fcd1aee88b66e2e7fb40767e6d
4188,datasets/cat_10k/images/63e3428a2eb3d16c12b129433d432393.jpg,63e3428a2eb3d16c12b129433d432393
4189,datasets/cat_10k/images/63f7ddd6f7006937f74f32c3d2726c93.jpg,63f7ddd6f7006937f74f32c3d2726c93
4190,datasets/cat_10k/images/63fb28eacfcb60f6df9c3666fe83645d.jpg,63fb28eacfcb60f6df9c3666fe83645d
4191,datasets/cat_10k/images/63fbd134389c2dd4cf4ea43bc42a478a.jpg,63fbd134389c2dd4cf4ea43bc42a478a
4192,datasets/cat_10k/images/63fece5fcd4b0d2449040752158a6e4e.jpg,63fece5fcd4b0d2449040752158a6e4e
4193,datasets/cat_10k/images/64022bfab99e28916b5ec20319c04185.jpg,64022bfab99e28916b5ec20319c04185
4194,datasets/cat_10k/images/6406e8ac18eef664c8bd953126ecd4d4.jpg,6406e8ac18eef664c8bd953126ecd4d4
4195,datasets/cat_10k/images/64254dbc998f2b5c563f3e5125b13e9f.jpg,64254dbc998f2b5c563f3e5125b13e9f
4196,datasets/cat_10k/images/64266778d799c2226774eeea9b4f94d9.jpg,64266778d799c2226774eeea9b4f94d9
4197,datasets/cat_10k/images/642ae5833ad0389e9374a1be4a4ae03d.jpg,642ae5833ad0389e9374a1be4a4ae03d
4198,datasets/cat_10k/images/642bc1ccfe86956c8074a5dceb6aa4ec.jpg,642bc1ccfe86956c8074a5dceb6aa4ec
4199,datasets/cat_10k/images/643a39879ecf2d4b912703e497ede926.jpg,643a39879ecf2d4b912703e497ede926
4200,datasets/cat_10k/images/643a6b5af9481d131eda1ce91c2b0133.jpg,643a6b5af9481d131eda1ce91c2b0133
4201,datasets/cat_10k/images/64434c5c19e4b645c9f1f4d5dc17245d.jpg,64434c5c19e4b645c9f1f4d5dc17245d
4202,datasets/cat_10k/images/644466f2e4d3ce8330f54b2d574af540.jpg,644466f2e4d3ce8330f54b2d574af540
4203,datasets/cat_10k/images/64685d35b31664511151f19f3c5885a5.jpg,64685d35b31664511151f19f3c5885a5
4204,datasets/cat_10k/images/647200df929b4760fb35aa542fe0f11a.jpg,647200df929b4760fb35aa542fe0f11a
4205,datasets/cat_10k/images/6479f1c5b9965264db3c45ebd4bec997.jpg,6479f1c5b9965264db3c45ebd4bec997
4206,datasets/cat_10k/images/64809fc9298d85f9efddec9599f948f3.jpg,64809fc9298d85f9efddec9599f948f3
4207,datasets/cat_10k/images/648e48ffbd2acb10cefede6a868c0184.jpg,648e48ffbd2acb10cefede6a868c0184
4208,datasets/cat_10k/images/64954e48f712c3d99db6d47136fc5e7f.jpg,64954e48f712c3d99db6d47136fc5e7f
4209,datasets/cat_10k/images/6495511382aca6e9f28f581645546f85.jpg,6495511382aca6e9f28f581645546f85
4210,datasets/cat_10k/images/649557ebc60e1c65caaf5c9970f71169.jpg,649557ebc60e1c65caaf5c9970f71169
4211,datasets/cat_10k/images/6495973a099840b52141f98b90aa7a28.jpg,6495973a099840b52141f98b90aa7a28
4212,datasets/cat_10k/images/649ace43f281e0394891c4ab90c2a4e7.jpg,649ace43f281e0394891c4ab90c2a4e7
4213,datasets/cat_10k/images/649cf7b79e2ef9b2aa5d8327a44d92b4.jpg,649cf7b79e2ef9b2aa5d8327a44d92b4
4214,datasets/cat_10k/images/649da4e51da1dd1ef0bd3e48d4e1f3de.jpg,649da4e51da1dd1ef0bd3e48d4e1f3de
4215,datasets/cat_10k/images/64a6d3a47123e93acf47e853050b09cf.jpg,64a6d3a47123e93acf47e853050b09cf
4216,datasets/cat_10k/images/64ae802584c411bc3f3d39059ae69dc6.jpg,64ae802584c411bc3f3d39059ae69dc6
4217,datasets/cat_10k/images/64b3539fb2c2849e3a6eb01aef4472ca.jpg,64b3539fb2c2849e3a6eb01aef4472ca
4218,datasets/cat_10k/images/64b377845cf28d4c78f1a704f3967b63.jpg,64b377845cf28d4c78f1a704f3967b63
4219,datasets/cat_10k/images/64b8bc8cd4a54201118c0e67bcc781b1.jpg,64b8bc8cd4a54201118c0e67bcc781b1
4220,datasets/cat_10k/images/64be4615ea85dea8152f7b3239939234.jpg,64be4615ea85dea8152f7b3239939234
4221,datasets/cat_10k/images/64c4ab84182427004f5947711255f6b8.jpg,64c4ab84182427004f5947711255f6b8
4222,datasets/cat_10k/images/64c55c80cc78cb54d6ba2c6015d220bc.jpg,64c55c80cc78cb54d6ba2c6015d220bc
4223,datasets/cat_10k/images/64c71fe9d0f2a329fc816bd2a57add0a.jpg,64c71fe9d0f2a329fc816bd2a57add0a
4224,datasets/cat_10k/images/64ce410c4d0f804e3538373845712b92.jpg,64ce410c4d0f804e3538373845712b92
4225,datasets/cat_10k/images/64d27606257c1d51920aabd3792fae09.jpg,64d27606257c1d51920aabd3792fae09
4226,datasets/cat_10k/images/64d2d927bfa48382e3712a03b5698038.jpg,64d2d927bfa48382e3712a03b5698038
4227,datasets/cat_10k/images/64e0ca8f7264fbb213f6f44371f97114.jpg,64e0ca8f7264fbb213f6f44371f97114
4228,datasets/cat_10k/images/64e4947fd5af2e030194bafc9e345ba4.jpg,64e4947fd5af2e030194bafc9e345ba4
4229,datasets/cat_10k/images/64e7d317f0abda3bc0e23e0254287025.jpg,64e7d317f0abda3bc0e23e0254287025
4230,datasets/cat_10k/images/64e7fbd905f4b8a25af8900819fb292c.jpg,64e7fbd905f4b8a25af8900819fb292c
4231,datasets/cat_10k/images/64eb20fd578f0aaf9b85bf21a4c3e900.jpg,64eb20fd578f0aaf9b85bf21a4c3e900
4232,datasets/cat_10k/images/64eeb8f7adcb889d4aeb2702b2763a6b.jpg,64eeb8f7adcb889d4aeb2702b2763a6b
4233,datasets/cat_10k/images/64f482b1c0f9b7f375efdaabe8dfc4d8.jpg,64f482b1c0f9b7f375efdaabe8dfc4d8
4234,datasets/cat_10k/images/64f918306f4f3aa7cc55101d3588c979.jpg,64f918306f4f3aa7cc55101d3588c979
4235,datasets/cat_10k/images/64f940f1215a1a4583f15c2d155e81f0.jpg,64f940f1215a1a4583f15c2d155e81f0
4236,datasets/cat_10k/images/64fe9391ee2aef7c33486f5cf1ee56ef.jpg,64fe9391ee2aef7c33486f5cf1ee56ef
4237,datasets/cat_10k/images/64ff130dc6cac9916aa694b40ca7b477.jpg,64ff130dc6cac9916aa694b40ca7b477
4238,datasets/cat_10k/images/65016e004689073d975ce574c7b8f430.jpg,65016e004689073d975ce574c7b8f430
4239,datasets/cat_10k/images/650452ff8d7d30ea969658a421fc36c0.jpg,650452ff8d7d30ea969658a421fc36c0
4240,datasets/cat_10k/images/6506eeb0f6b8c1cefa521cec544cd74a.jpg,6506eeb0f6b8c1cefa521cec544cd74a
4241,datasets/cat_10k/images/650a4fd67bc7251ad1265c0822e35edb.jpg,650a4fd67bc7251ad1265c0822e35edb
4242,datasets/cat_10k/images/651dff3d5c70e5d3b72f3af1d7cf42af.jpg,651dff3d5c70e5d3b72f3af1d7cf42af
4243,datasets/cat_10k/images/651f7b15b969ccb08a48b320d33a7067.jpg,651f7b15b969ccb08a48b320d33a7067
4244,datasets/cat_10k/images/6531ee415e6f8a463067c3ee9b203937.jpg,6531ee415e6f8a463067c3ee9b203937
4245,datasets/cat_10k/images/653517fdaa22361b320208b5f94b32bf.jpg,653517fdaa22361b320208b5f94b32bf
4246,datasets/cat_10k/images/6538e7d88bb14af6755570731626c06c.jpg,6538e7d88bb14af6755570731626c06c
4247,datasets/cat_10k/images/653990b9bc79d5bd8fe72cdfe74b010b.jpg,653990b9bc79d5bd8fe72cdfe74b010b
4248,datasets/cat_10k/images/6544cf9e4c9d2efa155471f2d649a1f8.jpg,6544cf9e4c9d2efa155471f2d649a1f8
4249,datasets/cat_10k/images/6552623f0e25654ef5db7cdafc35b6b0.jpg,6552623f0e25654ef5db7cdafc35b6b0
4250,datasets/cat_10k/images/6554822c38c4f7d60b07f90c95b2d434.jpg,6554822c38c4f7d60b07f90c95b2d434
4251,datasets/cat_10k/images/65593dcff9573102aacd9a2c8e67145b.jpg,65593dcff9573102aacd9a2c8e67145b
4252,datasets/cat_10k/images/655beebc6210496b4f9d5ab0fa6d7481.jpg,655beebc6210496b4f9d5ab0fa6d7481
4253,datasets/cat_10k/images/655fb3539c3c100e9db270706bd4ea5e.jpg,655fb3539c3c100e9db270706bd4ea5e
4254,datasets/cat_10k/images/6565bd27a11467543348d43fd43d583b.jpg,6565bd27a11467543348d43fd43d583b
4255,datasets/cat_10k/images/656bf97a93e0ac8186818abf53ecd0eb.jpg,656bf97a93e0ac8186818abf53ecd0eb
4256,datasets/cat_10k/images/6570b9f22c2d23b2d279ab81387a64de.jpg,6570b9f22c2d23b2d279ab81387a64de
4257,datasets/cat_10k/images/6577cba3e50749158489c0dc3f798905.jpg,6577cba3e50749158489c0dc3f798905
4258,datasets/cat_10k/images/6579749b13dd93e1fa6c10b90810bba4.jpg,6579749b13dd93e1fa6c10b90810bba4
4259,datasets/cat_10k/images/65811cf439880670a92ef9a978ba348e.jpg,65811cf439880670a92ef9a978ba348e
4260,datasets/cat_10k/images/658800c973cb3eaecb7cb98fd13362b9.jpg,658800c973cb3eaecb7cb98fd13362b9
4261,datasets/cat_10k/images/659430fe54eceba52674d3f6d40f9ad2.jpg,659430fe54eceba52674d3f6d40f9ad2
4262,datasets/cat_10k/images/659bc2a2f98ee4e3efd89fbca9aa8e52.jpg,659bc2a2f98ee4e3efd89fbca9aa8e52
4263,datasets/cat_10k/images/659c93148b6c8c770c16dba1a39bff5f.jpg,659c93148b6c8c770c16dba1a39bff5f
4264,datasets/cat_10k/images/659ea44236c7ac087c4464007c73aa55.jpg,659ea44236c7ac087c4464007c73aa55
4265,datasets/cat_10k/images/65a77f11da9f253b44d84599ba1ca679.jpg,65a77f11da9f253b44d84599ba1ca679
4266,datasets/cat_10k/images/65ae23f3a29aa04598c856a6003dcc42.jpg,65ae23f3a29aa04598c856a6003dcc42
4267,datasets/cat_10k/images/65b931495f8b7d40568a2b3e3699f38b.jpg,65b931495f8b7d40568a2b3e3699f38b
4268,datasets/cat_10k/images/65cda2e33432af341051cac76feeeda2.jpg,65cda2e33432af341051cac76feeeda2
4269,datasets/cat_10k/images/65dee75dc07efc38efdb9f2b6e7511dc.jpg,65dee75dc07efc38efdb9f2b6e7511dc
4270,datasets/cat_10k/images/65e2caecfc7b43b7824281fbdd28faf6.jpg,65e2caecfc7b43b7824281fbdd28faf6
4271,datasets/cat_10k/images/65e4e8335a3603f167626ccd9a3319c7.jpg,65e4e8335a3603f167626ccd9a3319c7
4272,datasets/cat_10k/images/65ef3b7d8b418d9a69d835dd4f93dd39.jpg,65ef3b7d8b418d9a69d835dd4f93dd39
4273,datasets/cat_10k/images/6604a054f0dd7c9baa990f708a9158a9.jpg,6604a054f0dd7c9baa990f708a9158a9
4274,datasets/cat_10k/images/660a2e6f302225d140877e482abb8d56.jpg,660a2e6f302225d140877e482abb8d56
4275,datasets/cat_10k/images/660b27ae728db5aef3a7939863c599b9.jpg,660b27ae728db5aef3a7939863c599b9
4276,datasets/cat_10k/images/661901afaa89598444db787d837b5fa9.jpg,661901afaa89598444db787d837b5fa9
4277,datasets/cat_10k/images/661939fe8a3e36a3d6085eb3e7ce2919.jpg,661939fe8a3e36a3d6085eb3e7ce2919
4278,datasets/cat_10k/images/662204d2d8d799c66510815223217cb7.jpg,662204d2d8d799c66510815223217cb7
4279,datasets/cat_10k/images/662c0f1b516da7c36d62db35b348a986.jpg,662c0f1b516da7c36d62db35b348a986
4280,datasets/cat_10k/images/663026e20586604e19a63998d93e615b.jpg,663026e20586604e19a63998d93e615b
4281,datasets/cat_10k/images/66309c456b3985d31acc2752666421d2.jpg,66309c456b3985d31acc2752666421d2
4282,datasets/cat_10k/images/663bdc9264e5891145597b7f90b33991.jpg,663bdc9264e5891145597b7f90b33991
4283,datasets/cat_10k/images/6642f918dbfbddd507247cb673e029bc.jpg,6642f918dbfbddd507247cb673e029bc
4284,datasets/cat_10k/images/6649017e8abba0443753419f6e0e94c4.jpg,6649017e8abba0443753419f6e0e94c4
4285,datasets/cat_10k/images/664f871e45e9d007b2f9c3c3d698c87e.jpg,664f871e45e9d007b2f9c3c3d698c87e
4286,datasets/cat_10k/images/665fd4a166485d1f5e685d09f0ce5f33.jpg,665fd4a166485d1f5e685d09f0ce5f33
4287,datasets/cat_10k/images/6662d0c926376171db520bad9cb086c4.jpg,6662d0c926376171db520bad9cb086c4
4288,datasets/cat_10k/images/6676bd99bccf3474056c6a7b7527f1bf.jpg,6676bd99bccf3474056c6a7b7527f1bf
4289,datasets/cat_10k/images/667a666e40d1d80f2000b2be51427f8d.jpg,667a666e40d1d80f2000b2be51427f8d
4290,datasets/cat_10k/images/667cb51f0151fcf26ab5cad51303941b.jpg,667cb51f0151fcf26ab5cad51303941b
4291,datasets/cat_10k/images/66805b7bc38c1d5728965fcfc56a0f30.jpg,66805b7bc38c1d5728965fcfc56a0f30
4292,datasets/cat_10k/images/6685f4d4f04676ed4b54f6e99669b323.jpg,6685f4d4f04676ed4b54f6e99669b323
4293,datasets/cat_10k/images/6685f6436b74441794cd57dec046961d.jpg,6685f6436b74441794cd57dec046961d
4294,datasets/cat_10k/images/668d463540d10fa305e7cddc73331980.jpg,668d463540d10fa305e7cddc73331980
4295,datasets/cat_10k/images/6697de176923fbab328b1c806c82ad5d.jpg,6697de176923fbab328b1c806c82ad5d
4296,datasets/cat_10k/images/669b1b506e8d6a42b0148f9609e22d6b.jpg,669b1b506e8d6a42b0148f9609e22d6b
4297,datasets/cat_10k/images/669b355bcd3511322f3221e872d33b2d.jpg,669b355bcd3511322f3221e872d33b2d
4298,datasets/cat_10k/images/66a224a8a31c43bd24971503679faf26.jpg,66a224a8a31c43bd24971503679faf26
4299,datasets/cat_10k/images/66a69d4adac42528762f186a474c05d1.jpg,66a69d4adac42528762f186a474c05d1
4300,datasets/cat_10k/images/66a9ca9ba03e86d2b4901a363ec1c454.jpg,66a9ca9ba03e86d2b4901a363ec1c454
4301,datasets/cat_10k/images/66b29ed0198dda0f73574874549914c5.jpg,66b29ed0198dda0f73574874549914c5
4302,datasets/cat_10k/images/66e106f43049c759505f03a12f06e78f.jpg,66e106f43049c759505f03a12f06e78f
4303,datasets/cat_10k/images/66e9020a94b5ce79588c876ae6349b1b.jpg,66e9020a94b5ce79588c876ae6349b1b
4304,datasets/cat_10k/images/66eb82ad2c54a8f8b25ce0c326d93e9f.jpg,66eb82ad2c54a8f8b25ce0c326d93e9f
4305,datasets/cat_10k/images/66ec2dc76f80241eb74f657eab17bbd8.jpg,66ec2dc76f80241eb74f657eab17bbd8
4306,datasets/cat_10k/images/66ef8326b25699dfe1d9552ca97f3b6e.jpg,66ef8326b25699dfe1d9552ca97f3b6e
4307,datasets/cat_10k/images/66ef9c4f48af81cab78b88eca7a9469a.jpg,66ef9c4f48af81cab78b88eca7a9469a
4308,datasets/cat_10k/images/66fcada4848881aff3ad7d176b963db1.jpg,66fcada4848881aff3ad7d176b963db1
4309,datasets/cat_10k/images/6703266e2867f07bd8bb21e46309bde4.jpg,6703266e2867f07bd8bb21e46309bde4
4310,datasets/cat_10k/images/6703fbfcf93776d03fb5839f8814bace.jpg,6703fbfcf93776d03fb5839f8814bace
4311,datasets/cat_10k/images/6705c24c0614e7a8341dde9365783954.jpg,6705c24c0614e7a8341dde9365783954
4312,datasets/cat_10k/images/6708656a7873aa2c5437e09a594c1a1b.jpg,6708656a7873aa2c5437e09a594c1a1b
4313,datasets/cat_10k/images/670d98418a50cf3daa2351a699f334f1.jpg,670d98418a50cf3daa2351a699f334f1
4314,datasets/cat_10k/images/670db5ed923dfd92e1a7822257e4375d.jpg,670db5ed923dfd92e1a7822257e4375d
4315,datasets/cat_10k/images/670ea8a7c4abd00a2c97f89ae1253ae5.jpg,670ea8a7c4abd00a2c97f89ae1253ae5
4316,datasets/cat_10k/images/671e3c77e686ab1b0d348884ecaf119c.jpg,671e3c77e686ab1b0d348884ecaf119c
4317,datasets/cat_10k/images/67389a614a7ff01ad88bf33821f0d1ba.jpg,67389a614a7ff01ad88bf33821f0d1ba
4318,datasets/cat_10k/images/673c4eacca9c9438d9bac2bfe910ff6b.jpg,673c4eacca9c9438d9bac2bfe910ff6b
4319,datasets/cat_10k/images/673d09fe2af7909a27c250260594247a.jpg,673d09fe2af7909a27c250260594247a
4320,datasets/cat_10k/images/674025c5349c2f5a908bf9997b154d0b.jpg,674025c5349c2f5a908bf9997b154d0b
4321,datasets/cat_10k/images/6741c45487a62f6c25c49a2272f8b03f.jpg,6741c45487a62f6c25c49a2272f8b03f
4322,datasets/cat_10k/images/674575a61d23b0500ad9327f94db2864.jpg,674575a61d23b0500ad9327f94db2864
4323,datasets/cat_10k/images/6745b84a5713882090d05ab53eb9ece2.jpg,6745b84a5713882090d05ab53eb9ece2
4324,datasets/cat_10k/images/6753242fc4b7904a1fad78de007837a7.jpg,6753242fc4b7904a1fad78de007837a7
4325,datasets/cat_10k/images/67535bc945e6a9c146c35825b06d9bc8.jpg,67535bc945e6a9c146c35825b06d9bc8
4326,datasets/cat_10k/images/675dec9c5eaf333a695995d965c81329.jpg,675dec9c5eaf333a695995d965c81329
4327,datasets/cat_10k/images/675e3fa5bec9fd32c006a7455dafd602.jpg,675e3fa5bec9fd32c006a7455dafd602
4328,datasets/cat_10k/images/67601a0087ef2739455022892588e699.jpg,67601a0087ef2739455022892588e699
4329,datasets/cat_10k/images/6760da8a746a2dfb60c4e983b976d5d5.jpg,6760da8a746a2dfb60c4e983b976d5d5
4330,datasets/cat_10k/images/67846718b604cecba44b38d37118917c.jpg,67846718b604cecba44b38d37118917c
4331,datasets/cat_10k/images/6787c24eb36873f7e3ba916d2bee717f.jpg,6787c24eb36873f7e3ba916d2bee717f
4332,datasets/cat_10k/images/67898499b7afb5883bc01ba12288c615.jpg,67898499b7afb5883bc01ba12288c615
4333,datasets/cat_10k/images/679f16f3736e78c724b769037222863d.jpg,679f16f3736e78c724b769037222863d
4334,datasets/cat_10k/images/679f435fa63ab0d44a1737cd1134af40.jpg,679f435fa63ab0d44a1737cd1134af40
4335,datasets/cat_10k/images/67aa3930f7fdd9edeb91c61e83e70ce4.jpg,67aa3930f7fdd9edeb91c61e83e70ce4
4336,datasets/cat_10k/images/67ad6b8734acb25cd58ccd53db6eeff8.jpg,67ad6b8734acb25cd58ccd53db6eeff8
4337,datasets/cat_10k/images/67b0ec953f20c3c5af47e5a321d5267c.jpg,67b0ec953f20c3c5af47e5a321d5267c
4338,datasets/cat_10k/images/67b2177695e6ca9760c7763db504e7e1.jpg,67b2177695e6ca9760c7763db504e7e1
4339,datasets/cat_10k/images/67ba55e6b8cf74c252aa4cb8f161a20d.jpg,67ba55e6b8cf74c252aa4cb8f161a20d
4340,datasets/cat_10k/images/67c7a1e95e46611098d35b89e33079c3.jpg,67c7a1e95e46611098d35b89e33079c3
4341,datasets/cat_10k/images/67c97b2a2ef8ae9856bd52879b0773d5.jpg,67c97b2a2ef8ae9856bd52879b0773d5
4342,datasets/cat_10k/images/67d513d81ca7f784bd47a2a85cc70a04.jpg,67d513d81ca7f784bd47a2a85cc70a04
4343,datasets/cat_10k/images/67eb9f4729c32a728f111954907bd62a.jpg,67eb9f4729c32a728f111954907bd62a
4344,datasets/cat_10k/images/67ef43cc00670e5fd3cb3046ba73ce2a.jpg,67ef43cc00670e5fd3cb3046ba73ce2a
4345,datasets/cat_10k/images/67ef834ee577dc45fe5e2bf17b04ab24.jpg,67ef834ee577dc45fe5e2bf17b04ab24
4346,datasets/cat_10k/images/67f6eba63049c58c372088f7a3f62b6b.jpg,67f6eba63049c58c372088f7a3f62b6b
4347,datasets/cat_10k/images/67f6f665f86b67049c8d38017503a8fa.jpg,67f6f665f86b67049c8d38017503a8fa
4348,datasets/cat_10k/images/67ff36ea63fb79718a05cfdbe257a0ef.jpg,67ff36ea63fb79718a05cfdbe257a0ef
4349,datasets/cat_10k/images/68130ba1683909761c39fe51e04713f5.jpg,68130ba1683909761c39fe51e04713f5
4350,datasets/cat_10k/images/681dcec63189deac7fdc52313636cbed.jpg,681dcec63189deac7fdc52313636cbed
4351,datasets/cat_10k/images/682ea8492d03686c023aa0aedbeab37f.jpg,682ea8492d03686c023aa0aedbeab37f
4352,datasets/cat_10k/images/6837f7450a4b3ddfd6a40b4bcf6a95c9.jpg,6837f7450a4b3ddfd6a40b4bcf6a95c9
4353,datasets/cat_10k/images/683a5c904e7913847f7debe5a7bf5865.jpg,683a5c904e7913847f7debe5a7bf5865
4354,datasets/cat_10k/images/6841f7f601bbf4cac8160bd54e448d40.jpg,6841f7f601bbf4cac8160bd54e448d40
4355,datasets/cat_10k/images/68435cdc0408941ed6b7ec9a2c6a0101.jpg,68435cdc0408941ed6b7ec9a2c6a0101
4356,datasets/cat_10k/images/6844578f4b7a12092a1d174f32a5b2c6.jpg,6844578f4b7a12092a1d174f32a5b2c6
4357,datasets/cat_10k/images/684d50cd5d93e6a0e673952206d3e0ce.jpg,684d50cd5d93e6a0e673952206d3e0ce
4358,datasets/cat_10k/images/6856b685518c756149d65d7ae0a84af7.jpg,6856b685518c756149d65d7ae0a84af7
4359,datasets/cat_10k/images/685e28192bc2e3a6be2701d0c83eee7d.jpg,685e28192bc2e3a6be2701d0c83eee7d
4360,datasets/cat_10k/images/686167a7b531d39d38de838a344501ac.jpg,686167a7b531d39d38de838a344501ac
4361,datasets/cat_10k/images/6864748c91bc9618d35d8e4c3822155a.jpg,6864748c91bc9618d35d8e4c3822155a
4362,datasets/cat_10k/images/686912d6904e75ee9225436785262d75.jpg,686912d6904e75ee9225436785262d75
4363,datasets/cat_10k/images/686b7b63eb73733694e734f333bc3910.jpg,686b7b63eb73733694e734f333bc3910
4364,datasets/cat_10k/images/687201a45ff479e97ba48fce70c9e478.jpg,687201a45ff479e97ba48fce70c9e478
4365,datasets/cat_10k/images/68741ff20dd18ce3edd7782f122d8c51.jpg,68741ff20dd18ce3edd7782f122d8c51
4366,datasets/cat_10k/images/687d83f1586a2a37b11520cb2c86cb9c.jpg,687d83f1586a2a37b11520cb2c86cb9c
4367,datasets/cat_10k/images/6880e9957a86bbd034b656a3d692b729.jpg,6880e9957a86bbd034b656a3d692b729
4368,datasets/cat_10k/images/68910dbbc1a9e49346567572d0b099c8.jpg,68910dbbc1a9e49346567572d0b099c8
4369,datasets/cat_10k/images/6891140eb5a45c6f7c414956c9118a2c.jpg,6891140eb5a45c6f7c414956c9118a2c
4370,datasets/cat_10k/images/6893bca84be2067424fdc8d2047b810b.jpg,6893bca84be2067424fdc8d2047b810b
4371,datasets/cat_10k/images/68951e1bafd96b94578324c47546d7fe.jpg,68951e1bafd96b94578324c47546d7fe
4372,datasets/cat_10k/images/689b35dc4f1c762fa1cb896e2e1d96d7.jpg,689b35dc4f1c762fa1cb896e2e1d96d7
4373,datasets/cat_10k/images/689bf5c4ad0556b16279981f25006c8f.jpg,689bf5c4ad0556b16279981f25006c8f
4374,datasets/cat_10k/images/68a5a78e3f3805eafcf0b48697c95ba5.jpg,68a5a78e3f3805eafcf0b48697c95ba5
4375,datasets/cat_10k/images/68acb3fed73f34232a1ef348e8c7d580.jpg,68acb3fed73f34232a1ef348e8c7d580
4376,datasets/cat_10k/images/68bd9471fed3d6c218943d2442a226cc.jpg,68bd9471fed3d6c218943d2442a226cc
4377,datasets/cat_10k/images/68c245ce6402ac4a43646a44ee3c43a9.jpg,68c245ce6402ac4a43646a44ee3c43a9
4378,datasets/cat_10k/images/68c89f62e71560a67830381d3c732187.jpg,68c89f62e71560a67830381d3c732187
4379,datasets/cat_10k/images/68cdd0d15ac432ab39dd5c92f120a914.jpg,68cdd0d15ac432ab39dd5c92f120a914
4380,datasets/cat_10k/images/68d68cc0956ecb64fb3c00e6c920343a.jpg,68d68cc0956ecb64fb3c00e6c920343a
4381,datasets/cat_10k/images/68d94dd20ef31facf6f6576c71233140.jpg,68d94dd20ef31facf6f6576c71233140
4382,datasets/cat_10k/images/68dadd486f9261d5069fbc0f27153f92.jpg,68dadd486f9261d5069fbc0f27153f92
4383,datasets/cat_10k/images/68e0e592e151f3136e3e25c0d53cac33.jpg,68e0e592e151f3136e3e25c0d53cac33
4384,datasets/cat_10k/images/68e8238c540cafb4c06f045888ac18d1.jpg,68e8238c540cafb4c06f045888ac18d1
4385,datasets/cat_10k/images/68eda2b51268c54a555dad75c376c463.jpg,68eda2b51268c54a555dad75c376c463
4386,datasets/cat_10k/images/68f3700bd9db9af8065d00c26f0d7e61.jpg,68f3700bd9db9af8065d00c26f0d7e61
4387,datasets/cat_10k/images/68f44e7eb00d63589d9da87f41eaddad.jpg,68f44e7eb00d63589d9da87f41eaddad
4388,datasets/cat_10k/images/68f7cac016ccb05e85dcf25a9673db46.jpg,68f7cac016ccb05e85dcf25a9673db46
4389,datasets/cat_10k/images/68f8e4e1adfbe97e66e1811baa5a2a0d.jpg,68f8e4e1adfbe97e66e1811baa5a2a0d
4390,datasets/cat_10k/images/68fd14d943f5b12fec48c820a00ee536.jpg,68fd14d943f5b12fec48c820a00ee536
4391,datasets/cat_10k/images/68febd352fdb50e13eb8f7335d4f872b.jpg,68febd352fdb50e13eb8f7335d4f872b
4392,datasets/cat_10k/images/6917538b29af45cfa1998b1be0ffa017.jpg,6917538b29af45cfa1998b1be0ffa017
4393,datasets/cat_10k/images/69176bd776cf54e59b25adff31e4923a.jpg,69176bd776cf54e59b25adff31e4923a
4394,datasets/cat_10k/images/6921ce399076cd92c6d4475134d7a25e.jpg,6921ce399076cd92c6d4475134d7a25e
4395,datasets/cat_10k/images/692734f45d636a4a644ac5df52b22252.jpg,692734f45d636a4a644ac5df52b22252
4396,datasets/cat_10k/images/692981cc5b54dc8f0f4a5188a09ac5cc.jpg,692981cc5b54dc8f0f4a5188a09ac5cc
4397,datasets/cat_10k/images/692bee660e527d765634b88af8af185e.jpg,692bee660e527d765634b88af8af185e
4398,datasets/cat_10k/images/692e5abf6c7513cd372dd4a6ee23ff4e.jpg,692e5abf6c7513cd372dd4a6ee23ff4e
4399,datasets/cat_10k/images/6936e02c32f364ba26bc40fcb6f51320.jpg,6936e02c32f364ba26bc40fcb6f51320
4400,datasets/cat_10k/images/693a53e28d525eb61e7616a964db75b2.jpg,693a53e28d525eb61e7616a964db75b2
4401,datasets/cat_10k/images/693b235eb48f1322e2853610902590a0.jpg,693b235eb48f1322e2853610902590a0
4402,datasets/cat_10k/images/694021544c126d4dc19f780fb09b38a6.jpg,694021544c126d4dc19f780fb09b38a6
4403,datasets/cat_10k/images/694fd78ab248b68844e8b29dffe38a20.jpg,694fd78ab248b68844e8b29dffe38a20
4404,datasets/cat_10k/images/6957ca0a450cab932ad533b06add3b1c.jpg,6957ca0a450cab932ad533b06add3b1c
4405,datasets/cat_10k/images/695ed351a952f3dce84d1765ff7a2713.jpg,695ed351a952f3dce84d1765ff7a2713
4406,datasets/cat_10k/images/69640438473206a94b5ab03bd4e72b23.jpg,69640438473206a94b5ab03bd4e72b23
4407,datasets/cat_10k/images/69667a12baa87921f78aca7705d33971.jpg,69667a12baa87921f78aca7705d33971
4408,datasets/cat_10k/images/6966dd49fa05c7d4facf9d95a15eb892.jpg,6966dd49fa05c7d4facf9d95a15eb892
4409,datasets/cat_10k/images/6976a7b34676f9a72dcf96cdc4356061.jpg,6976a7b34676f9a72dcf96cdc4356061
4410,datasets/cat_10k/images/697719014f366bd9184690572446177d.jpg,697719014f366bd9184690572446177d
4411,datasets/cat_10k/images/697e53fae68151a240c078e78661650f.jpg,697e53fae68151a240c078e78661650f
4412,datasets/cat_10k/images/697e81a4f0e863bb7258cc42a4c8d08f.jpg,697e81a4f0e863bb7258cc42a4c8d08f
4413,datasets/cat_10k/images/6984a141f57e45dd002c8f98d0574379.jpg,6984a141f57e45dd002c8f98d0574379
4414,datasets/cat_10k/images/6986bfa98061109e88e93768d5e430d4.jpg,6986bfa98061109e88e93768d5e430d4
4415,datasets/cat_10k/images/69b4ed2da853d7cbf7ceb08047d592d3.jpg,69b4ed2da853d7cbf7ceb08047d592d3
4416,datasets/cat_10k/images/69b6376a57a700226154ebdba276ad6f.jpg,69b6376a57a700226154ebdba276ad6f
4417,datasets/cat_10k/images/69bde24bd2d9406a64f70cca2428e5ea.jpg,69bde24bd2d9406a64f70cca2428e5ea
4418,datasets/cat_10k/images/69c8b4414cb6a8196de73df20dc47cd9.jpg,69c8b4414cb6a8196de73df20dc47cd9
4419,datasets/cat_10k/images/69d7a2373790ece503c75835ee08508e.jpg,69d7a2373790ece503c75835ee08508e
4420,datasets/cat_10k/images/69e5e9e065598ec448f4c2cddd23f4cf.jpg,69e5e9e065598ec448f4c2cddd23f4cf
4421,datasets/cat_10k/images/69e8149899cd3f34f73d7f7aecb1c03e.jpg,69e8149899cd3f34f73d7f7aecb1c03e
4422,datasets/cat_10k/images/69e827ed7ebeb2383bce45c127bee8a1.jpg,69e827ed7ebeb2383bce45c127bee8a1
4423,datasets/cat_10k/images/69ed866a154a278befabd7b80895ee07.jpg,69ed866a154a278befabd7b80895ee07
4424,datasets/cat_10k/images/69fa6b449fc6f9e944a007ca919f4d6d.jpg,69fa6b449fc6f9e944a007ca919f4d6d
4425,datasets/cat_10k/images/69fb644a835d1ad423b8428b8a642cc9.jpg,69fb644a835d1ad423b8428b8a642cc9
4426,datasets/cat_10k/images/69fb8c8a8fede20c8db0ffefb1a8f825.jpg,69fb8c8a8fede20c8db0ffefb1a8f825
4427,datasets/cat_10k/images/6a02215cb30e77b7e49a0c48e0370fed.jpg,6a02215cb30e77b7e49a0c48e0370fed
4428,datasets/cat_10k/images/6a03033d7c86234076c332af796783cd.jpg,6a03033d7c86234076c332af796783cd
4429,datasets/cat_10k/images/6a05dceb1872166d8334354029878cad.jpg,6a05dceb1872166d8334354029878cad
4430,datasets/cat_10k/images/6a1207d4245a95f92d0e019972281480.jpg,6a1207d4245a95f92d0e019972281480
4431,datasets/cat_10k/images/6a1d9c6441e35381532a29d4d409888f.jpg,6a1d9c6441e35381532a29d4d409888f
4432,datasets/cat_10k/images/6a29f91ce5fbe6e498f11a4d86714204.jpg,6a29f91ce5fbe6e498f11a4d86714204
4433,datasets/cat_10k/images/6a2b9bc77bedeb52bfb6876e78292ef1.jpg,6a2b9bc77bedeb52bfb6876e78292ef1
4434,datasets/cat_10k/images/6a314c5a46af03e3ceafebc91cafc916.jpg,6a314c5a46af03e3ceafebc91cafc916
4435,datasets/cat_10k/images/6a32c05c1724d4398b500e990b3dcadc.jpg,6a32c05c1724d4398b500e990b3dcadc
4436,datasets/cat_10k/images/6a3d1571c80fbfc91e18870db755587e.jpg,6a3d1571c80fbfc91e18870db755587e
4437,datasets/cat_10k/images/6a49cec6617bb5518932f65f70e3a495.jpg,6a49cec6617bb5518932f65f70e3a495
4438,datasets/cat_10k/images/6a4b890a719135517e6ec19d998dcb3a.jpg,6a4b890a719135517e6ec19d998dcb3a
4439,datasets/cat_10k/images/6a4f7eca36bc07596ed782d7b0eb6494.jpg,6a4f7eca36bc07596ed782d7b0eb6494
4440,datasets/cat_10k/images/6a50bd64578a033da937db365bdd10e9.jpg,6a50bd64578a033da937db365bdd10e9
4441,datasets/cat_10k/images/6a624bf42dc7145c8c6222076824c64c.jpg,6a624bf42dc7145c8c6222076824c64c
4442,datasets/cat_10k/images/6a6ce0d636ef41017e27000b71e2f03c.jpg,6a6ce0d636ef41017e27000b71e2f03c
4443,datasets/cat_10k/images/6a7961321e38e03a2ba310dace39e768.jpg,6a7961321e38e03a2ba310dace39e768
4444,datasets/cat_10k/images/6a803699b0d03a10ae203ab7a3c200bd.jpg,6a803699b0d03a10ae203ab7a3c200bd
4445,datasets/cat_10k/images/6a82ae0b3305fa62f695364dcca89ff5.jpg,6a82ae0b3305fa62f695364dcca89ff5
4446,datasets/cat_10k/images/6a85bb86d53fba5d657b86c30657d813.jpg,6a85bb86d53fba5d657b86c30657d813
4447,datasets/cat_10k/images/6a8fa7372019798ceccc0954fa61a469.jpg,6a8fa7372019798ceccc0954fa61a469
4448,datasets/cat_10k/images/6a9432c39b9932c436c552f2bac324ca.jpg,6a9432c39b9932c436c552f2bac324ca
4449,datasets/cat_10k/images/6a9d53e833b3de25499d8bc8a775a4d2.jpg,6a9d53e833b3de25499d8bc8a775a4d2
4450,datasets/cat_10k/images/6aad278c8c35b050aa699115bd680c78.jpg,6aad278c8c35b050aa699115bd680c78
4451,datasets/cat_10k/images/6ab0904ad499ab12281c842cf7246bab.jpg,6ab0904ad499ab12281c842cf7246bab
4452,datasets/cat_10k/images/6ab50e1d06de2193494205aa1e1feba9.jpg,6ab50e1d06de2193494205aa1e1feba9
4453,datasets/cat_10k/images/6acaf0748a28a2ab134cfe74a3c627ea.jpg,6acaf0748a28a2ab134cfe74a3c627ea
4454,datasets/cat_10k/images/6acb6b109f9f269e02dc9c8b54762768.jpg,6acb6b109f9f269e02dc9c8b54762768
4455,datasets/cat_10k/images/6acf8baa4d77c882363a8e4ca52ed578.jpg,6acf8baa4d77c882363a8e4ca52ed578
4456,datasets/cat_10k/images/6ad1e5ea33cb1f66bf81939d775a9e83.jpg,6ad1e5ea33cb1f66bf81939d775a9e83
4457,datasets/cat_10k/images/6b05a85715aa1d404a8797ce35a82e73.jpg,6b05a85715aa1d404a8797ce35a82e73
4458,datasets/cat_10k/images/6b0f7e630da2fa2a1d0f507bcdb1c447.jpg,6b0f7e630da2fa2a1d0f507bcdb1c447
4459,datasets/cat_10k/images/6b110085539e42e84c67086aad4584ce.jpg,6b110085539e42e84c67086aad4584ce
4460,datasets/cat_10k/images/6b1b52b0a47cc4ed9898b44d90400a67.jpg,6b1b52b0a47cc4ed9898b44d90400a67
4461,datasets/cat_10k/images/6b24906fdcde353a1473b868c807f84b.jpg,6b24906fdcde353a1473b868c807f84b
4462,datasets/cat_10k/images/6b36b4d311c37dc9f35dd28f9fe6881f.jpg,6b36b4d311c37dc9f35dd28f9fe6881f
4463,datasets/cat_10k/images/6b36bca079a3390a6e22a4db98c5322e.jpg,6b36bca079a3390a6e22a4db98c5322e
4464,datasets/cat_10k/images/6b3d6f9f216ad54bcb8bc6a877dbdf65.jpg,6b3d6f9f216ad54bcb8bc6a877dbdf65
4465,datasets/cat_10k/images/6b4ca5863621ca4705884c05cb7d356c.jpg,6b4ca5863621ca4705884c05cb7d356c
4466,datasets/cat_10k/images/6b78a2a6dd45b9f70d8511687f5f9afb.jpg,6b78a2a6dd45b9f70d8511687f5f9afb
4467,datasets/cat_10k/images/6b79f6cc2e574e968195a63cb3f61d5a.jpg,6b79f6cc2e574e968195a63cb3f61d5a
4468,datasets/cat_10k/images/6b7ce02e42acf04b2662b4022fcdcb80.jpg,6b7ce02e42acf04b2662b4022fcdcb80
4469,datasets/cat_10k/images/6b7fd42261bd239a961ae891c3a30580.jpg,6b7fd42261bd239a961ae891c3a30580
4470,datasets/cat_10k/images/6b86471d14ec79577baaf12679356a48.jpg,6b86471d14ec79577baaf12679356a48
4471,datasets/cat_10k/images/6b8772a0a8d9297560b101a916a0dab0.jpg,6b8772a0a8d9297560b101a916a0dab0
4472,datasets/cat_10k/images/6b8f1b222188e1111ba103f565c8a09a.jpg,6b8f1b222188e1111ba103f565c8a09a
4473,datasets/cat_10k/images/6ba2bf4ad029449df16cdcabca1386a7.jpg,6ba2bf4ad029449df16cdcabca1386a7
4474,datasets/cat_10k/images/6bacacb2d39f51811d017dc946dcf6b1.jpg,6bacacb2d39f51811d017dc946dcf6b1
4475,datasets/cat_10k/images/6bad8078bf552ca99351dc737a779ad2.jpg,6bad8078bf552ca99351dc737a779ad2
4476,datasets/cat_10k/images/6bb03511a6c97a48d45cb6a33cf58ac3.jpg,6bb03511a6c97a48d45cb6a33cf58ac3
4477,datasets/cat_10k/images/6bba0837ef4d2cb33c0292f1e30fb013.jpg,6bba0837ef4d2cb33c0292f1e30fb013
4478,datasets/cat_10k/images/6bc1a426d8ab1aba0b03a4f1f722cfd1.jpg,6bc1a426d8ab1aba0b03a4f1f722cfd1
4479,datasets/cat_10k/images/6bd9907244e75561a029747929f8ddd3.jpg,6bd9907244e75561a029747929f8ddd3
4480,datasets/cat_10k/images/6bdaa846d48486abab0089b94dba3d0d.jpg,6bdaa846d48486abab0089b94dba3d0d
4481,datasets/cat_10k/images/6bdb393faff88bb6936966b6f258bed4.jpg,6bdb393faff88bb6936966b6f258bed4
4482,datasets/cat_10k/images/6be2c5e8b37c7c2e3ba702a15b920ca4.jpg,6be2c5e8b37c7c2e3ba702a15b920ca4
4483,datasets/cat_10k/images/6be3e9290472c84641791ee21137120a.jpg,6be3e9290472c84641791ee21137120a
4484,datasets/cat_10k/images/6beba9fcae927b8b79149f168070a52e.jpg,6beba9fcae927b8b79149f168070a52e
4485,datasets/cat_10k/images/6beffbf92bbfc500841114d3a710a9a3.jpg,6beffbf92bbfc500841114d3a710a9a3
4486,datasets/cat_10k/images/6bf20f1ba5b2388363f347d6fc0de980.jpg,6bf20f1ba5b2388363f347d6fc0de980
4487,datasets/cat_10k/images/6bf3e4ac075ce115a90e513416c7453c.jpg,6bf3e4ac075ce115a90e513416c7453c
4488,datasets/cat_10k/images/6bf58443f355d7b88c306770fb4bcf79.jpg,6bf58443f355d7b88c306770fb4bcf79
4489,datasets/cat_10k/images/6bfbd115b09c75b9ca787be305c3968a.jpg,6bfbd115b09c75b9ca787be305c3968a
4490,datasets/cat_10k/images/6c051f587b51e6050e0cbe5e7342a60a.jpg,6c051f587b51e6050e0cbe5e7342a60a
4491,datasets/cat_10k/images/6c0904482575c4c05cfb61dc4bdc5929.jpg,6c0904482575c4c05cfb61dc4bdc5929
4492,datasets/cat_10k/images/6c0b064012941730170598eb6c0fe104.jpg,6c0b064012941730170598eb6c0fe104
4493,datasets/cat_10k/images/6c181a0116be3a6df26c91d3c3271e50.jpg,6c181a0116be3a6df26c91d3c3271e50
4494,datasets/cat_10k/images/6c20e5b5b69c1e570b99ff85e9a57cc3.jpg,6c20e5b5b69c1e570b99ff85e9a57cc3
4495,datasets/cat_10k/images/6c2e04c05b414a75702b4493dd5fc44e.jpg,6c2e04c05b414a75702b4493dd5fc44e
4496,datasets/cat_10k/images/6c2f79c3358ced10418411d08d1082ac.jpg,6c2f79c3358ced10418411d08d1082ac
4497,datasets/cat_10k/images/6c387e763ac2eec0bdd8baeaa334a162.jpg,6c387e763ac2eec0bdd8baeaa334a162
4498,datasets/cat_10k/images/6c47d48788c36e3c13bc2ba9beea2bba.jpg,6c47d48788c36e3c13bc2ba9beea2bba
4499,datasets/cat_10k/images/6c5f273d6cdd43e0edcd4cb81c8b43d5.jpg,6c5f273d6cdd43e0edcd4cb81c8b43d5
4500,datasets/cat_10k/images/6c649cbc7b2f9343dc8b987c1e2e3bb0.jpg,6c649cbc7b2f9343dc8b987c1e2e3bb0
4501,datasets/cat_10k/images/6c6f76c100ccb25f99e8c53020c7ce6a.jpg,6c6f76c100ccb25f99e8c53020c7ce6a
4502,datasets/cat_10k/images/6c70fc1e7eb42095831a85d07bf3f431.jpg,6c70fc1e7eb42095831a85d07bf3f431
4503,datasets/cat_10k/images/6c7a5080f64b41496065280eddd2c7bf.jpg,6c7a5080f64b41496065280eddd2c7bf
4504,datasets/cat_10k/images/6c809ec67c3b232b8b1281a8e24facb8.jpg,6c809ec67c3b232b8b1281a8e24facb8
4505,datasets/cat_10k/images/6c8109f89dbaacc48dd33a0810503c0f.jpg,6c8109f89dbaacc48dd33a0810503c0f
4506,datasets/cat_10k/images/6c8210d516cdb1cab12353978c0450ad.jpg,6c8210d516cdb1cab12353978c0450ad
4507,datasets/cat_10k/images/6c9819d38b4c4c1fa6bdbc2a5517b94f.jpg,6c9819d38b4c4c1fa6bdbc2a5517b94f
4508,datasets/cat_10k/images/6ca4f924b00cca8564279a70c1966d5f.jpg,6ca4f924b00cca8564279a70c1966d5f
4509,datasets/cat_10k/images/6cabf00666a529feb18df6f274cbc31d.jpg,6cabf00666a529feb18df6f274cbc31d
4510,datasets/cat_10k/images/6cb575c23d5ce4d558cae407a8232b87.jpg,6cb575c23d5ce4d558cae407a8232b87
4511,datasets/cat_10k/images/6cbd5fb146fff3fdffeef4acb6c58618.jpg,6cbd5fb146fff3fdffeef4acb6c58618
4512,datasets/cat_10k/images/6cc492d52fbe492b3792dd8be4b948d4.jpg,6cc492d52fbe492b3792dd8be4b948d4
4513,datasets/cat_10k/images/6cd6f3019a904aefedd756caa6bbfddd.jpg,6cd6f3019a904aefedd756caa6bbfddd
4514,datasets/cat_10k/images/6ce0a09bed92166d03635a3c1a631a4c.jpg,6ce0a09bed92166d03635a3c1a631a4c
4515,datasets/cat_10k/images/6ce4c5e3ff6f796c365b1040135cf883.jpg,6ce4c5e3ff6f796c365b1040135cf883
4516,datasets/cat_10k/images/6cf5d2f8414d9c33ffa5c92172aa2ea3.jpg,6cf5d2f8414d9c33ffa5c92172aa2ea3
4517,datasets/cat_10k/images/6cf675e6f1cd6d9275d4c9a5af4a9629.jpg,6cf675e6f1cd6d9275d4c9a5af4a9629
4518,datasets/cat_10k/images/6cf863d5946dd316ef73bb09872da4b3.jpg,6cf863d5946dd316ef73bb09872da4b3
4519,datasets/cat_10k/images/6d01c38d53d63b9b3758376ed05fa96a.jpg,6d01c38d53d63b9b3758376ed05fa96a
4520,datasets/cat_10k/images/6d08fa5dda2090a1352e54d826723d8c.jpg,6d08fa5dda2090a1352e54d826723d8c
4521,datasets/cat_10k/images/6d1a7a13cf48a416c25a24be9479436c.jpg,6d1a7a13cf48a416c25a24be9479436c
4522,datasets/cat_10k/images/6d1eb76b90619fd96eeb55c4fc3e347a.jpg,6d1eb76b90619fd96eeb55c4fc3e347a
4523,datasets/cat_10k/images/6d2ba1dd75224b4665a538edecc8cea4.jpg,6d2ba1dd75224b4665a538edecc8cea4
4524,datasets/cat_10k/images/6d2c6a392c34b7a1b8870a59aa1df85c.jpg,6d2c6a392c34b7a1b8870a59aa1df85c
4525,datasets/cat_10k/images/6d31ad8b9ab9e216f0727c5a9c242749.jpg,6d31ad8b9ab9e216f0727c5a9c242749
4526,datasets/cat_10k/images/6d3517d1e25b43ce08b8ff1b563032fc.jpg,6d3517d1e25b43ce08b8ff1b563032fc
4527,datasets/cat_10k/images/6d3845750a0ecdab1345f37f2a001915.jpg,6d3845750a0ecdab1345f37f2a001915
4528,datasets/cat_10k/images/6d3f3ff1e2e5ea69d3acf98d8e3f6911.jpg,6d3f3ff1e2e5ea69d3acf98d8e3f6911
4529,datasets/cat_10k/images/6d44bc1ec2c06850a5be781afdb75398.jpg,6d44bc1ec2c06850a5be781afdb75398
4530,datasets/cat_10k/images/6d45dd2db55145a56c9b3245c3256838.jpg,6d45dd2db55145a56c9b3245c3256838
4531,datasets/cat_10k/images/6d5b9dabbaedc25a7a35e4c389cc8136.jpg,6d5b9dabbaedc25a7a35e4c389cc8136
4532,datasets/cat_10k/images/6d5e804e50aa760ae880fce0d4988c89.jpg,6d5e804e50aa760ae880fce0d4988c89
4533,datasets/cat_10k/images/6d6fbf97450c98455017ee2321938281.jpg,6d6fbf97450c98455017ee2321938281
4534,datasets/cat_10k/images/6d7416735a5054e6564d63a295d9efd1.jpg,6d7416735a5054e6564d63a295d9efd1
4535,datasets/cat_10k/images/6d747f020583a3f2c54ddf808ac6449d.jpg,6d747f020583a3f2c54ddf808ac6449d
4536,datasets/cat_10k/images/6d7ab8ea7b75c8ce60caf47da935b825.jpg,6d7ab8ea7b75c8ce60caf47da935b825
4537,datasets/cat_10k/images/6d8169f29c517c4321a6a2e75632c926.jpg,6d8169f29c517c4321a6a2e75632c926
4538,datasets/cat_10k/images/6d81e3e151d0a257f79cf9fa5981bc50.jpg,6d81e3e151d0a257f79cf9fa5981bc50
4539,datasets/cat_10k/images/6d85438a26c856b558762e3cc979ae87.jpg,6d85438a26c856b558762e3cc979ae87
4540,datasets/cat_10k/images/6d85e9fe116ab619b3cfd2b106515599.jpg,6d85e9fe116ab619b3cfd2b106515599
4541,datasets/cat_10k/images/6d9151f2676b66cf4d4a5e580185e9e6.jpg,6d9151f2676b66cf4d4a5e580185e9e6
4542,datasets/cat_10k/images/6d927330aa6a21975a1ed7c5ad3f4aec.jpg,6d927330aa6a21975a1ed7c5ad3f4aec
4543,datasets/cat_10k/images/6d99bab889decb97ac5d1484fa65c2aa.jpg,6d99bab889decb97ac5d1484fa65c2aa
4544,datasets/cat_10k/images/6da61702a0f96e7ce2e2d4d4e60df56e.jpg,6da61702a0f96e7ce2e2d4d4e60df56e
4545,datasets/cat_10k/images/6daa839b61d58aac48a49cffc4b82be5.jpg,6daa839b61d58aac48a49cffc4b82be5
4546,datasets/cat_10k/images/6db1fcba1c8b3b0fdf6e2e8b7dabec3e.jpg,6db1fcba1c8b3b0fdf6e2e8b7dabec3e
4547,datasets/cat_10k/images/6db7d42174f76d33222321c3421812fa.jpg,6db7d42174f76d33222321c3421812fa
4548,datasets/cat_10k/images/6dba9c7620d37d2e6cc90c4c792f58a0.jpg,6dba9c7620d37d2e6cc90c4c792f58a0
4549,datasets/cat_10k/images/6dbae88b08c3c3da75bd92202b03b143.jpg,6dbae88b08c3c3da75bd92202b03b143
4550,datasets/cat_10k/images/6dbcf763e4481744a07ced54b964cc5e.jpg,6dbcf763e4481744a07ced54b964cc5e
4551,datasets/cat_10k/images/6dcef7ae73480d029e34a379cb93b835.jpg,6dcef7ae73480d029e34a379cb93b835
4552,datasets/cat_10k/images/6dd62834d7ab5eeeb5690976b64a9867.jpg,6dd62834d7ab5eeeb5690976b64a9867
4553,datasets/cat_10k/images/6de1d6cebc58a4d9fc8ad6c02eb13ad5.jpg,6de1d6cebc58a4d9fc8ad6c02eb13ad5
4554,datasets/cat_10k/images/6de2e4a1d029ad3ca9390bef57540326.jpg,6de2e4a1d029ad3ca9390bef57540326
4555,datasets/cat_10k/images/6de54adbec08854906594e5a31007e31.jpg,6de54adbec08854906594e5a31007e31
4556,datasets/cat_10k/images/6de5c9257f2599d34ccbb87a6bb32875.jpg,6de5c9257f2599d34ccbb87a6bb32875
4557,datasets/cat_10k/images/6dedbb2102be87dba007da0b8ff973ee.jpg,6dedbb2102be87dba007da0b8ff973ee
4558,datasets/cat_10k/images/6dfa99611bb1bf946fbf5ae660b47c88.jpg,6dfa99611bb1bf946fbf5ae660b47c88
4559,datasets/cat_10k/images/6dff9e07a3ea61516eb8b4c579c58bd8.jpg,6dff9e07a3ea61516eb8b4c579c58bd8
4560,datasets/cat_10k/images/6e138f253b0f6ae2802c3c2a141950b8.jpg,6e138f253b0f6ae2802c3c2a141950b8
4561,datasets/cat_10k/images/6e169cca9a34ee43ed4a6c7f3133efec.jpg,6e169cca9a34ee43ed4a6c7f3133efec
4562,datasets/cat_10k/images/6e29882bcb67610ffe6c2a0d2cf229e1.jpg,6e29882bcb67610ffe6c2a0d2cf229e1
4563,datasets/cat_10k/images/6e2e523f957975e3dc8820772a934e66.jpg,6e2e523f957975e3dc8820772a934e66
4564,datasets/cat_10k/images/6e2ee7f9cba473cdd23a5a6db86da2e1.jpg,6e2ee7f9cba473cdd23a5a6db86da2e1
4565,datasets/cat_10k/images/6e2f46127c5eb96b1d469daff595e3d5.jpg,6e2f46127c5eb96b1d469daff595e3d5
4566,datasets/cat_10k/images/6e326b200a1652e3fb7663e7a6311b78.jpg,6e326b200a1652e3fb7663e7a6311b78
4567,datasets/cat_10k/images/6e3397126ffe79ce6238d42c4eb97303.jpg,6e3397126ffe79ce6238d42c4eb97303
4568,datasets/cat_10k/images/6e36cb6b762ed351d84f0d1b5aa1510c.jpg,6e36cb6b762ed351d84f0d1b5aa1510c
4569,datasets/cat_10k/images/6e384c35b466ca006c17035f7dd58ef1.jpg,6e384c35b466ca006c17035f7dd58ef1
4570,datasets/cat_10k/images/6e3d5aee22085479c3517559ca5698b3.jpg,6e3d5aee22085479c3517559ca5698b3
4571,datasets/cat_10k/images/6e3d618c752cd510d0259d024e6e5b11.jpg,6e3d618c752cd510d0259d024e6e5b11
4572,datasets/cat_10k/images/6e3d9c1aa4ef35395404b26fef2ad5f2.jpg,6e3d9c1aa4ef35395404b26fef2ad5f2
4573,datasets/cat_10k/images/6e3ed99278525be335a092194c4cda8a.jpg,6e3ed99278525be335a092194c4cda8a
4574,datasets/cat_10k/images/6e4650896873d93912c560f24b369867.jpg,6e4650896873d93912c560f24b369867
4575,datasets/cat_10k/images/6e4b1a5dcbba7e76265a3000d582f1f7.jpg,6e4b1a5dcbba7e76265a3000d582f1f7
4576,datasets/cat_10k/images/6e4b94afe16fbeed6d74989c011a7d8b.jpg,6e4b94afe16fbeed6d74989c011a7d8b
4577,datasets/cat_10k/images/6e4dfa6989a52f926f8e458f879efed6.jpg,6e4dfa6989a52f926f8e458f879efed6
4578,datasets/cat_10k/images/6e53f3bcc3991950b0ea154405d05a59.jpg,6e53f3bcc3991950b0ea154405d05a59
4579,datasets/cat_10k/images/6e56dbd84600ae2ea22ff69a59cd8d30.jpg,6e56dbd84600ae2ea22ff69a59cd8d30
4580,datasets/cat_10k/images/6e5b3a3442ef4ede8e1537e281f4b495.jpg,6e5b3a3442ef4ede8e1537e281f4b495
4581,datasets/cat_10k/images/6e6f9485fe764955082116c75324d5c8.jpg,6e6f9485fe764955082116c75324d5c8
4582,datasets/cat_10k/images/6e7e935501ba124b7693f4297a326801.jpg,6e7e935501ba124b7693f4297a326801
4583,datasets/cat_10k/images/6e80c9d53d8535cac2569866bdaa529a.jpg,6e80c9d53d8535cac2569866bdaa529a
4584,datasets/cat_10k/images/6e84416eefcc49b2bd489a5bc1f40705.jpg,6e84416eefcc49b2bd489a5bc1f40705
4585,datasets/cat_10k/images/6e8bcc03b8e6881dc350c24d500888bd.jpg,6e8bcc03b8e6881dc350c24d500888bd
4586,datasets/cat_10k/images/6e92471383591edf84c0d98a05b42018.jpg,6e92471383591edf84c0d98a05b42018
4587,datasets/cat_10k/images/6e9811d465b23b58ba9ab97e15a5ec05.jpg,6e9811d465b23b58ba9ab97e15a5ec05
4588,datasets/cat_10k/images/6e9e293cd1c655db81bf8f493dc1a5ee.jpg,6e9e293cd1c655db81bf8f493dc1a5ee
4589,datasets/cat_10k/images/6eac88b945ab8a8544a84f4f60993368.jpg,6eac88b945ab8a8544a84f4f60993368
4590,datasets/cat_10k/images/6eb24a8924096e62e56bd6f9dc5703ab.jpg,6eb24a8924096e62e56bd6f9dc5703ab
4591,datasets/cat_10k/images/6ebca10ae32d0729f1fc13d0b59550d4.jpg,6ebca10ae32d0729f1fc13d0b59550d4
4592,datasets/cat_10k/images/6ec3554df0627228822180b523dc5f0c.jpg,6ec3554df0627228822180b523dc5f0c
4593,datasets/cat_10k/images/6ec42fd8c84a3a68b32d3e215d8d26ea.jpg,6ec42fd8c84a3a68b32d3e215d8d26ea
4594,datasets/cat_10k/images/6eced27f94889ef7b385f2badd190809.jpg,6eced27f94889ef7b385f2badd190809
4595,datasets/cat_10k/images/6ee114c19b1c4824dc5446369be4a85d.jpg,6ee114c19b1c4824dc5446369be4a85d
4596,datasets/cat_10k/images/6ee18ae375c2fe673aca764f394ba915.jpg,6ee18ae375c2fe673aca764f394ba915
4597,datasets/cat_10k/images/6ee79c4da0c625a8b4bd3da1d0218bbd.jpg,6ee79c4da0c625a8b4bd3da1d0218bbd
4598,datasets/cat_10k/images/6ee85945bd4a7addee699ea3e1046bbd.jpg,6ee85945bd4a7addee699ea3e1046bbd
4599,datasets/cat_10k/images/6eeb600e71a0b42e80c5a9c5a5a9acf5.jpg,6eeb600e71a0b42e80c5a9c5a5a9acf5
4600,datasets/cat_10k/images/6eedee0365dc4e05351bb2618b1fa085.jpg,6eedee0365dc4e05351bb2618b1fa085
4601,datasets/cat_10k/images/6ef5f25ca373299aacc3cd12bc36dab7.jpg,6ef5f25ca373299aacc3cd12bc36dab7
4602,datasets/cat_10k/images/6efc37ee6075bf352073dde21022d989.jpg,6efc37ee6075bf352073dde21022d989
4603,datasets/cat_10k/images/6f08acde49bbdaf5cc27a6709887e8d2.jpg,6f08acde49bbdaf5cc27a6709887e8d2
4604,datasets/cat_10k/images/6f1399438097b9349fee7e1c72a3913e.jpg,6f1399438097b9349fee7e1c72a3913e
4605,datasets/cat_10k/images/6f1ccd97764573f0d3dc315283ca3430.jpg,6f1ccd97764573f0d3dc315283ca3430
4606,datasets/cat_10k/images/6f1e162f3bd548c0ed56af006e55b51b.jpg,6f1e162f3bd548c0ed56af006e55b51b
4607,datasets/cat_10k/images/6f21a2ec60dcdf455af75e21c9a84ea3.jpg,6f21a2ec60dcdf455af75e21c9a84ea3
4608,datasets/cat_10k/images/6f2c498a6b85ed6db8129a8d0266b120.jpg,6f2c498a6b85ed6db8129a8d0266b120
4609,datasets/cat_10k/images/6f3b38b0dc369702a8352cc6d210667f.jpg,6f3b38b0dc369702a8352cc6d210667f
4610,datasets/cat_10k/images/6f42ce2a685cc52cd179d722e56fc677.jpg,6f42ce2a685cc52cd179d722e56fc677
4611,datasets/cat_10k/images/6f456869ea046a890c0396b5ee313ea2.jpg,6f456869ea046a890c0396b5ee313ea2
4612,datasets/cat_10k/images/6f4d32d8197d9150d535707cc4c452ce.jpg,6f4d32d8197d9150d535707cc4c452ce
4613,datasets/cat_10k/images/6f5a0d215e8a0e2ad5488499dd624d42.jpg,6f5a0d215e8a0e2ad5488499dd624d42
4614,datasets/cat_10k/images/6f61418a9d37585d06a7c2f8e13a6dc3.jpg,6f61418a9d37585d06a7c2f8e13a6dc3
4615,datasets/cat_10k/images/6f6357b6c999e91e9cdcf7ae153f60a6.jpg,6f6357b6c999e91e9cdcf7ae153f60a6
4616,datasets/cat_10k/images/6f63b7901c57e9c463cca107e6acb5a6.jpg,6f63b7901c57e9c463cca107e6acb5a6
4617,datasets/cat_10k/images/6f66958446abe4e64ccc109b3cb9c532.jpg,6f66958446abe4e64ccc109b3cb9c532
4618,datasets/cat_10k/images/6f6c83cfa45e2a633a20c0820607da3c.jpg,6f6c83cfa45e2a633a20c0820607da3c
4619,datasets/cat_10k/images/6f745f43d12275ffa49ab86250445f6d.jpg,6f745f43d12275ffa49ab86250445f6d
4620,datasets/cat_10k/images/6f799e436f490978ae014af2a514c074.jpg,6f799e436f490978ae014af2a514c074
4621,datasets/cat_10k/images/6f7eb77952917ae2e93cc868edbdd1ff.jpg,6f7eb77952917ae2e93cc868edbdd1ff
4622,datasets/cat_10k/images/6f80320b1f395b8853d270f8a18e4c0a.jpg,6f80320b1f395b8853d270f8a18e4c0a
4623,datasets/cat_10k/images/6f89e968cfba8f32bd91f220f4dc1acf.jpg,6f89e968cfba8f32bd91f220f4dc1acf
4624,datasets/cat_10k/images/6f92e87813d78e8f758b8f1925ec9bcc.jpg,6f92e87813d78e8f758b8f1925ec9bcc
4625,datasets/cat_10k/images/6f9b624e06da8fcaa4e51352ae2da0e2.jpg,6f9b624e06da8fcaa4e51352ae2da0e2
4626,datasets/cat_10k/images/6fad8cb809a8cd6fd7aee27bde6824df.jpg,6fad8cb809a8cd6fd7aee27bde6824df
4627,datasets/cat_10k/images/6faf78d2449eb51c6d5f360d49ca11fe.jpg,6faf78d2449eb51c6d5f360d49ca11fe
4628,datasets/cat_10k/images/6fb3aaad3528be40a3ad4422e591dc20.jpg,6fb3aaad3528be40a3ad4422e591dc20
4629,datasets/cat_10k/images/6fc1e7da04248f1f5ed65ccab7c9bec5.jpg,6fc1e7da04248f1f5ed65ccab7c9bec5
4630,datasets/cat_10k/images/6fc29caa4499acddea588031d933bbdb.jpg,6fc29caa4499acddea588031d933bbdb
4631,datasets/cat_10k/images/6fca577416c3df57bb5e27979141b367.jpg,6fca577416c3df57bb5e27979141b367
4632,datasets/cat_10k/images/6fcafaf77ddc0799f6611e43554f9700.jpg,6fcafaf77ddc0799f6611e43554f9700
4633,datasets/cat_10k/images/6fcd00ef036ecb2ccc0e22cce6aadf38.jpg,6fcd00ef036ecb2ccc0e22cce6aadf38
4634,datasets/cat_10k/images/6fdd2d53f5f32a06c97ae5c5023c999a.jpg,6fdd2d53f5f32a06c97ae5c5023c999a
4635,datasets/cat_10k/images/6feb5bbb7317a9d276d551909b3d62c8.jpg,6feb5bbb7317a9d276d551909b3d62c8
4636,datasets/cat_10k/images/6feff0d8fd40959f2c4d3136aa2e2f9b.jpg,6feff0d8fd40959f2c4d3136aa2e2f9b
4637,datasets/cat_10k/images/6ff31e7ef83f9c83337079b3b4e52bbf.jpg,6ff31e7ef83f9c83337079b3b4e52bbf
4638,datasets/cat_10k/images/6ff6691427dcf7bd37bb07bdedd50dbb.jpg,6ff6691427dcf7bd37bb07bdedd50dbb
4639,datasets/cat_10k/images/7001fc895f2b7cede817b53f4db85845.jpg,7001fc895f2b7cede817b53f4db85845
4640,datasets/cat_10k/images/70022d1e94440abdf90f3cf84322ea9a.jpg,70022d1e94440abdf90f3cf84322ea9a
4641,datasets/cat_10k/images/7004dd742a82c0ae75b099cbfc8a1d2b.jpg,7004dd742a82c0ae75b099cbfc8a1d2b
4642,datasets/cat_10k/images/700a689d2d1e6cfa99f784cf503ca2f9.jpg,700a689d2d1e6cfa99f784cf503ca2f9
4643,datasets/cat_10k/images/701a7f344a16a733be6524ac4b18858c.jpg,701a7f344a16a733be6524ac4b18858c
4644,datasets/cat_10k/images/701c26d59378b1785f53fa2abe2a1820.jpg,701c26d59378b1785f53fa2abe2a1820
4645,datasets/cat_10k/images/702745cc3e2e2cdc84c9915c31f66f9e.jpg,702745cc3e2e2cdc84c9915c31f66f9e
4646,datasets/cat_10k/images/70282507816cf0144fed934412c2c0d0.jpg,70282507816cf0144fed934412c2c0d0
4647,datasets/cat_10k/images/702ab35d2a0adb7c789f4aeada119412.jpg,702ab35d2a0adb7c789f4aeada119412
4648,datasets/cat_10k/images/70315490209ab023456677928667ec81.jpg,70315490209ab023456677928667ec81
4649,datasets/cat_10k/images/7035292f71c5522760007c2c19f2b8d4.jpg,7035292f71c5522760007c2c19f2b8d4
4650,datasets/cat_10k/images/703c8a17fde696b816cabb8135e8c4b0.jpg,703c8a17fde696b816cabb8135e8c4b0
4651,datasets/cat_10k/images/7040335797e2ba2fbf8d749b8378ec7f.jpg,7040335797e2ba2fbf8d749b8378ec7f
4652,datasets/cat_10k/images/7045c8134a8f511270a85792b00ca305.jpg,7045c8134a8f511270a85792b00ca305
4653,datasets/cat_10k/images/704cc230e3360c40763e29d25291f9f5.jpg,704cc230e3360c40763e29d25291f9f5
4654,datasets/cat_10k/images/7060117e6914bc6eba702c29b63b43c8.jpg,7060117e6914bc6eba702c29b63b43c8
4655,datasets/cat_10k/images/7065577172e4928198673d494aacd21d.jpg,7065577172e4928198673d494aacd21d
4656,datasets/cat_10k/images/706a7e339c9663b7161c0fab70dbd55c.jpg,706a7e339c9663b7161c0fab70dbd55c
4657,datasets/cat_10k/images/7071df63be3fc28933e4405cde9bf30c.jpg,7071df63be3fc28933e4405cde9bf30c
4658,datasets/cat_10k/images/7073ee21f930356e8da1321eb4f273c6.jpg,7073ee21f930356e8da1321eb4f273c6
4659,datasets/cat_10k/images/707c54520a002f02ea42f36a0416fc4a.jpg,707c54520a002f02ea42f36a0416fc4a
4660,datasets/cat_10k/images/707cf71ba940f4bbe10d36f353434f9c.jpg,707cf71ba940f4bbe10d36f353434f9c
4661,datasets/cat_10k/images/708abb9a6c2b6891b5d75d1845120f97.jpg,708abb9a6c2b6891b5d75d1845120f97
4662,datasets/cat_10k/images/709786a0e02b699429ab34164408f5ac.jpg,709786a0e02b699429ab34164408f5ac
4663,datasets/cat_10k/images/7098605c806d14408bf88da732f85c3f.jpg,7098605c806d14408bf88da732f85c3f
4664,datasets/cat_10k/images/709b66db76e31e3ebd686885d195e541.jpg,709b66db76e31e3ebd686885d195e541
4665,datasets/cat_10k/images/709f742a8a3781f10aa1a42469c2de58.jpg,709f742a8a3781f10aa1a42469c2de58
4666,datasets/cat_10k/images/70a3ecd645be150818300cd2f6b7bd8c.jpg,70a3ecd645be150818300cd2f6b7bd8c
4667,datasets/cat_10k/images/70a43d2158b8eabc8e6b52e7bc34b16a.jpg,70a43d2158b8eabc8e6b52e7bc34b16a
4668,datasets/cat_10k/images/70a71560cba903f4f09a913cd7d3be62.jpg,70a71560cba903f4f09a913cd7d3be62
4669,datasets/cat_10k/images/70ac1f802b021b7ff514753b75be482a.jpg,70ac1f802b021b7ff514753b75be482a
4670,datasets/cat_10k/images/70ac6332f91dd38b24293927c1934c6b.jpg,70ac6332f91dd38b24293927c1934c6b
4671,datasets/cat_10k/images/70b03d75e6a4d993f81524a9312af3e1.jpg,70b03d75e6a4d993f81524a9312af3e1
4672,datasets/cat_10k/images/70b212fd44b143d3a6f9288a50aa84a9.jpg,70b212fd44b143d3a6f9288a50aa84a9
4673,datasets/cat_10k/images/70b3f87437d274a07b6f2dfd2d6f4082.jpg,70b3f87437d274a07b6f2dfd2d6f4082
4674,datasets/cat_10k/images/70b6edf4f9e0445210eac8855aa6454e.jpg,70b6edf4f9e0445210eac8855aa6454e
4675,datasets/cat_10k/images/70b981bbe1743031cbb2552146952ae7.jpg,70b981bbe1743031cbb2552146952ae7
4676,datasets/cat_10k/images/70bc390d1b5940d48ff82ea32169a279.jpg,70bc390d1b5940d48ff82ea32169a279
4677,datasets/cat_10k/images/70bc50a113e74c4bc3437a78d6717ee9.jpg,70bc50a113e74c4bc3437a78d6717ee9
4678,datasets/cat_10k/images/70bd095ab711b67fef1ee86815423a66.jpg,70bd095ab711b67fef1ee86815423a66
4679,datasets/cat_10k/images/70c0ad9dd2999d0f89b9f7b762fbe88a.jpg,70c0ad9dd2999d0f89b9f7b762fbe88a
4680,datasets/cat_10k/images/70c0c939676db0fd6fa2a7184f42d1d1.jpg,70c0c939676db0fd6fa2a7184f42d1d1
4681,datasets/cat_10k/images/70c33f6248e1aac5cbd4d4aa05df2d51.jpg,70c33f6248e1aac5cbd4d4aa05df2d51
4682,datasets/cat_10k/images/70ca7584bff986b6cd04ad52315cad49.jpg,70ca7584bff986b6cd04ad52315cad49
4683,datasets/cat_10k/images/70cce2638ff84de65236a62f978838b4.jpg,70cce2638ff84de65236a62f978838b4
4684,datasets/cat_10k/images/70ce6fb7ac8237c0b4311f9976e45d7c.jpg,70ce6fb7ac8237c0b4311f9976e45d7c
4685,datasets/cat_10k/images/70f1f505ec8a56cff0412ab609cb1009.jpg,70f1f505ec8a56cff0412ab609cb1009
4686,datasets/cat_10k/images/70f4e96b31dd20e22115882d083dcff3.jpg,70f4e96b31dd20e22115882d083dcff3
4687,datasets/cat_10k/images/70fa41b6f8eddb81641d5d3b1f59914c.jpg,70fa41b6f8eddb81641d5d3b1f59914c
4688,datasets/cat_10k/images/7107bf73ee154cafcdfb7b3ed0ca4f55.jpg,7107bf73ee154cafcdfb7b3ed0ca4f55
4689,datasets/cat_10k/images/71188c053d4ec1d05a7b9962b8ab08fe.jpg,71188c053d4ec1d05a7b9962b8ab08fe
4690,datasets/cat_10k/images/7119930653693aa2644f40913a1d3400.jpg,7119930653693aa2644f40913a1d3400
4691,datasets/cat_10k/images/712c2d018b1a56f14055153208344ce1.jpg,712c2d018b1a56f14055153208344ce1
4692,datasets/cat_10k/images/7132b944185485e66397f9484b4b37ce.jpg,7132b944185485e66397f9484b4b37ce
4693,datasets/cat_10k/images/7138ae16eebdfb49e4fee0a4fae2f865.jpg,7138ae16eebdfb49e4fee0a4fae2f865
4694,datasets/cat_10k/images/713d39a4a886e9281a6b88793da99ce3.jpg,713d39a4a886e9281a6b88793da99ce3
4695,datasets/cat_10k/images/7143f53f48297ea4e4b15a921f2be67b.jpg,7143f53f48297ea4e4b15a921f2be67b
4696,datasets/cat_10k/images/71441f4e12eb5e88a2685e5253ce4e9d.jpg,71441f4e12eb5e88a2685e5253ce4e9d
4697,datasets/cat_10k/images/7148fef03e387acb1d9af0fab1532efd.jpg,7148fef03e387acb1d9af0fab1532efd
4698,datasets/cat_10k/images/714aae2761f1c2b8e5e5e7ab86e5cae2.jpg,714aae2761f1c2b8e5e5e7ab86e5cae2
4699,datasets/cat_10k/images/7157cfe9e59f1676b75cf82e2e43f080.jpg,7157cfe9e59f1676b75cf82e2e43f080
4700,datasets/cat_10k/images/7158e7465261d3f46d3f526f948d2ed1.jpg,7158e7465261d3f46d3f526f948d2ed1
4701,datasets/cat_10k/images/716142217342b1538b69901d3e193667.jpg,716142217342b1538b69901d3e193667
4702,datasets/cat_10k/images/716ce2fec08df2c3e225cbce62a29b07.jpg,716ce2fec08df2c3e225cbce62a29b07
4703,datasets/cat_10k/images/716e9966ceafa6d223e24b79c70b32cc.jpg,716e9966ceafa6d223e24b79c70b32cc
4704,datasets/cat_10k/images/7173044d75607c057d09f9f2e8f1328a.jpg,7173044d75607c057d09f9f2e8f1328a
4705,datasets/cat_10k/images/7177b9bcb0c669f103bc05ff4392990a.jpg,7177b9bcb0c669f103bc05ff4392990a
4706,datasets/cat_10k/images/7178637aa11f6855fec40ed78af6c9ed.jpg,7178637aa11f6855fec40ed78af6c9ed
4707,datasets/cat_10k/images/717ea7f1bc1ab0160f4f3efd21283ac1.jpg,717ea7f1bc1ab0160f4f3efd21283ac1
4708,datasets/cat_10k/images/71a3fb5dc062b00c56167a904c45d204.jpg,71a3fb5dc062b00c56167a904c45d204
4709,datasets/cat_10k/images/71a9416d9bbc2df6deac53d295c23cdb.jpg,71a9416d9bbc2df6deac53d295c23cdb
4710,datasets/cat_10k/images/71b0ccdd41b70b0d3c280f0cef3faf94.jpg,71b0ccdd41b70b0d3c280f0cef3faf94
4711,datasets/cat_10k/images/71b688ae56922c8fc2fbd34132dc4bb2.jpg,71b688ae56922c8fc2fbd34132dc4bb2
4712,datasets/cat_10k/images/71c3e446257baf6e82e69b805655c601.jpg,71c3e446257baf6e82e69b805655c601
4713,datasets/cat_10k/images/71c731dcddaa82be6ee69c1d69084bd3.jpg,71c731dcddaa82be6ee69c1d69084bd3
4714,datasets/cat_10k/images/71d0a8bb56534e7c2b9dbeb6b50928f2.jpg,71d0a8bb56534e7c2b9dbeb6b50928f2
4715,datasets/cat_10k/images/71d38e0f8f2e3921be50d607a37de92f.jpg,71d38e0f8f2e3921be50d607a37de92f
4716,datasets/cat_10k/images/71d3da3a1ae2c70bdc00fe6ec4453200.jpg,71d3da3a1ae2c70bdc00fe6ec4453200
4717,datasets/cat_10k/images/71d4b17127cd71215caa1aa76d2ae5a1.jpg,71d4b17127cd71215caa1aa76d2ae5a1
4718,datasets/cat_10k/images/71e038400b5d90ea25150c2665b4c64e.jpg,71e038400b5d90ea25150c2665b4c64e
4719,datasets/cat_10k/images/71e107ded20e5fdc0186679e646aa591.jpg,71e107ded20e5fdc0186679e646aa591
4720,datasets/cat_10k/images/71e11a89f6da03d8e218487a6992e192.jpg,71e11a89f6da03d8e218487a6992e192
4721,datasets/cat_10k/images/71fcfa8cdd39d211bd1dc5f0114614c9.jpg,71fcfa8cdd39d211bd1dc5f0114614c9
4722,datasets/cat_10k/images/71ff2b781824f7dd29bb001e91d0c012.jpg,71ff2b781824f7dd29bb001e91d0c012
4723,datasets/cat_10k/images/7204b27a821894edb450d25fe77c803f.jpg,7204b27a821894edb450d25fe77c803f
4724,datasets/cat_10k/images/7207210195833ae14327868c67ec7b2d.jpg,7207210195833ae14327868c67ec7b2d
4725,datasets/cat_10k/images/7207f4138d27adb4f764f6b11635c628.jpg,7207f4138d27adb4f764f6b11635c628
4726,datasets/cat_10k/images/720e6d1697fbcf667be4fe09c832ed3a.jpg,720e6d1697fbcf667be4fe09c832ed3a
4727,datasets/cat_10k/images/720fc4c3395266a46b5f8c0b9de36d52.jpg,720fc4c3395266a46b5f8c0b9de36d52
4728,datasets/cat_10k/images/720fd45ce595985b94d734c28798892d.jpg,720fd45ce595985b94d734c28798892d
4729,datasets/cat_10k/images/7211bc19acbaf65c339c3430723a2b18.jpg,7211bc19acbaf65c339c3430723a2b18
4730,datasets/cat_10k/images/721c86b8dee8bc7a86a8337101625d5a.jpg,721c86b8dee8bc7a86a8337101625d5a
4731,datasets/cat_10k/images/7221c448f5b709cd88059985ca9103e9.jpg,7221c448f5b709cd88059985ca9103e9
4732,datasets/cat_10k/images/722b9e99c3113fedb65035becc2ef345.jpg,722b9e99c3113fedb65035becc2ef345
4733,datasets/cat_10k/images/72333b1e28ff5aa006f786ab3fe280a6.jpg,72333b1e28ff5aa006f786ab3fe280a6
4734,datasets/cat_10k/images/7240c2a398147e1a379e1b67c4cde67e.jpg,7240c2a398147e1a379e1b67c4cde67e
4735,datasets/cat_10k/images/72476a191d7cb5b9aa5cf3fb44209b22.jpg,72476a191d7cb5b9aa5cf3fb44209b22
4736,datasets/cat_10k/images/72483b6b151437346cfba43e1c5d90bf.jpg,72483b6b151437346cfba43e1c5d90bf
4737,datasets/cat_10k/images/72560a0e46d2462ce40aa850272fa969.jpg,72560a0e46d2462ce40aa850272fa969
4738,datasets/cat_10k/images/72562a670430badbbe71c608ab9ef7be.jpg,72562a670430badbbe71c608ab9ef7be
4739,datasets/cat_10k/images/7258314687dec4377cd270a1ada894c9.jpg,7258314687dec4377cd270a1ada894c9
4740,datasets/cat_10k/images/725e6445019f58df35cd6ff5702b3df8.jpg,725e6445019f58df35cd6ff5702b3df8
4741,datasets/cat_10k/images/726337c23222426f366b40cc35b7b84d.jpg,726337c23222426f366b40cc35b7b84d
4742,datasets/cat_10k/images/7266d882a171a289ddb2ae588b4dead5.jpg,7266d882a171a289ddb2ae588b4dead5
4743,datasets/cat_10k/images/7266f61431ea1086ca0efd31e5263d6a.jpg,7266f61431ea1086ca0efd31e5263d6a
4744,datasets/cat_10k/images/726ee60706cbb7f9c6ac5e1133d81783.jpg,726ee60706cbb7f9c6ac5e1133d81783
4745,datasets/cat_10k/images/7286ec7540964dc4f5210acead43a810.jpg,7286ec7540964dc4f5210acead43a810
4746,datasets/cat_10k/images/728d02b05ff44bb9cd63a56c506d2cfa.jpg,728d02b05ff44bb9cd63a56c506d2cfa
4747,datasets/cat_10k/images/7297ff3a6ced8006bc4914ce19548175.jpg,7297ff3a6ced8006bc4914ce19548175
4748,datasets/cat_10k/images/72a2164e74ba54142f7f04eb86c98db6.jpg,72a2164e74ba54142f7f04eb86c98db6
4749,datasets/cat_10k/images/72ae8c08d9a54961444d5ade1fbe62f3.jpg,72ae8c08d9a54961444d5ade1fbe62f3
4750,datasets/cat_10k/images/72afa65d7e96420689a57e5ed6b4c74c.jpg,72afa65d7e96420689a57e5ed6b4c74c
4751,datasets/cat_10k/images/72b16ea695f5f6674db8b65c87cba636.jpg,72b16ea695f5f6674db8b65c87cba636
4752,datasets/cat_10k/images/72bc97b6f042934a1636e28057cddb65.jpg,72bc97b6f042934a1636e28057cddb65
4753,datasets/cat_10k/images/72bd4c034772f4a0b9c9a477f534067a.jpg,72bd4c034772f4a0b9c9a477f534067a
4754,datasets/cat_10k/images/72c7c944770a45756531731cce83077e.jpg,72c7c944770a45756531731cce83077e
4755,datasets/cat_10k/images/72d541391eef0ae34aecee1b90a96bbe.jpg,72d541391eef0ae34aecee1b90a96bbe
4756,datasets/cat_10k/images/72dae87b67e671ec9b04ce0eb2f35de7.jpg,72dae87b67e671ec9b04ce0eb2f35de7
4757,datasets/cat_10k/images/72de0e82610f8588fe77bb8bd5697f6d.jpg,72de0e82610f8588fe77bb8bd5697f6d
4758,datasets/cat_10k/images/72e07fed16d51f085aff8e973f658130.jpg,72e07fed16d51f085aff8e973f658130
4759,datasets/cat_10k/images/72e34560e236aaa55e79cb4ea1857642.jpg,72e34560e236aaa55e79cb4ea1857642
4760,datasets/cat_10k/images/72e56d2c37d31dcba9b1bb8f198c0715.jpg,72e56d2c37d31dcba9b1bb8f198c0715
4761,datasets/cat_10k/images/72ed4ae166836db5b5339ffa40610a79.jpg,72ed4ae166836db5b5339ffa40610a79
4762,datasets/cat_10k/images/72f2b586c8460d81960a4610d8c7bf8f.jpg,72f2b586c8460d81960a4610d8c7bf8f
4763,datasets/cat_10k/images/730467f98a57594421ac17d1130c812f.jpg,730467f98a57594421ac17d1130c812f
4764,datasets/cat_10k/images/730c66afb889d3448710b938f65a1556.jpg,730c66afb889d3448710b938f65a1556
4765,datasets/cat_10k/images/73173dda67956267f96e1fc77c6a5c8e.jpg,73173dda67956267f96e1fc77c6a5c8e
4766,datasets/cat_10k/images/7321c52ba3dd6a2a07ab9f81b42a1341.jpg,7321c52ba3dd6a2a07ab9f81b42a1341
4767,datasets/cat_10k/images/7326f6c9d0b86b22b9623e2443784f40.jpg,7326f6c9d0b86b22b9623e2443784f40
4768,datasets/cat_10k/images/73280dbad7c644569b2c5144bdbbade6.jpg,73280dbad7c644569b2c5144bdbbade6
4769,datasets/cat_10k/images/732d2c4f4adaddbccf97fce402ac73a8.jpg,732d2c4f4adaddbccf97fce402ac73a8
4770,datasets/cat_10k/images/732efff74582980c40b0c98bd0c3e9d9.jpg,732efff74582980c40b0c98bd0c3e9d9
4771,datasets/cat_10k/images/735811b3e0bbbe5512f3b724fac6f067.jpg,735811b3e0bbbe5512f3b724fac6f067
4772,datasets/cat_10k/images/735e247dc026c51a870eb5f267e6c0c0.jpg,735e247dc026c51a870eb5f267e6c0c0
4773,datasets/cat_10k/images/73605fbdeae6c3316dd0be15d645488c.jpg,73605fbdeae6c3316dd0be15d645488c
4774,datasets/cat_10k/images/7362725c9aff6af2c1579005462aba4e.jpg,7362725c9aff6af2c1579005462aba4e
4775,datasets/cat_10k/images/7369426ddbd10135e5e6e5e078eae7d7.jpg,7369426ddbd10135e5e6e5e078eae7d7
4776,datasets/cat_10k/images/737062768c4b4a12f84007bd45c3db26.jpg,737062768c4b4a12f84007bd45c3db26
4777,datasets/cat_10k/images/7385ba7c4edac4799a601447f2fd3812.jpg,7385ba7c4edac4799a601447f2fd3812
4778,datasets/cat_10k/images/7387bf60f084e5c0ca79ee91e1370390.jpg,7387bf60f084e5c0ca79ee91e1370390
4779,datasets/cat_10k/images/738d1b8e02215dc7ebfbacd96566ca7a.jpg,738d1b8e02215dc7ebfbacd96566ca7a
4780,datasets/cat_10k/images/73987c1eec0bf3ba7e48f5220ccb6ddc.jpg,73987c1eec0bf3ba7e48f5220ccb6ddc
4781,datasets/cat_10k/images/73a17ef2d2babb310da9fa3113a9d49a.jpg,73a17ef2d2babb310da9fa3113a9d49a
4782,datasets/cat_10k/images/73a2a00a3be95c28bf0c0b627c29b575.jpg,73a2a00a3be95c28bf0c0b627c29b575
4783,datasets/cat_10k/images/73ad620fb2bfcdb7bac64b2270a723e3.jpg,73ad620fb2bfcdb7bac64b2270a723e3
4784,datasets/cat_10k/images/73b23155dc45b54a402cb48eeac118da.jpg,73b23155dc45b54a402cb48eeac118da
4785,datasets/cat_10k/images/73b3235ae0ab85b7b48f5bc33f6ff51a.jpg,73b3235ae0ab85b7b48f5bc33f6ff51a
4786,datasets/cat_10k/images/73bc944df22a21043dfbcbddf14f2ede.jpg,73bc944df22a21043dfbcbddf14f2ede
4787,datasets/cat_10k/images/73c32e384cce6ae5d88e849003ddabfc.jpg,73c32e384cce6ae5d88e849003ddabfc
4788,datasets/cat_10k/images/73c6b77ab91c9ff32ecef507d8151644.jpg,73c6b77ab91c9ff32ecef507d8151644
4789,datasets/cat_10k/images/73d92ac5882bd934361d3719d8ab8ad9.jpg,73d92ac5882bd934361d3719d8ab8ad9
4790,datasets/cat_10k/images/73dd0d20e9e772489179eb7368312f96.jpg,73dd0d20e9e772489179eb7368312f96
4791,datasets/cat_10k/images/73dd3e333fd02b8d41aab4cb955fc0be.jpg,73dd3e333fd02b8d41aab4cb955fc0be
4792,datasets/cat_10k/images/73e7ef5efcf20fd9a8cbd85c91026150.jpg,73e7ef5efcf20fd9a8cbd85c91026150
4793,datasets/cat_10k/images/73efd5bb41ed23b185a55cb16ed3fb96.jpg,73efd5bb41ed23b185a55cb16ed3fb96
4794,datasets/cat_10k/images/73f4f00aaf4a125e2a22d08578d4b060.jpg,73f4f00aaf4a125e2a22d08578d4b060
4795,datasets/cat_10k/images/7401c32bf19c9c0465934a5c1aba5152.jpg,7401c32bf19c9c0465934a5c1aba5152
4796,datasets/cat_10k/images/74047c5291c2b22e37b3d98605151797.jpg,74047c5291c2b22e37b3d98605151797
4797,datasets/cat_10k/images/740a3a1dce3370bf844b5a16eb45c7b1.jpg,740a3a1dce3370bf844b5a16eb45c7b1
4798,datasets/cat_10k/images/7411ee58a929fce5fba411aa35b06f53.jpg,7411ee58a929fce5fba411aa35b06f53
4799,datasets/cat_10k/images/7414ca745da1e1907ea3abe3121632cc.jpg,7414ca745da1e1907ea3abe3121632cc
4800,datasets/cat_10k/images/74217b8988c2330ec2d01d85646b1e6a.jpg,74217b8988c2330ec2d01d85646b1e6a
4801,datasets/cat_10k/images/74246fd75cfc8e9033fdf99ff5d5b3b0.jpg,74246fd75cfc8e9033fdf99ff5d5b3b0
4802,datasets/cat_10k/images/7430a96d0461f49f9ad43719f46c8f65.jpg,7430a96d0461f49f9ad43719f46c8f65
4803,datasets/cat_10k/images/743c0c215882ffe748d0efd0aa125399.jpg,743c0c215882ffe748d0efd0aa125399
4804,datasets/cat_10k/images/743e74923f1deaab4fcb4a30603092e5.jpg,743e74923f1deaab4fcb4a30603092e5
4805,datasets/cat_10k/images/744d9ba2d24d9045031fe0776ec2f48e.jpg,744d9ba2d24d9045031fe0776ec2f48e
4806,datasets/cat_10k/images/7453fbd4ef2daafbb842acb7d663441e.jpg,7453fbd4ef2daafbb842acb7d663441e
4807,datasets/cat_10k/images/74549ed8111fcd39d74fbcb00006236b.jpg,74549ed8111fcd39d74fbcb00006236b
4808,datasets/cat_10k/images/745624e39f0c1256bd86b93a73b04e5f.jpg,745624e39f0c1256bd86b93a73b04e5f
4809,datasets/cat_10k/images/745dc148191dfba78004e2259a7d7e10.jpg,745dc148191dfba78004e2259a7d7e10
4810,datasets/cat_10k/images/74685568375ba68533008dcf8db25a55.jpg,74685568375ba68533008dcf8db25a55
4811,datasets/cat_10k/images/7468e417cd93c484c4aa8b72bdfa7b7b.jpg,7468e417cd93c484c4aa8b72bdfa7b7b
4812,datasets/cat_10k/images/746b6c4e27fa55892f78744d19c678f0.jpg,746b6c4e27fa55892f78744d19c678f0
4813,datasets/cat_10k/images/746ba65376dcbded75034665c8cefa05.jpg,746ba65376dcbded75034665c8cefa05
4814,datasets/cat_10k/images/7475c14082ed3a0ff1ad1418f737845c.jpg,7475c14082ed3a0ff1ad1418f737845c
4815,datasets/cat_10k/images/74765664394f4d088a112cb48429d623.jpg,74765664394f4d088a112cb48429d623
4816,datasets/cat_10k/images/7479ebec8911a2f39be961a4089f55b9.jpg,7479ebec8911a2f39be961a4089f55b9
4817,datasets/cat_10k/images/747c9d1b7fca0d3aa5311e6143c625d8.jpg,747c9d1b7fca0d3aa5311e6143c625d8
4818,datasets/cat_10k/images/748a09155705bfe9a0aef7c0df5ba638.jpg,748a09155705bfe9a0aef7c0df5ba638
4819,datasets/cat_10k/images/74a097cbdee5a3774aa79d12eb8ed9b5.jpg,74a097cbdee5a3774aa79d12eb8ed9b5
4820,datasets/cat_10k/images/74ad8325497204f1991e007e7044aea0.jpg,74ad8325497204f1991e007e7044aea0
4821,datasets/cat_10k/images/74b4e7426240a3f3c47859639d5465c8.jpg,74b4e7426240a3f3c47859639d5465c8
4822,datasets/cat_10k/images/74b5edbbd29c4e645135cfff7d807fff.jpg,74b5edbbd29c4e645135cfff7d807fff
4823,datasets/cat_10k/images/74bdd55aa914fa8e6c56695cddb377c4.jpg,74bdd55aa914fa8e6c56695cddb377c4
4824,datasets/cat_10k/images/74d19a2ed5f1e7a34d844b5cd5d87505.jpg,74d19a2ed5f1e7a34d844b5cd5d87505
4825,datasets/cat_10k/images/74e3adac96084d94da5ea3effeab7d3a.jpg,74e3adac96084d94da5ea3effeab7d3a
4826,datasets/cat_10k/images/74eb93eb2bd75542a8eae9f2f57f1b42.jpg,74eb93eb2bd75542a8eae9f2f57f1b42
4827,datasets/cat_10k/images/74f2b6bcff530e55c9dcc630d9668909.jpg,74f2b6bcff530e55c9dcc630d9668909
4828,datasets/cat_10k/images/74f3a71c5c100af1566ea3eb249ffd4d.jpg,74f3a71c5c100af1566ea3eb249ffd4d
4829,datasets/cat_10k/images/74f3aff839e8b270d769c290d288458a.jpg,74f3aff839e8b270d769c290d288458a
4830,datasets/cat_10k/images/74f3f3a91d306c5dc25dcc1b003bb259.jpg,74f3f3a91d306c5dc25dcc1b003bb259
4831,datasets/cat_10k/images/74fc3f7dd3b6414d0dc187a22a555dce.jpg,74fc3f7dd3b6414d0dc187a22a555dce
4832,datasets/cat_10k/images/7504ab24df381fdca3c84727b5537e54.jpg,7504ab24df381fdca3c84727b5537e54
4833,datasets/cat_10k/images/7507cff06d56d3df46218df1abc15821.jpg,7507cff06d56d3df46218df1abc15821
4834,datasets/cat_10k/images/7512b091e69b2facff0d96609833bef5.jpg,7512b091e69b2facff0d96609833bef5
4835,datasets/cat_10k/images/751a08860d0d438dbe23ffd99d592f11.jpg,751a08860d0d438dbe23ffd99d592f11
4836,datasets/cat_10k/images/752ddfedd8c99d268db242d8763b3352.jpg,752ddfedd8c99d268db242d8763b3352
4837,datasets/cat_10k/images/75353aeb026a5e247833cf23260db382.jpg,75353aeb026a5e247833cf23260db382
4838,datasets/cat_10k/images/753e4c248d52ab68712a3ff31b7dc0f9.jpg,753e4c248d52ab68712a3ff31b7dc0f9
4839,datasets/cat_10k/images/75459ac0c15dd8cf8ed0ec88226e5a5b.jpg,75459ac0c15dd8cf8ed0ec88226e5a5b
4840,datasets/cat_10k/images/7546dfbd248868095d98d7e31575d925.jpg,7546dfbd248868095d98d7e31575d925
4841,datasets/cat_10k/images/75541634ec00bc0a78bf1bfe39850811.jpg,75541634ec00bc0a78bf1bfe39850811
4842,datasets/cat_10k/images/755c5d37da1b5111b2992be6444189c9.jpg,755c5d37da1b5111b2992be6444189c9
4843,datasets/cat_10k/images/7562a7cf9dd6cb71b239eefd559d6af0.jpg,7562a7cf9dd6cb71b239eefd559d6af0
4844,datasets/cat_10k/images/75754afbea8054e6325e026f22026c7d.jpg,75754afbea8054e6325e026f22026c7d
4845,datasets/cat_10k/images/75768ff49a38e27c54ecd4041596f6a7.jpg,75768ff49a38e27c54ecd4041596f6a7
4846,datasets/cat_10k/images/75777ad181798071dc90d62fb532350f.jpg,75777ad181798071dc90d62fb532350f
4847,datasets/cat_10k/images/7578c2f9e4f8c87f808434fcc5157309.jpg,7578c2f9e4f8c87f808434fcc5157309
4848,datasets/cat_10k/images/7579c9e2553347c655d3ff24ea681043.jpg,7579c9e2553347c655d3ff24ea681043
4849,datasets/cat_10k/images/757d78b7aab4dc42b757382830dcee82.jpg,757d78b7aab4dc42b757382830dcee82
4850,datasets/cat_10k/images/75811ff9e87ddc384b736a3be3d1dcc7.jpg,75811ff9e87ddc384b736a3be3d1dcc7
4851,datasets/cat_10k/images/75962e1eaaae0392301a92bc8cea4077.jpg,75962e1eaaae0392301a92bc8cea4077
4852,datasets/cat_10k/images/75965fc2dcc04067658323a05a9fb11e.jpg,75965fc2dcc04067658323a05a9fb11e
4853,datasets/cat_10k/images/7599b26fca9139ae9edc8468b44c9a07.jpg,7599b26fca9139ae9edc8468b44c9a07
4854,datasets/cat_10k/images/75a52f19a94c5f856b408f43c001e317.jpg,75a52f19a94c5f856b408f43c001e317
4855,datasets/cat_10k/images/75a5c7157f8cb5ec7ac767f215230ec6.jpg,75a5c7157f8cb5ec7ac767f215230ec6
4856,datasets/cat_10k/images/75aeeb6fc254877b13b0d5304f5579c5.jpg,75aeeb6fc254877b13b0d5304f5579c5
4857,datasets/cat_10k/images/75be1a451fac937d0fa16a9881adfbbf.jpg,75be1a451fac937d0fa16a9881adfbbf
4858,datasets/cat_10k/images/75c57493e5577ab92a281ee4531ae638.jpg,75c57493e5577ab92a281ee4531ae638
4859,datasets/cat_10k/images/75c8478a9906de1ca37f5050bafb9d9a.jpg,75c8478a9906de1ca37f5050bafb9d9a
4860,datasets/cat_10k/images/75ca616ec649b10adcc136c69a6f34c7.jpg,75ca616ec649b10adcc136c69a6f34c7
4861,datasets/cat_10k/images/75cac7871238dc3ab46f54bd7a817e7b.jpg,75cac7871238dc3ab46f54bd7a817e7b
4862,datasets/cat_10k/images/75cae240eaf8e5f2843e01f08a168c0e.jpg,75cae240eaf8e5f2843e01f08a168c0e
4863,datasets/cat_10k/images/75cf599463cfe6fccb820bea5ebe8503.jpg,75cf599463cfe6fccb820bea5ebe8503
4864,datasets/cat_10k/images/75cf5c00004a49f5a32771e407d911f8.jpg,75cf5c00004a49f5a32771e407d911f8
4865,datasets/cat_10k/images/75d18c2df54b565d4c371036192d0c24.jpg,75d18c2df54b565d4c371036192d0c24
4866,datasets/cat_10k/images/75d9a09e2aa0adaa279d315ebaf6cd86.jpg,75d9a09e2aa0adaa279d315ebaf6cd86
4867,datasets/cat_10k/images/75d9e164a619bc28a203336632728f51.jpg,75d9e164a619bc28a203336632728f51
4868,datasets/cat_10k/images/75dc613e816e486c8e5ef31481616ac4.jpg,75dc613e816e486c8e5ef31481616ac4
4869,datasets/cat_10k/images/75e5dc6c91321efd8e13fee8e04c95ca.jpg,75e5dc6c91321efd8e13fee8e04c95ca
4870,datasets/cat_10k/images/75eac8dc5f7995b66c5ffb07c5c6ac7a.jpg,75eac8dc5f7995b66c5ffb07c5c6ac7a
4871,datasets/cat_10k/images/75ed3d514da5238aac095cac909fe2de.jpg,75ed3d514da5238aac095cac909fe2de
4872,datasets/cat_10k/images/75f509a6e3bd83a50c0536f7a8c1b29f.jpg,75f509a6e3bd83a50c0536f7a8c1b29f
4873,datasets/cat_10k/images/75fa8729360b526c917f716eb1b5ddf0.jpg,75fa8729360b526c917f716eb1b5ddf0
4874,datasets/cat_10k/images/75fc0b430648e2dbfb6881fd0f69b867.jpg,75fc0b430648e2dbfb6881fd0f69b867
4875,datasets/cat_10k/images/75fd7e80851170bc42d8e5f7eb313b2b.jpg,75fd7e80851170bc42d8e5f7eb313b2b
4876,datasets/cat_10k/images/76003ad9b28a92d04ce0553a8fc8e521.jpg,76003ad9b28a92d04ce0553a8fc8e521
4877,datasets/cat_10k/images/76086ff4d7f4c38b590fa83c9baab678.jpg,76086ff4d7f4c38b590fa83c9baab678
4878,datasets/cat_10k/images/760bf2988711c03becd8d5582f8df35d.jpg,760bf2988711c03becd8d5582f8df35d
4879,datasets/cat_10k/images/760df9f0bd53e7c413aaffa23b7260bc.jpg,760df9f0bd53e7c413aaffa23b7260bc
4880,datasets/cat_10k/images/7612965d4442b046d86d4044d9f38292.jpg,7612965d4442b046d86d4044d9f38292
4881,datasets/cat_10k/images/761466ac79ca1b4e468d4325c283b405.jpg,761466ac79ca1b4e468d4325c283b405
4882,datasets/cat_10k/images/7615445942fa694c08820edbcb11ba41.jpg,7615445942fa694c08820edbcb11ba41
4883,datasets/cat_10k/images/761a25de38f10e0dfae5d695fd62adb3.jpg,761a25de38f10e0dfae5d695fd62adb3
4884,datasets/cat_10k/images/761aae0b795f093ae14b191fc6cf9b45.jpg,761aae0b795f093ae14b191fc6cf9b45
4885,datasets/cat_10k/images/761c40d090f46dd236aa4751472f92c4.jpg,761c40d090f46dd236aa4751472f92c4
4886,datasets/cat_10k/images/762d213dc6bdbd12282435c724976271.jpg,762d213dc6bdbd12282435c724976271
4887,datasets/cat_10k/images/7638907b2cd3913516b5a0ebe3f64d42.jpg,7638907b2cd3913516b5a0ebe3f64d42
4888,datasets/cat_10k/images/764158eb076cdd7a36bd7f0b67a8a3c6.jpg,764158eb076cdd7a36bd7f0b67a8a3c6
4889,datasets/cat_10k/images/764d1be4ba43a9084a7139f626cfa3a3.jpg,764d1be4ba43a9084a7139f626cfa3a3
4890,datasets/cat_10k/images/76543302600775640f5fb7468325025e.jpg,76543302600775640f5fb7468325025e
4891,datasets/cat_10k/images/765a4bdaa5274241c798916abf4f8859.jpg,765a4bdaa5274241c798916abf4f8859
4892,datasets/cat_10k/images/765f6ab03051af0f24e3f568a7edb6b0.jpg,765f6ab03051af0f24e3f568a7edb6b0
4893,datasets/cat_10k/images/766264ff2f0a290133ad2003ed3d230e.jpg,766264ff2f0a290133ad2003ed3d230e
4894,datasets/cat_10k/images/7663f01eab38e9a113bbc015d21555d9.jpg,7663f01eab38e9a113bbc015d21555d9
4895,datasets/cat_10k/images/7665bf1324470687facca2b7606ea196.jpg,7665bf1324470687facca2b7606ea196
4896,datasets/cat_10k/images/7666fa9875dd46e3ffab8638b9b471f9.jpg,7666fa9875dd46e3ffab8638b9b471f9
4897,datasets/cat_10k/images/766a3264c976d2f71f77dff710f51e0f.jpg,766a3264c976d2f71f77dff710f51e0f
4898,datasets/cat_10k/images/766d45c6116c2bb0dd3844af1c2438d6.jpg,766d45c6116c2bb0dd3844af1c2438d6
4899,datasets/cat_10k/images/766d6e288f7f6b8cda29d3ca67ec35bf.jpg,766d6e288f7f6b8cda29d3ca67ec35bf
4900,datasets/cat_10k/images/76720a262397051df921e2349a10b3ee.jpg,76720a262397051df921e2349a10b3ee
4901,datasets/cat_10k/images/76720fee14475de6d1027ae2ccbd2bd8.jpg,76720fee14475de6d1027ae2ccbd2bd8
4902,datasets/cat_10k/images/76728eed3cab090e6c486cde4d1f0239.jpg,76728eed3cab090e6c486cde4d1f0239
4903,datasets/cat_10k/images/7675b79e188f55983dd8f036640b3cd4.jpg,7675b79e188f55983dd8f036640b3cd4
4904,datasets/cat_10k/images/7680864174aaf4e5d87d55f9572c0c33.jpg,7680864174aaf4e5d87d55f9572c0c33
4905,datasets/cat_10k/images/7683ecc25862cdd978fa458c886ce0ec.jpg,7683ecc25862cdd978fa458c886ce0ec
4906,datasets/cat_10k/images/7683f544220da3de8ce899772cba7860.jpg,7683f544220da3de8ce899772cba7860
4907,datasets/cat_10k/images/768c6ee41e7f3de57c4e1e1b6def27f7.jpg,768c6ee41e7f3de57c4e1e1b6def27f7
4908,datasets/cat_10k/images/768c8ed1b4f20b7a9deaa4cb02472e3f.jpg,768c8ed1b4f20b7a9deaa4cb02472e3f
4909,datasets/cat_10k/images/76a8cc731c8254b052c503df729332f9.jpg,76a8cc731c8254b052c503df729332f9
4910,datasets/cat_10k/images/76b0e3bd67e6936f6a174541c20d4e57.jpg,76b0e3bd67e6936f6a174541c20d4e57
4911,datasets/cat_10k/images/76b8e99467fc684d402029a61b78edba.jpg,76b8e99467fc684d402029a61b78edba
4912,datasets/cat_10k/images/76bc8a893f348451a9ad5b1237dee334.jpg,76bc8a893f348451a9ad5b1237dee334
4913,datasets/cat_10k/images/76c0e36f2745c039b617f610f075ba20.jpg,76c0e36f2745c039b617f610f075ba20
4914,datasets/cat_10k/images/76d3c11c11d6eb7e1c438fd56d5128f7.jpg,76d3c11c11d6eb7e1c438fd56d5128f7
4915,datasets/cat_10k/images/76d4f2ad8e04defec4df6c32d6efc528.jpg,76d4f2ad8e04defec4df6c32d6efc528
4916,datasets/cat_10k/images/76dd2b72b7400ad12d9f1213e39fcb58.jpg,76dd2b72b7400ad12d9f1213e39fcb58
4917,datasets/cat_10k/images/76e869844d189259ae2b400d6c9e72f5.jpg,76e869844d189259ae2b400d6c9e72f5
4918,datasets/cat_10k/images/76ebd5b0f65731f9ae0192556fc3103e.jpg,76ebd5b0f65731f9ae0192556fc3103e
4919,datasets/cat_10k/images/77074aae53ab6f7ff046b77dfe4eb0bf.jpg,77074aae53ab6f7ff046b77dfe4eb0bf
4920,datasets/cat_10k/images/771ccdaf5f27f95deb6c29596ff3abd8.jpg,771ccdaf5f27f95deb6c29596ff3abd8
4921,datasets/cat_10k/images/772ea63d029cadde1b3bf4dee91de01c.jpg,772ea63d029cadde1b3bf4dee91de01c
4922,datasets/cat_10k/images/77331b5f8078317c6a64c121577daacc.jpg,77331b5f8078317c6a64c121577daacc
4923,datasets/cat_10k/images/773babff87757291d8b65b3e512bca69.jpg,773babff87757291d8b65b3e512bca69
4924,datasets/cat_10k/images/774090778902ea25cf97c956dd80c51a.jpg,774090778902ea25cf97c956dd80c51a
4925,datasets/cat_10k/images/77465b3efc4a4735b11b976babd05563.jpg,77465b3efc4a4735b11b976babd05563
4926,datasets/cat_10k/images/774cb12ff622653301544d65b01098cb.jpg,774cb12ff622653301544d65b01098cb
4927,datasets/cat_10k/images/77545a89c01770086965463b3bfaac62.jpg,77545a89c01770086965463b3bfaac62
4928,datasets/cat_10k/images/775b0bb68092c2f89761f375142f0a41.jpg,775b0bb68092c2f89761f375142f0a41
4929,datasets/cat_10k/images/775ce87f1dc50bb7ea1568817feb0ba5.jpg,775ce87f1dc50bb7ea1568817feb0ba5
4930,datasets/cat_10k/images/776323d704a3c68617afa457946d4f2c.jpg,776323d704a3c68617afa457946d4f2c
4931,datasets/cat_10k/images/7768513bd8e2da0a1334b944ba659f57.jpg,7768513bd8e2da0a1334b944ba659f57
4932,datasets/cat_10k/images/778e78bd11c5d10b03479c6423ce4910.jpg,778e78bd11c5d10b03479c6423ce4910
4933,datasets/cat_10k/images/7791e96f4f115f7bce6b544cb12f0ccf.jpg,7791e96f4f115f7bce6b544cb12f0ccf
4934,datasets/cat_10k/images/7794260c586e4e4fd22c6aa4bb356d4d.jpg,7794260c586e4e4fd22c6aa4bb356d4d
4935,datasets/cat_10k/images/779a30c989cf2bff57b84387d2fbb033.jpg,779a30c989cf2bff57b84387d2fbb033
4936,datasets/cat_10k/images/77a87f02e55feb83519043af27ac490b.jpg,77a87f02e55feb83519043af27ac490b
4937,datasets/cat_10k/images/77a9986f24fd9619a77ba7da5b6c3fb8.jpg,77a9986f24fd9619a77ba7da5b6c3fb8
4938,datasets/cat_10k/images/77b3fc52c0a48f7f398bc36fea87af7c.jpg,77b3fc52c0a48f7f398bc36fea87af7c
4939,datasets/cat_10k/images/77c952310373ad113015bc01f66005e1.jpg,77c952310373ad113015bc01f66005e1
4940,datasets/cat_10k/images/77d81cb0a09e833cdadbb303d64d2172.jpg,77d81cb0a09e833cdadbb303d64d2172
4941,datasets/cat_10k/images/77dfa5f682a6ace1da57ee92c9459df2.jpg,77dfa5f682a6ace1da57ee92c9459df2
4942,datasets/cat_10k/images/77f1ba131a3039b79a2d00b6ee06c5f6.jpg,77f1ba131a3039b79a2d00b6ee06c5f6
4943,datasets/cat_10k/images/77fa20fcc50096a236a1aa190ab54335.jpg,77fa20fcc50096a236a1aa190ab54335
4944,datasets/cat_10k/images/77fcd8c94b61088a98834ce14affe24b.jpg,77fcd8c94b61088a98834ce14affe24b
4945,datasets/cat_10k/images/78022b2c9dc425e5fd11ff35aafc3b3e.jpg,78022b2c9dc425e5fd11ff35aafc3b3e
4946,datasets/cat_10k/images/7807c981de674003f28ba10fc618a10a.jpg,7807c981de674003f28ba10fc618a10a
4947,datasets/cat_10k/images/78083313ef627464ddb8636fd1cfec44.jpg,78083313ef627464ddb8636fd1cfec44
4948,datasets/cat_10k/images/780b70388eb1185f90a4722277170a8b.jpg,780b70388eb1185f90a4722277170a8b
4949,datasets/cat_10k/images/78118bf727caa69cac7e9b8325d14bf3.jpg,78118bf727caa69cac7e9b8325d14bf3
4950,datasets/cat_10k/images/7814aeba0c3265dbeab6004b79225e22.jpg,7814aeba0c3265dbeab6004b79225e22
4951,datasets/cat_10k/images/7819c305bd307b03e43a67058f16dd0b.jpg,7819c305bd307b03e43a67058f16dd0b
4952,datasets/cat_10k/images/7819e4efd64c466005fcb4052d5fa740.jpg,7819e4efd64c466005fcb4052d5fa740
4953,datasets/cat_10k/images/781aea91a38f73c4c4ccdccec8cdd55a.jpg,781aea91a38f73c4c4ccdccec8cdd55a
4954,datasets/cat_10k/images/781ccecde3b8049f00debb3bbc4a08bf.jpg,781ccecde3b8049f00debb3bbc4a08bf
4955,datasets/cat_10k/images/7825dca8a6748f03e685da670e7862b5.jpg,7825dca8a6748f03e685da670e7862b5
4956,datasets/cat_10k/images/7829d0dff81f409141283aa563a0312b.jpg,7829d0dff81f409141283aa563a0312b
4957,datasets/cat_10k/images/782dd9987213149c16a5420f9ba32ff1.jpg,782dd9987213149c16a5420f9ba32ff1
4958,datasets/cat_10k/images/7833b4aef5b8e33f8034dac3a9378d28.jpg,7833b4aef5b8e33f8034dac3a9378d28
4959,datasets/cat_10k/images/7841a02d84732b71f2317eba848ea046.jpg,7841a02d84732b71f2317eba848ea046
4960,datasets/cat_10k/images/78450f76df08914e2ec258f56f426c99.jpg,78450f76df08914e2ec258f56f426c99
4961,datasets/cat_10k/images/785f0e14e4849dee1e95d1047f242015.jpg,785f0e14e4849dee1e95d1047f242015
4962,datasets/cat_10k/images/7868e1d18042e9b975627e32461649ef.jpg,7868e1d18042e9b975627e32461649ef
4963,datasets/cat_10k/images/78700bdb7e6d0c6a5f96d5929e78ed56.jpg,78700bdb7e6d0c6a5f96d5929e78ed56
4964,datasets/cat_10k/images/787309de2f7d2b535db28e12d9dae2be.jpg,787309de2f7d2b535db28e12d9dae2be
4965,datasets/cat_10k/images/787527798d217ae1f03f9eb58ca2b17d.jpg,787527798d217ae1f03f9eb58ca2b17d
4966,datasets/cat_10k/images/78809749fd45884bc8e4a7c117e17fed.jpg,78809749fd45884bc8e4a7c117e17fed
4967,datasets/cat_10k/images/788f92a1e33e7b586945f69e5ce43064.jpg,788f92a1e33e7b586945f69e5ce43064
4968,datasets/cat_10k/images/78969ecf09a64cd6405c47c9465f73ea.jpg,78969ecf09a64cd6405c47c9465f73ea
4969,datasets/cat_10k/images/78a755258da6a72f05761dc3f377e05d.jpg,78a755258da6a72f05761dc3f377e05d
4970,datasets/cat_10k/images/78c9a5ac56802ceba239f3e5f7d2e13a.jpg,78c9a5ac56802ceba239f3e5f7d2e13a
4971,datasets/cat_10k/images/78c9ae62bc8b15a52d25c4ad7a1b56bc.jpg,78c9ae62bc8b15a52d25c4ad7a1b56bc
4972,datasets/cat_10k/images/78cb30d4962fe749c6b15bc1fd2d0a44.jpg,78cb30d4962fe749c6b15bc1fd2d0a44
4973,datasets/cat_10k/images/78cb533da10de1c879fa1b994a383754.jpg,78cb533da10de1c879fa1b994a383754
4974,datasets/cat_10k/images/78d0cb2c14a18404cc3efc0475654138.jpg,78d0cb2c14a18404cc3efc0475654138
4975,datasets/cat_10k/images/78ddd206ddee47bad32d6dbafcfff3df.jpg,78ddd206ddee47bad32d6dbafcfff3df
4976,datasets/cat_10k/images/78e04da0c303be24f6ca2a113bf4a722.jpg,78e04da0c303be24f6ca2a113bf4a722
4977,datasets/cat_10k/images/78e04e91c85aa86c311c0c0c9b392df6.jpg,78e04e91c85aa86c311c0c0c9b392df6
4978,datasets/cat_10k/images/78e55b02cb083a480f4318bffa816cb8.jpg,78e55b02cb083a480f4318bffa816cb8
4979,datasets/cat_10k/images/78faca12e27ec9c95c19d755a0739950.jpg,78faca12e27ec9c95c19d755a0739950
4980,datasets/cat_10k/images/7900db36fb643fe4b7b4376bf21e5123.jpg,7900db36fb643fe4b7b4376bf21e5123
4981,datasets/cat_10k/images/790337217bef3f7b97c40810185cc0f7.jpg,790337217bef3f7b97c40810185cc0f7
4982,datasets/cat_10k/images/7908c9537a21c5e31ee7a1d40e11bae8.jpg,7908c9537a21c5e31ee7a1d40e11bae8
4983,datasets/cat_10k/images/7924fc652b1e5ff5808131d8bbefb9e3.jpg,7924fc652b1e5ff5808131d8bbefb9e3
4984,datasets/cat_10k/images/793e978aa629e078c2239bf04b27b3b1.jpg,793e978aa629e078c2239bf04b27b3b1
4985,datasets/cat_10k/images/7951104dd7d994082ae4514f3caf0466.jpg,7951104dd7d994082ae4514f3caf0466
4986,datasets/cat_10k/images/79532ada96f9643511ed16a1edec9a4f.jpg,79532ada96f9643511ed16a1edec9a4f
4987,datasets/cat_10k/images/795753a0a774b22ea03f490a46a09cf9.jpg,795753a0a774b22ea03f490a46a09cf9
4988,datasets/cat_10k/images/795bfe26b303f65fe838298b425822d8.jpg,795bfe26b303f65fe838298b425822d8
4989,datasets/cat_10k/images/7960ca5927135508498ebe0f052322eb.jpg,7960ca5927135508498ebe0f052322eb
4990,datasets/cat_10k/images/79664777f0b3dd33836c11a21a66aeb8.jpg,79664777f0b3dd33836c11a21a66aeb8
4991,datasets/cat_10k/images/7971f54a7544e0094a6675fcb6cb976a.jpg,7971f54a7544e0094a6675fcb6cb976a
4992,datasets/cat_10k/images/79726cbd4190e1eabb38f1041241e8d5.jpg,79726cbd4190e1eabb38f1041241e8d5
4993,datasets/cat_10k/images/79732ebd3b8e4be2ca3877e9d0d4db7e.jpg,79732ebd3b8e4be2ca3877e9d0d4db7e
4994,datasets/cat_10k/images/797ae52769f3bffe28fd0728fe8828e5.jpg,797ae52769f3bffe28fd0728fe8828e5
4995,datasets/cat_10k/images/797b8473c97535dedd5b78b790c70453.jpg,797b8473c97535dedd5b78b790c70453
4996,datasets/cat_10k/images/79807ef3c1781ac6933da1140f401f16.jpg,79807ef3c1781ac6933da1140f401f16
4997,datasets/cat_10k/images/79817650b34eb26213c973e11ae9a4dc.jpg,79817650b34eb26213c973e11ae9a4dc
4998,datasets/cat_10k/images/799044d71cb7e3a0f7a6bb38ce6554cf.jpg,799044d71cb7e3a0f7a6bb38ce6554cf
4999,datasets/cat_10k/images/799387737e3585c65d36f646bd3423e4.jpg,799387737e3585c65d36f646bd3423e4
5000,datasets/cat_10k/images/79956244b8b80a6deafc447d56cc04ac.jpg,79956244b8b80a6deafc447d56cc04ac
5001,datasets/cat_10k/images/799c2082424d0e688c17a11943a47b74.jpg,799c2082424d0e688c17a11943a47b74
5002,datasets/cat_10k/images/799c9cbd0ece3ab359781f2496087dae.jpg,799c9cbd0ece3ab359781f2496087dae
5003,datasets/cat_10k/images/79a0ba70044952fe55a9ab349599e0d1.jpg,79a0ba70044952fe55a9ab349599e0d1
5004,datasets/cat_10k/images/79a3a4a69bf454ac5db33d21f4cb99bf.jpg,79a3a4a69bf454ac5db33d21f4cb99bf
5005,datasets/cat_10k/images/79ac3d9e3171d2ad6779a39db819ddd8.jpg,79ac3d9e3171d2ad6779a39db819ddd8
5006,datasets/cat_10k/images/79b03f2208dec42a67c01eca6f4d7951.jpg,79b03f2208dec42a67c01eca6f4d7951
5007,datasets/cat_10k/images/79b932d91110ddfbbc8dd2c01f663f31.jpg,79b932d91110ddfbbc8dd2c01f663f31
5008,datasets/cat_10k/images/79c96cf59f4f2b91276682afbb906a6c.jpg,79c96cf59f4f2b91276682afbb906a6c
5009,datasets/cat_10k/images/79cc9e41770669e53ff567d2ae79a364.jpg,79cc9e41770669e53ff567d2ae79a364
5010,datasets/cat_10k/images/79d29ffbcf28d5fd78314194c86ee776.jpg,79d29ffbcf28d5fd78314194c86ee776
5011,datasets/cat_10k/images/79d3b2eda93ce474a477e2b415c6bc67.jpg,79d3b2eda93ce474a477e2b415c6bc67
5012,datasets/cat_10k/images/79d6a5d537b910851f3f9bf5b4486260.jpg,79d6a5d537b910851f3f9bf5b4486260
5013,datasets/cat_10k/images/79e68a8dc9a191cb957eb9e28c40d83b.jpg,79e68a8dc9a191cb957eb9e28c40d83b
5014,datasets/cat_10k/images/79ef565ae88bd8325d0a153101c62b2c.jpg,79ef565ae88bd8325d0a153101c62b2c
5015,datasets/cat_10k/images/79f2c2a440108f4831b1715bd4a011f0.jpg,79f2c2a440108f4831b1715bd4a011f0
5016,datasets/cat_10k/images/79f5d467ee06b9979ddb18399de56a4c.jpg,79f5d467ee06b9979ddb18399de56a4c
5017,datasets/cat_10k/images/7a021ffdb7aa5a5d7fd416dd5672d851.jpg,7a021ffdb7aa5a5d7fd416dd5672d851
5018,datasets/cat_10k/images/7a04614c0401a497b556bc924386776b.jpg,7a04614c0401a497b556bc924386776b
5019,datasets/cat_10k/images/7a0735aaa1d1355c455915399f684a80.jpg,7a0735aaa1d1355c455915399f684a80
5020,datasets/cat_10k/images/7a07eea6e936431ea3e307f1a0aa6dc5.jpg,7a07eea6e936431ea3e307f1a0aa6dc5
5021,datasets/cat_10k/images/7a07fee2b2463c2779cd99998528c8f5.jpg,7a07fee2b2463c2779cd99998528c8f5
5022,datasets/cat_10k/images/7a0de2e5e91fba18203ffb89dc6e1334.jpg,7a0de2e5e91fba18203ffb89dc6e1334
5023,datasets/cat_10k/images/7a147f3264cfabeb1e8d3ecf2ddbe437.jpg,7a147f3264cfabeb1e8d3ecf2ddbe437
5024,datasets/cat_10k/images/7a229deb293a74dc29283246e5fc0ec7.jpg,7a229deb293a74dc29283246e5fc0ec7
5025,datasets/cat_10k/images/7a270f93d40fc8c252cc9e17dd708ee7.jpg,7a270f93d40fc8c252cc9e17dd708ee7
5026,datasets/cat_10k/images/7a27589a13e67a078913033c2ac7f766.jpg,7a27589a13e67a078913033c2ac7f766
5027,datasets/cat_10k/images/7a28a70fdb92e8fa46488d1dc0698278.jpg,7a28a70fdb92e8fa46488d1dc0698278
5028,datasets/cat_10k/images/7a2ae6012ad1036ac87523729247acfc.jpg,7a2ae6012ad1036ac87523729247acfc
5029,datasets/cat_10k/images/7a2d41e327d3607cdeb831a3bb254573.jpg,7a2d41e327d3607cdeb831a3bb254573
5030,datasets/cat_10k/images/7a317602aabba6363734dd2ea44950d8.jpg,7a317602aabba6363734dd2ea44950d8
5031,datasets/cat_10k/images/7a548746cdbf610251151cb154c912a2.jpg,7a548746cdbf610251151cb154c912a2
5032,datasets/cat_10k/images/7a57da5f5a17e7d171d504f59f7d530d.jpg,7a57da5f5a17e7d171d504f59f7d530d
5033,datasets/cat_10k/images/7a5d990fb1ff94ff5146188e492fa313.jpg,7a5d990fb1ff94ff5146188e492fa313
5034,datasets/cat_10k/images/7a64374d5528a38f6b193348af41b4f7.jpg,7a64374d5528a38f6b193348af41b4f7
5035,datasets/cat_10k/images/7a653f496ed70651d0d4c037911b34d1.jpg,7a653f496ed70651d0d4c037911b34d1
5036,datasets/cat_10k/images/7a70aeb94b75ac43278232d40196f58b.jpg,7a70aeb94b75ac43278232d40196f58b
5037,datasets/cat_10k/images/7a7d49115a7eb9500999de10774a6cfc.jpg,7a7d49115a7eb9500999de10774a6cfc
5038,datasets/cat_10k/images/7a7ec66fe70eb5207018788e42012cce.jpg,7a7ec66fe70eb5207018788e42012cce
5039,datasets/cat_10k/images/7a81bf21cb6477306ad58fedb1ad1402.jpg,7a81bf21cb6477306ad58fedb1ad1402
5040,datasets/cat_10k/images/7a841215fadc7f6e93bb69102a988374.jpg,7a841215fadc7f6e93bb69102a988374
5041,datasets/cat_10k/images/7a8caa845ba9b70a3d97335d309e616c.jpg,7a8caa845ba9b70a3d97335d309e616c
5042,datasets/cat_10k/images/7a9831dfca88e6349b0957e5ee918d60.jpg,7a9831dfca88e6349b0957e5ee918d60
5043,datasets/cat_10k/images/7aa016a2c5edb298f3564046a0e2adf5.jpg,7aa016a2c5edb298f3564046a0e2adf5
5044,datasets/cat_10k/images/7aa08af8d7ada490ba24c8dde34dec20.jpg,7aa08af8d7ada490ba24c8dde34dec20
5045,datasets/cat_10k/images/7aa2b1471e0303c052aac9831d87037d.jpg,7aa2b1471e0303c052aac9831d87037d
5046,datasets/cat_10k/images/7aa36ded6a9b8bfaf235511ffe374ca5.jpg,7aa36ded6a9b8bfaf235511ffe374ca5
5047,datasets/cat_10k/images/7aa734a6ddde0da2cca8d757b598dd41.jpg,7aa734a6ddde0da2cca8d757b598dd41
5048,datasets/cat_10k/images/7aaad204f3ed44a18e17bb1d98632230.jpg,7aaad204f3ed44a18e17bb1d98632230
5049,datasets/cat_10k/images/7ab4b744b04febb55627fc96f5c61a60.jpg,7ab4b744b04febb55627fc96f5c61a60
5050,datasets/cat_10k/images/7ab73c1cdaf874b4fed0ffe754471ca3.jpg,7ab73c1cdaf874b4fed0ffe754471ca3
5051,datasets/cat_10k/images/7aba8053c38e6486f532cc2511088e2e.jpg,7aba8053c38e6486f532cc2511088e2e
5052,datasets/cat_10k/images/7ac1e8fa2910ab84a3021721a299e8fb.jpg,7ac1e8fa2910ab84a3021721a299e8fb
5053,datasets/cat_10k/images/7ac33525f3599c456688fe649fc24401.jpg,7ac33525f3599c456688fe649fc24401
5054,datasets/cat_10k/images/7ac43936695cde511600eadfd0251e81.jpg,7ac43936695cde511600eadfd0251e81
5055,datasets/cat_10k/images/7ac54aa75d04f2def34f46f4cfb6b0d2.jpg,7ac54aa75d04f2def34f46f4cfb6b0d2
5056,datasets/cat_10k/images/7ac6ca8a6f80d28d30a19c4efa5edbd2.jpg,7ac6ca8a6f80d28d30a19c4efa5edbd2
5057,datasets/cat_10k/images/7ac9742502e0a2fc0bb15b3b79914473.jpg,7ac9742502e0a2fc0bb15b3b79914473
5058,datasets/cat_10k/images/7aca314848f04531d6f992ed4fcb5a26.jpg,7aca314848f04531d6f992ed4fcb5a26
5059,datasets/cat_10k/images/7ad07404663a435fb78a951dce353b8a.jpg,7ad07404663a435fb78a951dce353b8a
5060,datasets/cat_10k/images/7ad2de5353a738a29e43e8fe9c9d03b0.jpg,7ad2de5353a738a29e43e8fe9c9d03b0
5061,datasets/cat_10k/images/7ae1e3f762779e3d53806a5d32d4cddd.jpg,7ae1e3f762779e3d53806a5d32d4cddd
5062,datasets/cat_10k/images/7ae3b66ce0afaa94833a7c50553f28b4.jpg,7ae3b66ce0afaa94833a7c50553f28b4
5063,datasets/cat_10k/images/7aefcb794c1d0071d92e1525043dc4c1.jpg,7aefcb794c1d0071d92e1525043dc4c1
5064,datasets/cat_10k/images/7afe1f84c6cdd250dbe5199cc2574739.jpg,7afe1f84c6cdd250dbe5199cc2574739
5065,datasets/cat_10k/images/7b019eeed4546a6cd39cdfef05ac11b5.jpg,7b019eeed4546a6cd39cdfef05ac11b5
5066,datasets/cat_10k/images/7b050f369253306402057aa4d5592dcf.jpg,7b050f369253306402057aa4d5592dcf
5067,datasets/cat_10k/images/7b065a4a475f2e3cd7d170951b097b25.jpg,7b065a4a475f2e3cd7d170951b097b25
5068,datasets/cat_10k/images/7b11a382b34e9f29cb52ae196a5a13a3.jpg,7b11a382b34e9f29cb52ae196a5a13a3
5069,datasets/cat_10k/images/7b250dd4fde852752970642e2cf3b217.jpg,7b250dd4fde852752970642e2cf3b217
5070,datasets/cat_10k/images/7b2d0e0c8f0b47b7bb5f212188e80625.jpg,7b2d0e0c8f0b47b7bb5f212188e80625
5071,datasets/cat_10k/images/7b2f72a21b99a9ecbc95081169b05e32.jpg,7b2f72a21b99a9ecbc95081169b05e32
5072,datasets/cat_10k/images/7b305237f3713e4fb07f663afaef5efb.jpg,7b305237f3713e4fb07f663afaef5efb
5073,datasets/cat_10k/images/7b32d6bebb9d6d81cb176d9fb6584804.jpg,7b32d6bebb9d6d81cb176d9fb6584804
5074,datasets/cat_10k/images/7b3a568da211913d55cdaaa25359369c.jpg,7b3a568da211913d55cdaaa25359369c
5075,datasets/cat_10k/images/7b4ce09676ae6e8a831a245f6f2c1627.jpg,7b4ce09676ae6e8a831a245f6f2c1627
5076,datasets/cat_10k/images/7b4d140013449b69e4e653a108cc9ffe.jpg,7b4d140013449b69e4e653a108cc9ffe
5077,datasets/cat_10k/images/7b54e5f515590a57fe7f892e3d78f0d6.jpg,7b54e5f515590a57fe7f892e3d78f0d6
5078,datasets/cat_10k/images/7b64394ad36b248a8429323d394f6af5.jpg,7b64394ad36b248a8429323d394f6af5
5079,datasets/cat_10k/images/7b6a35db2397dd16efc05a0c9cd563e2.jpg,7b6a35db2397dd16efc05a0c9cd563e2
5080,datasets/cat_10k/images/7b6c323acf21df068885b9e5d2863d99.jpg,7b6c323acf21df068885b9e5d2863d99
5081,datasets/cat_10k/images/7b7217be4c902910a59f8ce7e42cd2f9.jpg,7b7217be4c902910a59f8ce7e42cd2f9
5082,datasets/cat_10k/images/7b734ddc4958e6f9f54e75aedbed507f.jpg,7b734ddc4958e6f9f54e75aedbed507f
5083,datasets/cat_10k/images/7b87d45459e171f045486458d4f6e709.jpg,7b87d45459e171f045486458d4f6e709
5084,datasets/cat_10k/images/7b884ce21030bade88df87a49df65df0.jpg,7b884ce21030bade88df87a49df65df0
5085,datasets/cat_10k/images/7b8fe33237ea2a0bcd74ea1648012efe.jpg,7b8fe33237ea2a0bcd74ea1648012efe
5086,datasets/cat_10k/images/7b9276895cc751af78a42d8eee2818b2.jpg,7b9276895cc751af78a42d8eee2818b2
5087,datasets/cat_10k/images/7b979de04583fad0f994a59713ed2f52.jpg,7b979de04583fad0f994a59713ed2f52
5088,datasets/cat_10k/images/7b99a1aabe9d59aa07cc84a8565ba6af.jpg,7b99a1aabe9d59aa07cc84a8565ba6af
5089,datasets/cat_10k/images/7ba169e4fca1f045da339aaaa1b91c6d.jpg,7ba169e4fca1f045da339aaaa1b91c6d
5090,datasets/cat_10k/images/7bb04e2dd16c38d7db63c88e57797d49.jpg,7bb04e2dd16c38d7db63c88e57797d49
5091,datasets/cat_10k/images/7bb88bd9eb40b9626ac1f4e2c8eb5f4f.jpg,7bb88bd9eb40b9626ac1f4e2c8eb5f4f
5092,datasets/cat_10k/images/7bbcb8de7e3c3e2c2f7e2c2fde5d0add.jpg,7bbcb8de7e3c3e2c2f7e2c2fde5d0add
5093,datasets/cat_10k/images/7bc78b9f92c583b4a4793c99bf7785e1.jpg,7bc78b9f92c583b4a4793c99bf7785e1
5094,datasets/cat_10k/images/7bd0a51d82a631fc38b76ae1495bda11.jpg,7bd0a51d82a631fc38b76ae1495bda11
5095,datasets/cat_10k/images/7bd21a8ee550e4bca49582a8e6a9ff3f.jpg,7bd21a8ee550e4bca49582a8e6a9ff3f
5096,datasets/cat_10k/images/7be4b1280d472ab2b02ffb5514aead8e.jpg,7be4b1280d472ab2b02ffb5514aead8e
5097,datasets/cat_10k/images/7beaf612e5e54d2cb7a5eca0ec692131.jpg,7beaf612e5e54d2cb7a5eca0ec692131
5098,datasets/cat_10k/images/7bf5c6d67fec64c903880addc3fcadf0.jpg,7bf5c6d67fec64c903880addc3fcadf0
5099,datasets/cat_10k/images/7c0600027bb5dda169bbccbca2662372.jpg,7c0600027bb5dda169bbccbca2662372
5100,datasets/cat_10k/images/7c1f49a80ae9e6076c230ec61d94de37.jpg,7c1f49a80ae9e6076c230ec61d94de37
5101,datasets/cat_10k/images/7c2b8221b4b21d906f52dbf9804d6471.jpg,7c2b8221b4b21d906f52dbf9804d6471
5102,datasets/cat_10k/images/7c3629afe8419ccdf3a787b1d3660f06.jpg,7c3629afe8419ccdf3a787b1d3660f06
5103,datasets/cat_10k/images/7c3758b3a26119ae93434cefe8d966b0.jpg,7c3758b3a26119ae93434cefe8d966b0
5104,datasets/cat_10k/images/7c3d6eee2d8e7c41b1e347fe216b005d.jpg,7c3d6eee2d8e7c41b1e347fe216b005d
5105,datasets/cat_10k/images/7c3f9e44a0864d2af1e97c9eafeb40b3.jpg,7c3f9e44a0864d2af1e97c9eafeb40b3
5106,datasets/cat_10k/images/7c54d5fc4c0c66ad43a5f76b77633e0e.jpg,7c54d5fc4c0c66ad43a5f76b77633e0e
5107,datasets/cat_10k/images/7c5d79da2f281081f5bc08ca31662a92.jpg,7c5d79da2f281081f5bc08ca31662a92
5108,datasets/cat_10k/images/7c61d9df230614b53b1eba0511bd372e.jpg,7c61d9df230614b53b1eba0511bd372e
5109,datasets/cat_10k/images/7c6a685b5796cea4bb27fad8ca8ac1fe.jpg,7c6a685b5796cea4bb27fad8ca8ac1fe
5110,datasets/cat_10k/images/7c6d7c01562a7068dbe60926fca93d09.jpg,7c6d7c01562a7068dbe60926fca93d09
5111,datasets/cat_10k/images/7c6fca50a9162d6d4b1287c9a020ebc0.jpg,7c6fca50a9162d6d4b1287c9a020ebc0
5112,datasets/cat_10k/images/7c72bac9ee1ccf084ac5715aa13038d8.jpg,7c72bac9ee1ccf084ac5715aa13038d8
5113,datasets/cat_10k/images/7c72bd026441d64e1a3ff54cc4e6cfd2.jpg,7c72bd026441d64e1a3ff54cc4e6cfd2
5114,datasets/cat_10k/images/7c84407a02499a5cba5e7568998a4ff9.jpg,7c84407a02499a5cba5e7568998a4ff9
5115,datasets/cat_10k/images/7c8457fe393015fcf1ff65b47f320059.jpg,7c8457fe393015fcf1ff65b47f320059
5116,datasets/cat_10k/images/7c919b0ab766ded2ed3a49d808f5d2ea.jpg,7c919b0ab766ded2ed3a49d808f5d2ea
5117,datasets/cat_10k/images/7c92da113ab8fe1185f026bbee830fc9.jpg,7c92da113ab8fe1185f026bbee830fc9
5118,datasets/cat_10k/images/7c98d663813a3a3bf65136017ad85e49.jpg,7c98d663813a3a3bf65136017ad85e49
5119,datasets/cat_10k/images/7ca1ba31965d6970ad90322a11bf7cdd.jpg,7ca1ba31965d6970ad90322a11bf7cdd
5120,datasets/cat_10k/images/7ca69358e50c4179a4ac2ac04c77cb5f.jpg,7ca69358e50c4179a4ac2ac04c77cb5f
5121,datasets/cat_10k/images/7cac0c907c1f28942851b3646bc42490.jpg,7cac0c907c1f28942851b3646bc42490
5122,datasets/cat_10k/images/7cac782dcf55c04c5bdd4a23f70bf50f.jpg,7cac782dcf55c04c5bdd4a23f70bf50f
5123,datasets/cat_10k/images/7cb3467b453b9afa919bb8bccb43d327.jpg,7cb3467b453b9afa919bb8bccb43d327
5124,datasets/cat_10k/images/7cc303c5f3915fa0660b4c62699c72ab.jpg,7cc303c5f3915fa0660b4c62699c72ab
5125,datasets/cat_10k/images/7cc58819e50a0fcc4fe686e953010473.jpg,7cc58819e50a0fcc4fe686e953010473
5126,datasets/cat_10k/images/7ccfb61697918444f188aac5c9076749.jpg,7ccfb61697918444f188aac5c9076749
5127,datasets/cat_10k/images/7cd77bbcedcf867ac4402dfd59ff8ca1.jpg,7cd77bbcedcf867ac4402dfd59ff8ca1
5128,datasets/cat_10k/images/7cd93990aee20cc9984d5a22159b39c3.jpg,7cd93990aee20cc9984d5a22159b39c3
5129,datasets/cat_10k/images/7cdca94752d0921cd325361d6c473688.jpg,7cdca94752d0921cd325361d6c473688
5130,datasets/cat_10k/images/7ce558bc49e1ac3936c39f500458d783.jpg,7ce558bc49e1ac3936c39f500458d783
5131,datasets/cat_10k/images/7ce6f2fd2d616afd3cab277b93511b8e.jpg,7ce6f2fd2d616afd3cab277b93511b8e
5132,datasets/cat_10k/images/7ced564191deb0fbe1fa4c4287a4b06c.jpg,7ced564191deb0fbe1fa4c4287a4b06c
5133,datasets/cat_10k/images/7cef16af0da29ab2a1ef186f867f5aa7.jpg,7cef16af0da29ab2a1ef186f867f5aa7
5134,datasets/cat_10k/images/7cf654e92960daea93d2b80d926dd958.jpg,7cf654e92960daea93d2b80d926dd958
5135,datasets/cat_10k/images/7cf69b18e4b2c12d132dce42a7ad6b00.jpg,7cf69b18e4b2c12d132dce42a7ad6b00
5136,datasets/cat_10k/images/7cfab2a488fd6684da2cd8d3a608de07.jpg,7cfab2a488fd6684da2cd8d3a608de07
5137,datasets/cat_10k/images/7cfcfe745cb015e00bda2229fe36a0e5.jpg,7cfcfe745cb015e00bda2229fe36a0e5
5138,datasets/cat_10k/images/7d0b77a171e3b77361ed051003d00196.jpg,7d0b77a171e3b77361ed051003d00196
5139,datasets/cat_10k/images/7d0c17f1175aecff349cfac1f6019b6a.jpg,7d0c17f1175aecff349cfac1f6019b6a
5140,datasets/cat_10k/images/7d15524c323c9217aedbf91b06db65bb.jpg,7d15524c323c9217aedbf91b06db65bb
5141,datasets/cat_10k/images/7d1989b5756f89a8a618d9e4ce7b1879.jpg,7d1989b5756f89a8a618d9e4ce7b1879
5142,datasets/cat_10k/images/7d25e9b7bbe8b2ba5ff0bc3c6144ba97.jpg,7d25e9b7bbe8b2ba5ff0bc3c6144ba97
5143,datasets/cat_10k/images/7d29e4afa5ff485755dcf2ae5bc0d362.jpg,7d29e4afa5ff485755dcf2ae5bc0d362
5144,datasets/cat_10k/images/7d3506d7b85584f16cc129eaeee58dc7.jpg,7d3506d7b85584f16cc129eaeee58dc7
5145,datasets/cat_10k/images/7d3895919b4206d29337fec30c761b34.jpg,7d3895919b4206d29337fec30c761b34
5146,datasets/cat_10k/images/7d510d6c22fb63e2a27c19fabd650477.jpg,7d510d6c22fb63e2a27c19fabd650477
5147,datasets/cat_10k/images/7d51a2185842b8711018ff2ddc874e50.jpg,7d51a2185842b8711018ff2ddc874e50
5148,datasets/cat_10k/images/7d5b97b6e0256b470cfc7e55f7f87b91.jpg,7d5b97b6e0256b470cfc7e55f7f87b91
5149,datasets/cat_10k/images/7d634d4a43d3664ce6edb9c4f973e600.jpg,7d634d4a43d3664ce6edb9c4f973e600
5150,datasets/cat_10k/images/7d6d29d1f9ff091357cd375f3793ee8c.jpg,7d6d29d1f9ff091357cd375f3793ee8c
5151,datasets/cat_10k/images/7d833a6695689d017e644418f4efca80.jpg,7d833a6695689d017e644418f4efca80
5152,datasets/cat_10k/images/7d92642b7b3f502f6517033226e9d43f.jpg,7d92642b7b3f502f6517033226e9d43f
5153,datasets/cat_10k/images/7d92959469a6a86bca78f5e9466842c8.jpg,7d92959469a6a86bca78f5e9466842c8
5154,datasets/cat_10k/images/7d953310b67a6a3b6d55b06511186ba1.jpg,7d953310b67a6a3b6d55b06511186ba1
5155,datasets/cat_10k/images/7d95903b45e4ba49cfd6ef9a1a50461f.jpg,7d95903b45e4ba49cfd6ef9a1a50461f
5156,datasets/cat_10k/images/7d9768bb1a0f6ecb52d7c80f5d168df0.jpg,7d9768bb1a0f6ecb52d7c80f5d168df0
5157,datasets/cat_10k/images/7d97adf80e535b2d01504f86d4f23a45.jpg,7d97adf80e535b2d01504f86d4f23a45
5158,datasets/cat_10k/images/7d99a072d26ed9630a10ec55c20804bd.jpg,7d99a072d26ed9630a10ec55c20804bd
5159,datasets/cat_10k/images/7da4bb108e10ab5a906029103a9280c6.jpg,7da4bb108e10ab5a906029103a9280c6
5160,datasets/cat_10k/images/7db5f2028041b1a0f96022fa6f517b69.jpg,7db5f2028041b1a0f96022fa6f517b69
5161,datasets/cat_10k/images/7dbcce6b8b58ee1b119400831fd5a2e6.jpg,7dbcce6b8b58ee1b119400831fd5a2e6
5162,datasets/cat_10k/images/7dcb6c54a8f45dfa5f1d36f9764069ac.jpg,7dcb6c54a8f45dfa5f1d36f9764069ac
5163,datasets/cat_10k/images/7ddbd5ac7bd0cba93ee6f839709337d3.jpg,7ddbd5ac7bd0cba93ee6f839709337d3
5164,datasets/cat_10k/images/7ddd42c66754c28a304a263af8d4c82b.jpg,7ddd42c66754c28a304a263af8d4c82b
5165,datasets/cat_10k/images/7dec8b9c390ca632e43a60cd160558fd.jpg,7dec8b9c390ca632e43a60cd160558fd
5166,datasets/cat_10k/images/7decb1d56476f832fcc5fb8f06eb4ab5.jpg,7decb1d56476f832fcc5fb8f06eb4ab5
5167,datasets/cat_10k/images/7def3456cbe4de4b9119bf812b809705.jpg,7def3456cbe4de4b9119bf812b809705
5168,datasets/cat_10k/images/7deff886cefd9f985701e8bef28bf691.jpg,7deff886cefd9f985701e8bef28bf691
5169,datasets/cat_10k/images/7df09cfca9ef8aeabfb1071f07bfe843.jpg,7df09cfca9ef8aeabfb1071f07bfe843
5170,datasets/cat_10k/images/7dfee3bf6cff6fc68e0ba5efaa965b7c.jpg,7dfee3bf6cff6fc68e0ba5efaa965b7c
5171,datasets/cat_10k/images/7e0228967869db6fd6c003d8cfd320c7.jpg,7e0228967869db6fd6c003d8cfd320c7
5172,datasets/cat_10k/images/7e0a89d1d24a3466f27bc1e1ff815688.jpg,7e0a89d1d24a3466f27bc1e1ff815688
5173,datasets/cat_10k/images/7e0e476e1d56cae27a5a8d682e454d72.jpg,7e0e476e1d56cae27a5a8d682e454d72
5174,datasets/cat_10k/images/7e152b57bf6fcb99ae55b12988b7ebe0.jpg,7e152b57bf6fcb99ae55b12988b7ebe0
5175,datasets/cat_10k/images/7e19d3bd2a849f8d7bae18ef460d627b.jpg,7e19d3bd2a849f8d7bae18ef460d627b
5176,datasets/cat_10k/images/7e2301d3e57d62951bcf23d944d5b56d.jpg,7e2301d3e57d62951bcf23d944d5b56d
5177,datasets/cat_10k/images/7e280158efae8fdf31b91bf5d00ca38e.jpg,7e280158efae8fdf31b91bf5d00ca38e
5178,datasets/cat_10k/images/7e345bb0ac4bc109c8964e11a3a60f1e.jpg,7e345bb0ac4bc109c8964e11a3a60f1e
5179,datasets/cat_10k/images/7e492b820b41588f679e020953acd953.jpg,7e492b820b41588f679e020953acd953
5180,datasets/cat_10k/images/7e4afc041281fa2447128e620000295c.jpg,7e4afc041281fa2447128e620000295c
5181,datasets/cat_10k/images/7e520c91342bb74bb26a1265e921dc89.jpg,7e520c91342bb74bb26a1265e921dc89
5182,datasets/cat_10k/images/7e52b8f2501549b9c3a8512f2c8c4632.jpg,7e52b8f2501549b9c3a8512f2c8c4632
5183,datasets/cat_10k/images/7e58b1d7865e76e3ec9516011eb33c93.jpg,7e58b1d7865e76e3ec9516011eb33c93
5184,datasets/cat_10k/images/7e633cd272847c75f66d32f1e06ab9ad.jpg,7e633cd272847c75f66d32f1e06ab9ad
5185,datasets/cat_10k/images/7e64d9bb9d56234f905ec24d17439bd3.jpg,7e64d9bb9d56234f905ec24d17439bd3
5186,datasets/cat_10k/images/7e67e6cc52eb32674621f33ba7f3f921.jpg,7e67e6cc52eb32674621f33ba7f3f921
5187,datasets/cat_10k/images/7e738e78b88e8fe00e57f005ace99aeb.jpg,7e738e78b88e8fe00e57f005ace99aeb
5188,datasets/cat_10k/images/7e745dd3cf2772c44d798a9440ae5146.jpg,7e745dd3cf2772c44d798a9440ae5146
5189,datasets/cat_10k/images/7e764fee4c5e5a238d6c2414c2e161d8.jpg,7e764fee4c5e5a238d6c2414c2e161d8
5190,datasets/cat_10k/images/7e77df93fc26194e0cbf086b7ec3e496.jpg,7e77df93fc26194e0cbf086b7ec3e496
5191,datasets/cat_10k/images/7e7b09afb863b3839d3e994de19b93e5.jpg,7e7b09afb863b3839d3e994de19b93e5
5192,datasets/cat_10k/images/7e7b40961473a2a1463abfddbeb9694d.jpg,7e7b40961473a2a1463abfddbeb9694d
5193,datasets/cat_10k/images/7e7eefe203537cb1a692b70be6676494.jpg,7e7eefe203537cb1a692b70be6676494
5194,datasets/cat_10k/images/7e8571a29e74a2a4f1998a57219e9eaf.jpg,7e8571a29e74a2a4f1998a57219e9eaf
5195,datasets/cat_10k/images/7e87eec4f87d55ecc6aaa7409f56caeb.jpg,7e87eec4f87d55ecc6aaa7409f56caeb
5196,datasets/cat_10k/images/7e8dab804c3eb5ef144cbfdbe6ef773d.jpg,7e8dab804c3eb5ef144cbfdbe6ef773d
5197,datasets/cat_10k/images/7e929c24b2ddc806efdedb2a7a621f31.jpg,7e929c24b2ddc806efdedb2a7a621f31
5198,datasets/cat_10k/images/7e99a3f2a891f3c8acd132db712122d8.jpg,7e99a3f2a891f3c8acd132db712122d8
5199,datasets/cat_10k/images/7e9d8e39a4d8569ccbb232a6db232a3a.jpg,7e9d8e39a4d8569ccbb232a6db232a3a
5200,datasets/cat_10k/images/7ea0402788ae4a95a5ad9fa2a706de51.jpg,7ea0402788ae4a95a5ad9fa2a706de51
5201,datasets/cat_10k/images/7ea0fcf523862dbf3e8fad4f0204ee31.jpg,7ea0fcf523862dbf3e8fad4f0204ee31
5202,datasets/cat_10k/images/7ea1d1e3268a1d7d171c7ed2491e5514.jpg,7ea1d1e3268a1d7d171c7ed2491e5514
5203,datasets/cat_10k/images/7eb89903da08ffdeb8f6a4519bde1761.jpg,7eb89903da08ffdeb8f6a4519bde1761
5204,datasets/cat_10k/images/7ebc369bd35ad2426249941a79d4135c.jpg,7ebc369bd35ad2426249941a79d4135c
5205,datasets/cat_10k/images/7ec0bbb53fbaf309a945fc94def9a158.jpg,7ec0bbb53fbaf309a945fc94def9a158
5206,datasets/cat_10k/images/7ecbee3a7597a3c0ab14a673eb33eb4d.jpg,7ecbee3a7597a3c0ab14a673eb33eb4d
5207,datasets/cat_10k/images/7ed60344cdf2770b5cd3ee308cd2d291.jpg,7ed60344cdf2770b5cd3ee308cd2d291
5208,datasets/cat_10k/images/7eda8cb0f1db79f2e0b7acf92182fd30.jpg,7eda8cb0f1db79f2e0b7acf92182fd30
5209,datasets/cat_10k/images/7edaffbdf72e323c2afb114caad537d0.jpg,7edaffbdf72e323c2afb114caad537d0
5210,datasets/cat_10k/images/7edfd00d3e65f2c3c34ddf1c719385be.jpg,7edfd00d3e65f2c3c34ddf1c719385be
5211,datasets/cat_10k/images/7ee29341a06b0f9372ff7cbd36c75358.jpg,7ee29341a06b0f9372ff7cbd36c75358
5212,datasets/cat_10k/images/7ee3e52b093b9e1f4f3fa26531db4915.jpg,7ee3e52b093b9e1f4f3fa26531db4915
5213,datasets/cat_10k/images/7ee4a96f67e866b6189d9ae3103702f9.jpg,7ee4a96f67e866b6189d9ae3103702f9
5214,datasets/cat_10k/images/7ee7b8934131ac443798f3c2099ca450.jpg,7ee7b8934131ac443798f3c2099ca450
5215,datasets/cat_10k/images/7efb4ad511d5af564d538da339e73462.jpg,7efb4ad511d5af564d538da339e73462
5216,datasets/cat_10k/images/7efbcb770b450d43c2671d08e11ce7ea.jpg,7efbcb770b450d43c2671d08e11ce7ea
5217,datasets/cat_10k/images/7efceb939a0dcb3f452c736289be14f9.jpg,7efceb939a0dcb3f452c736289be14f9
5218,datasets/cat_10k/images/7efdc0510ad3f0f42e1bafafb88b3c0b.jpg,7efdc0510ad3f0f42e1bafafb88b3c0b
5219,datasets/cat_10k/images/7f05becee5c99977b5c6b46f860d6757.jpg,7f05becee5c99977b5c6b46f860d6757
5220,datasets/cat_10k/images/7f0d62b1eccb589e2a735edc6b5b5e1e.jpg,7f0d62b1eccb589e2a735edc6b5b5e1e
5221,datasets/cat_10k/images/7f1409ac7c0296cdbed3d3958cb0c7e4.jpg,7f1409ac7c0296cdbed3d3958cb0c7e4
5222,datasets/cat_10k/images/7f20871d15ded504742a9e6396b2cd81.jpg,7f20871d15ded504742a9e6396b2cd81
5223,datasets/cat_10k/images/7f2f2451b6fc69789ff0daf962873e6a.jpg,7f2f2451b6fc69789ff0daf962873e6a
5224,datasets/cat_10k/images/7f39dc234c18f8d16d5c9459448f631c.jpg,7f39dc234c18f8d16d5c9459448f631c
5225,datasets/cat_10k/images/7f3aaa43ac66dc6c77b15afe5a4d2ed3.jpg,7f3aaa43ac66dc6c77b15afe5a4d2ed3
5226,datasets/cat_10k/images/7f3b355b5fb8820a88cb862edd19cc42.jpg,7f3b355b5fb8820a88cb862edd19cc42
5227,datasets/cat_10k/images/7f3e79502557fb4d8b5dc14948cdaca9.jpg,7f3e79502557fb4d8b5dc14948cdaca9
5228,datasets/cat_10k/images/7f40c82e39d2faea7aee36b860a59fa3.jpg,7f40c82e39d2faea7aee36b860a59fa3
5229,datasets/cat_10k/images/7f5cfd343ed680a1c5c379519e88faa6.jpg,7f5cfd343ed680a1c5c379519e88faa6
5230,datasets/cat_10k/images/7f620f06e983eb928017411e32fdcece.jpg,7f620f06e983eb928017411e32fdcece
5231,datasets/cat_10k/images/7f65992a65400f3b5ccd3698f7eb7a72.jpg,7f65992a65400f3b5ccd3698f7eb7a72
5232,datasets/cat_10k/images/7f662ebd74960cd5ab629db268b7364b.jpg,7f662ebd74960cd5ab629db268b7364b
5233,datasets/cat_10k/images/7f6f5753c11081ace4481a340c0f1001.jpg,7f6f5753c11081ace4481a340c0f1001
5234,datasets/cat_10k/images/7f7d3644f391c1ffed5b273d4b1288c7.jpg,7f7d3644f391c1ffed5b273d4b1288c7
5235,datasets/cat_10k/images/7f7f1e977d3f2f7833504e4d79c19daf.jpg,7f7f1e977d3f2f7833504e4d79c19daf
5236,datasets/cat_10k/images/7f867e680dc3867553b17605ba9681ca.jpg,7f867e680dc3867553b17605ba9681ca
5237,datasets/cat_10k/images/7f879102ba92a610a841e2787eb1056d.jpg,7f879102ba92a610a841e2787eb1056d
5238,datasets/cat_10k/images/7f947b28b0b2784f60fca3d7bc318cf4.jpg,7f947b28b0b2784f60fca3d7bc318cf4
5239,datasets/cat_10k/images/7f9bf42541f925e2f05b3be5db916d21.jpg,7f9bf42541f925e2f05b3be5db916d21
5240,datasets/cat_10k/images/7fa8a4b5d946716bf23f0a7969cbff99.jpg,7fa8a4b5d946716bf23f0a7969cbff99
5241,datasets/cat_10k/images/7faa98552bf37e573dd3370e79469ff7.jpg,7faa98552bf37e573dd3370e79469ff7
5242,datasets/cat_10k/images/7fb6bc45521a76915f041d53e3badf7d.jpg,7fb6bc45521a76915f041d53e3badf7d
5243,datasets/cat_10k/images/7fb76a77e0df6593e46227c5590594f8.jpg,7fb76a77e0df6593e46227c5590594f8
5244,datasets/cat_10k/images/7fb8bd73a9cf852a1f6be4c64c3dffe7.jpg,7fb8bd73a9cf852a1f6be4c64c3dffe7
5245,datasets/cat_10k/images/7fbabf8d9563c805a8cc1c4d25ae7c66.jpg,7fbabf8d9563c805a8cc1c4d25ae7c66
5246,datasets/cat_10k/images/7fc3b617300edcf9b192eb4436c9fec5.jpg,7fc3b617300edcf9b192eb4436c9fec5
5247,datasets/cat_10k/images/7fc4d09ae3c5a17479b54176263a2d1b.jpg,7fc4d09ae3c5a17479b54176263a2d1b
5248,datasets/cat_10k/images/7fcb8930fb857b3cbdf0008331295e6d.jpg,7fcb8930fb857b3cbdf0008331295e6d
5249,datasets/cat_10k/images/7fcc3f1d87b399b19d40b701f5437db9.jpg,7fcc3f1d87b399b19d40b701f5437db9
5250,datasets/cat_10k/images/7fd2084fcdda016c7f77b7cdd9d85b4e.jpg,7fd2084fcdda016c7f77b7cdd9d85b4e
5251,datasets/cat_10k/images/7fd4bc80bbee24d25bc8dd3fb656eb02.jpg,7fd4bc80bbee24d25bc8dd3fb656eb02
5252,datasets/cat_10k/images/7fda5e9c94c7a06d9c770fa9dc53f01c.jpg,7fda5e9c94c7a06d9c770fa9dc53f01c
5253,datasets/cat_10k/images/7fecd1a9431a397f3fed1cdd65ed7551.jpg,7fecd1a9431a397f3fed1cdd65ed7551
5254,datasets/cat_10k/images/7ff50b62251fbdd6dd641d5549171c20.jpg,7ff50b62251fbdd6dd641d5549171c20
5255,datasets/cat_10k/images/8010c6841f555bcbd4b392244311f281.jpg,8010c6841f555bcbd4b392244311f281
5256,datasets/cat_10k/images/80150344fb6a5cb2ac80e3192cf05df8.jpg,80150344fb6a5cb2ac80e3192cf05df8
5257,datasets/cat_10k/images/80180ae17c3d65ffb5f9d2925658f595.jpg,80180ae17c3d65ffb5f9d2925658f595
5258,datasets/cat_10k/images/801a7f375da12647af9211494b1ab5e2.jpg,801a7f375da12647af9211494b1ab5e2
5259,datasets/cat_10k/images/801c3ce19fc0da100c03ea39b507aa52.jpg,801c3ce19fc0da100c03ea39b507aa52
5260,datasets/cat_10k/images/8037c7148cff7c0ca9fd714ef73b5e4e.jpg,8037c7148cff7c0ca9fd714ef73b5e4e
5261,datasets/cat_10k/images/803958cb34da345eb10a20694d440db4.jpg,803958cb34da345eb10a20694d440db4
5262,datasets/cat_10k/images/8049c45045c836e2395a88e2100792d6.jpg,8049c45045c836e2395a88e2100792d6
5263,datasets/cat_10k/images/804f8462f1cfd5999124a9b0f9ad3a9f.jpg,804f8462f1cfd5999124a9b0f9ad3a9f
5264,datasets/cat_10k/images/80574ce297b7bdfd197d95a15b7d575c.jpg,80574ce297b7bdfd197d95a15b7d575c
5265,datasets/cat_10k/images/80616aef5a0dcf6193e3e469714056f5.jpg,80616aef5a0dcf6193e3e469714056f5
5266,datasets/cat_10k/images/80676c573ba8b1559711d11942b12041.jpg,80676c573ba8b1559711d11942b12041
5267,datasets/cat_10k/images/806fe26d766216ab5b4143c4bdf86c91.jpg,806fe26d766216ab5b4143c4bdf86c91
5268,datasets/cat_10k/images/8071e10f7c07b5598c97769fd9fc405e.jpg,8071e10f7c07b5598c97769fd9fc405e
5269,datasets/cat_10k/images/8073731dcd629a27f49d46fa37282282.jpg,8073731dcd629a27f49d46fa37282282
5270,datasets/cat_10k/images/8074c999d2ff277d067ec60e58b21aff.jpg,8074c999d2ff277d067ec60e58b21aff
5271,datasets/cat_10k/images/80792fa019b470c21e791b3363fbd0b9.jpg,80792fa019b470c21e791b3363fbd0b9
5272,datasets/cat_10k/images/808414137d8f9642a22a64a8167a81ac.jpg,808414137d8f9642a22a64a8167a81ac
5273,datasets/cat_10k/images/808773dc98eb3d9aac7ac244eb976c6f.jpg,808773dc98eb3d9aac7ac244eb976c6f
5274,datasets/cat_10k/images/8088b25f9aad9bff4a9bf7ce24227122.jpg,8088b25f9aad9bff4a9bf7ce24227122
5275,datasets/cat_10k/images/809026a69aba9abe7c24b35e5618f296.jpg,809026a69aba9abe7c24b35e5618f296
5276,datasets/cat_10k/images/809194d40559137a01bd538237d87b15.jpg,809194d40559137a01bd538237d87b15
5277,datasets/cat_10k/images/8094d3f4b1ff15fe13bdc4dd61704812.jpg,8094d3f4b1ff15fe13bdc4dd61704812
5278,datasets/cat_10k/images/8095636936ff3b548161bfeef6441f7c.jpg,8095636936ff3b548161bfeef6441f7c
5279,datasets/cat_10k/images/809becd4ec1fe6716e6cf5af2752ce1c.jpg,809becd4ec1fe6716e6cf5af2752ce1c
5280,datasets/cat_10k/images/80a49b49670da5088fcb2da712a78792.jpg,80a49b49670da5088fcb2da712a78792
5281,datasets/cat_10k/images/80a7076a237e41e11b5ca937037c9277.jpg,80a7076a237e41e11b5ca937037c9277
5282,datasets/cat_10k/images/80b1ea526ecc2c7eaa2e845e9d76871d.jpg,80b1ea526ecc2c7eaa2e845e9d76871d
5283,datasets/cat_10k/images/80bd3e7574d5e52da9215ce7174a4bda.jpg,80bd3e7574d5e52da9215ce7174a4bda
5284,datasets/cat_10k/images/80d7336fb46c02abf2d89cd53b5f0fba.jpg,80d7336fb46c02abf2d89cd53b5f0fba
5285,datasets/cat_10k/images/80d748db6b66a99a9dd7a643daf8c213.jpg,80d748db6b66a99a9dd7a643daf8c213
5286,datasets/cat_10k/images/80dc3594d9aff2f63c8ea246db4d826f.jpg,80dc3594d9aff2f63c8ea246db4d826f
5287,datasets/cat_10k/images/80ec0ad9fa09f83781968bf98f5572d2.jpg,80ec0ad9fa09f83781968bf98f5572d2
5288,datasets/cat_10k/images/80ed1361c0eb2178e0d1fefb38fe806e.jpg,80ed1361c0eb2178e0d1fefb38fe806e
5289,datasets/cat_10k/images/80f27a86192c3fee6a92e093ccf95a21.jpg,80f27a86192c3fee6a92e093ccf95a21
5290,datasets/cat_10k/images/8104bdb1904bfe712af1c67c9a872afd.jpg,8104bdb1904bfe712af1c67c9a872afd
5291,datasets/cat_10k/images/810f03a7f73273ddc24a75864fc04a22.jpg,810f03a7f73273ddc24a75864fc04a22
5292,datasets/cat_10k/images/8112e667ce9c390d94c9d6d320994b28.jpg,8112e667ce9c390d94c9d6d320994b28
5293,datasets/cat_10k/images/8113e8142fb9c109f7bef81c0a130871.jpg,8113e8142fb9c109f7bef81c0a130871
5294,datasets/cat_10k/images/811681918f7bb903d42280b06396c3b4.jpg,811681918f7bb903d42280b06396c3b4
5295,datasets/cat_10k/images/811c25f87ce89cd1ff057599a617d7cb.jpg,811c25f87ce89cd1ff057599a617d7cb
5296,datasets/cat_10k/images/811c770a6fd190b8538d909a1549f8ff.jpg,811c770a6fd190b8538d909a1549f8ff
5297,datasets/cat_10k/images/812206a6da6bfede676833bbc823686f.jpg,812206a6da6bfede676833bbc823686f
5298,datasets/cat_10k/images/812f5523940feeec5c03a815224fc727.jpg,812f5523940feeec5c03a815224fc727
5299,datasets/cat_10k/images/813b6708dc1ceb64567f6eedafa29da1.jpg,813b6708dc1ceb64567f6eedafa29da1
5300,datasets/cat_10k/images/8146aba126461a178acb8b6d8b5c8f08.jpg,8146aba126461a178acb8b6d8b5c8f08
5301,datasets/cat_10k/images/814a57cc01c978536602d18dadf45636.jpg,814a57cc01c978536602d18dadf45636
5302,datasets/cat_10k/images/814ab111ecdae2a75e2b1c9b2d96e29e.jpg,814ab111ecdae2a75e2b1c9b2d96e29e
5303,datasets/cat_10k/images/8158777fbaefa77e8223b4676d8db4a4.jpg,8158777fbaefa77e8223b4676d8db4a4
5304,datasets/cat_10k/images/815a56867a64d8f4bd2291e1eafb486a.jpg,815a56867a64d8f4bd2291e1eafb486a
5305,datasets/cat_10k/images/815d44a9fec5eaf477c67a3d48957cbd.jpg,815d44a9fec5eaf477c67a3d48957cbd
5306,datasets/cat_10k/images/816131dc91993fd29d94286ffd4ec096.jpg,816131dc91993fd29d94286ffd4ec096
5307,datasets/cat_10k/images/816ba90fb3d9055c8466d7b9e2cdc950.jpg,816ba90fb3d9055c8466d7b9e2cdc950
5308,datasets/cat_10k/images/816df0e919f158028cd0e86871bbb6c1.jpg,816df0e919f158028cd0e86871bbb6c1
5309,datasets/cat_10k/images/8170c277134ab42a78327744ec1a2e15.jpg,8170c277134ab42a78327744ec1a2e15
5310,datasets/cat_10k/images/8176c2cd6d66817e9629c6d66443ffe2.jpg,8176c2cd6d66817e9629c6d66443ffe2
5311,datasets/cat_10k/images/817db6a52cee8aeb7a6599a9c56219f1.jpg,817db6a52cee8aeb7a6599a9c56219f1
5312,datasets/cat_10k/images/81801f41d7a0827049254afc14951002.jpg,81801f41d7a0827049254afc14951002
5313,datasets/cat_10k/images/818482cf57135493f5faa845b2de0d02.jpg,818482cf57135493f5faa845b2de0d02
5314,datasets/cat_10k/images/818c565802b6951212e9d586639364f8.jpg,818c565802b6951212e9d586639364f8
5315,datasets/cat_10k/images/818f955366b31bc6a0f04481f07b658d.jpg,818f955366b31bc6a0f04481f07b658d
5316,datasets/cat_10k/images/81999f7f99de3dbe56c4234da77a1ff6.jpg,81999f7f99de3dbe56c4234da77a1ff6
5317,datasets/cat_10k/images/81a222a51cfe957fc8066212424ad556.jpg,81a222a51cfe957fc8066212424ad556
5318,datasets/cat_10k/images/81a2cdd07fb95e4a0f7c2a26f39eb0a9.jpg,81a2cdd07fb95e4a0f7c2a26f39eb0a9
5319,datasets/cat_10k/images/81a3780139b417a5614d389ba036c66a.jpg,81a3780139b417a5614d389ba036c66a
5320,datasets/cat_10k/images/81a380a96234f8081434162411de919b.jpg,81a380a96234f8081434162411de919b
5321,datasets/cat_10k/images/81a8e66d8edacd251627cde513e09363.jpg,81a8e66d8edacd251627cde513e09363
5322,datasets/cat_10k/images/81a9af5b6ffb5b26dcbda3b9b29d3989.jpg,81a9af5b6ffb5b26dcbda3b9b29d3989
5323,datasets/cat_10k/images/81aabcd73f6e7855895eb80f7025ead5.jpg,81aabcd73f6e7855895eb80f7025ead5
5324,datasets/cat_10k/images/81add4d07134fbffbcd902ea9e4a2e7e.jpg,81add4d07134fbffbcd902ea9e4a2e7e
5325,datasets/cat_10k/images/81b4c0d64a9688dc4465634d7c37c77a.jpg,81b4c0d64a9688dc4465634d7c37c77a
5326,datasets/cat_10k/images/81b536287aa6275b9b5ba0b44a207abb.jpg,81b536287aa6275b9b5ba0b44a207abb
5327,datasets/cat_10k/images/81b6e25a22798fc7a065461325553f16.jpg,81b6e25a22798fc7a065461325553f16
5328,datasets/cat_10k/images/81bc2dd19d782ad6d2a15464baddb1a5.jpg,81bc2dd19d782ad6d2a15464baddb1a5
5329,datasets/cat_10k/images/81c8c6ee4e7b204318a10352a32ede68.jpg,81c8c6ee4e7b204318a10352a32ede68
5330,datasets/cat_10k/images/81d08cc8d87c5f737f4146dafe42f0c1.jpg,81d08cc8d87c5f737f4146dafe42f0c1
5331,datasets/cat_10k/images/81d8f876b254b4dbd9b48c60957ba4bf.jpg,81d8f876b254b4dbd9b48c60957ba4bf
5332,datasets/cat_10k/images/81dc61ad918de2bc28fddc8da5d08532.jpg,81dc61ad918de2bc28fddc8da5d08532
5333,datasets/cat_10k/images/81e68a56b1386c2b703f1912fc32e3a9.jpg,81e68a56b1386c2b703f1912fc32e3a9
5334,datasets/cat_10k/images/81e8e1a11cbbd3673216aa04096022af.jpg,81e8e1a11cbbd3673216aa04096022af
5335,datasets/cat_10k/images/81ee00e6b93b54fa817b4963311ea6e2.jpg,81ee00e6b93b54fa817b4963311ea6e2
5336,datasets/cat_10k/images/81f0f78ff395995105a4ce4666473606.jpg,81f0f78ff395995105a4ce4666473606
5337,datasets/cat_10k/images/820b15a78a279d6e5fa95c0da38e4dea.jpg,820b15a78a279d6e5fa95c0da38e4dea
5338,datasets/cat_10k/images/820e32a3157c4f5d7538cd2b4fa2b051.jpg,820e32a3157c4f5d7538cd2b4fa2b051
5339,datasets/cat_10k/images/821066e791fa95a67e174052e8f9229b.jpg,821066e791fa95a67e174052e8f9229b
5340,datasets/cat_10k/images/8220bcd4f837c53441540d9e540d41e2.jpg,8220bcd4f837c53441540d9e540d41e2
5341,datasets/cat_10k/images/823e804a3f45c4af2414223cd53ec9a8.jpg,823e804a3f45c4af2414223cd53ec9a8
5342,datasets/cat_10k/images/82478d0f0758621bffd10ab9334b8350.jpg,82478d0f0758621bffd10ab9334b8350
5343,datasets/cat_10k/images/82567d5c84e33207db14e35ca57ad6e9.jpg,82567d5c84e33207db14e35ca57ad6e9
5344,datasets/cat_10k/images/825fdb659ab4509ca5cbbc335972f021.jpg,825fdb659ab4509ca5cbbc335972f021
5345,datasets/cat_10k/images/826226b87f3a39efcab53d8d22f5bcb8.jpg,826226b87f3a39efcab53d8d22f5bcb8
5346,datasets/cat_10k/images/82682284432f70c83ae75461eadb997c.jpg,82682284432f70c83ae75461eadb997c
5347,datasets/cat_10k/images/82777c46f40bd5c994b36b8ee9d952f1.jpg,82777c46f40bd5c994b36b8ee9d952f1
5348,datasets/cat_10k/images/8289b099514a1e492c77fe1ac728e4aa.jpg,8289b099514a1e492c77fe1ac728e4aa
5349,datasets/cat_10k/images/828e0a320a28aeee38660b599a27a7f7.jpg,828e0a320a28aeee38660b599a27a7f7
5350,datasets/cat_10k/images/828f1da5bc5110b6427431a8ab4ff2ac.jpg,828f1da5bc5110b6427431a8ab4ff2ac
5351,datasets/cat_10k/images/82a27ad32d296e8a277bd3583a463e10.jpg,82a27ad32d296e8a277bd3583a463e10
5352,datasets/cat_10k/images/82a478569b60199b10493f0fbcb84b56.jpg,82a478569b60199b10493f0fbcb84b56
5353,datasets/cat_10k/images/82bdc6075ab10dab89e7bd34d48a0d3a.jpg,82bdc6075ab10dab89e7bd34d48a0d3a
5354,datasets/cat_10k/images/82bef85afca496122405177bfe644294.jpg,82bef85afca496122405177bfe644294
5355,datasets/cat_10k/images/82cbfa00fb348724599d996b2c46d615.jpg,82cbfa00fb348724599d996b2c46d615
5356,datasets/cat_10k/images/82ce09dc9152f89a5b347c1fbef4fb22.jpg,82ce09dc9152f89a5b347c1fbef4fb22
5357,datasets/cat_10k/images/82d82a33f847601925675b0cab514b65.jpg,82d82a33f847601925675b0cab514b65
5358,datasets/cat_10k/images/82dede5854c94acba617b73a06fc5c4a.jpg,82dede5854c94acba617b73a06fc5c4a
5359,datasets/cat_10k/images/82defe51a5c11d123926941be2898b11.jpg,82defe51a5c11d123926941be2898b11
5360,datasets/cat_10k/images/82fc36b10acbc50557cafbc3a3df625c.jpg,82fc36b10acbc50557cafbc3a3df625c
5361,datasets/cat_10k/images/8306913054bec1a18e7705ad5b3b0b66.jpg,8306913054bec1a18e7705ad5b3b0b66
5362,datasets/cat_10k/images/830a610753e2f03d8a43b4d6c3b9d8c3.jpg,830a610753e2f03d8a43b4d6c3b9d8c3
5363,datasets/cat_10k/images/830c3e2d4beb357698a91a76b4f4fd61.jpg,830c3e2d4beb357698a91a76b4f4fd61
5364,datasets/cat_10k/images/83102ceae80575fed12121b8c5526e3c.jpg,83102ceae80575fed12121b8c5526e3c
5365,datasets/cat_10k/images/8315cf8f8ac88824ce7e13c0fe932803.jpg,8315cf8f8ac88824ce7e13c0fe932803
5366,datasets/cat_10k/images/831a4cdc607e7b87d734dd3caebdede2.jpg,831a4cdc607e7b87d734dd3caebdede2
5367,datasets/cat_10k/images/831e6fbff603d3c19f4dba60f7277106.jpg,831e6fbff603d3c19f4dba60f7277106
5368,datasets/cat_10k/images/831f9f7f68ea16d9d7cf7e0721fcdd5b.jpg,831f9f7f68ea16d9d7cf7e0721fcdd5b
5369,datasets/cat_10k/images/832034e9ffbc898d1fe6c495f670a1f6.jpg,832034e9ffbc898d1fe6c495f670a1f6
5370,datasets/cat_10k/images/8325df037350006f040f57462e393974.jpg,8325df037350006f040f57462e393974
5371,datasets/cat_10k/images/8332f4f3dff90519f69de71a3755f861.jpg,8332f4f3dff90519f69de71a3755f861
5372,datasets/cat_10k/images/83360d4ed883500105962cb006803b27.jpg,83360d4ed883500105962cb006803b27
5373,datasets/cat_10k/images/833633c0f516e2fe6cca4f4243ac2369.jpg,833633c0f516e2fe6cca4f4243ac2369
5374,datasets/cat_10k/images/833877091df5cca7c21f85e23bc7cedc.jpg,833877091df5cca7c21f85e23bc7cedc
5375,datasets/cat_10k/images/8340ae3c38e6075f69b07d201a5fd2bd.jpg,8340ae3c38e6075f69b07d201a5fd2bd
5376,datasets/cat_10k/images/8355b9249635c9121518bd55a8c0cf28.jpg,8355b9249635c9121518bd55a8c0cf28
5377,datasets/cat_10k/images/83580cd40041ccb315433f9e9a2c7b01.jpg,83580cd40041ccb315433f9e9a2c7b01
5378,datasets/cat_10k/images/83587a0e8a94c69470d430806fc8c46d.jpg,83587a0e8a94c69470d430806fc8c46d
5379,datasets/cat_10k/images/83646b9a4b8b70f2282d1fc48040349e.jpg,83646b9a4b8b70f2282d1fc48040349e
5380,datasets/cat_10k/images/83665886c5d6cc0ef86ba4a8fdd84dda.jpg,83665886c5d6cc0ef86ba4a8fdd84dda
5381,datasets/cat_10k/images/836efdb86c7996fe0b17f7791d6032a2.jpg,836efdb86c7996fe0b17f7791d6032a2
5382,datasets/cat_10k/images/836f57319044907c0a697004808d278f.jpg,836f57319044907c0a697004808d278f
5383,datasets/cat_10k/images/836f7952186c3c97be442d493fcc5169.jpg,836f7952186c3c97be442d493fcc5169
5384,datasets/cat_10k/images/8370467f8024dd6f83c8a7a9d25baeb8.jpg,8370467f8024dd6f83c8a7a9d25baeb8
5385,datasets/cat_10k/images/8380cd52822aa42ceef799c7cc12159d.jpg,8380cd52822aa42ceef799c7cc12159d
5386,datasets/cat_10k/images/838115a6d15e1e95a3779db252c496ad.jpg,838115a6d15e1e95a3779db252c496ad
5387,datasets/cat_10k/images/8385f4db182333787c4f1b8143d64964.jpg,8385f4db182333787c4f1b8143d64964
5388,datasets/cat_10k/images/838784776bdbd3d41a5a451fac8387b1.jpg,838784776bdbd3d41a5a451fac8387b1
5389,datasets/cat_10k/images/83883bc605aa52945e0e542e8338c51a.jpg,83883bc605aa52945e0e542e8338c51a
5390,datasets/cat_10k/images/838987b07c1e68d1f639e2ea4cb96d89.jpg,838987b07c1e68d1f639e2ea4cb96d89
5391,datasets/cat_10k/images/838abd9f1cf2809f5d9274a5e4f8c14c.jpg,838abd9f1cf2809f5d9274a5e4f8c14c
5392,datasets/cat_10k/images/8390b9f6ee7d9798458c6101f6c093fe.jpg,8390b9f6ee7d9798458c6101f6c093fe
5393,datasets/cat_10k/images/8399e3dac1208517aaca794242778425.jpg,8399e3dac1208517aaca794242778425
5394,datasets/cat_10k/images/83a0962227a9b471f42d1010c68205f8.jpg,83a0962227a9b471f42d1010c68205f8
5395,datasets/cat_10k/images/83a15be79b57e5af0b753bdcf9e643ba.jpg,83a15be79b57e5af0b753bdcf9e643ba
5396,datasets/cat_10k/images/83a27eac412a665716ddfdf343dfdd67.jpg,83a27eac412a665716ddfdf343dfdd67
5397,datasets/cat_10k/images/83a3a542b279dbcb197299a049455923.jpg,83a3a542b279dbcb197299a049455923
5398,datasets/cat_10k/images/83aa1d512884d5196973fa5c1563726b.jpg,83aa1d512884d5196973fa5c1563726b
5399,datasets/cat_10k/images/83aa9498330f573f5aa180811bbf8cd0.jpg,83aa9498330f573f5aa180811bbf8cd0
5400,datasets/cat_10k/images/83ccb555d08a2cc8ba5f8969f42ad977.jpg,83ccb555d08a2cc8ba5f8969f42ad977
5401,datasets/cat_10k/images/83d829f84fcd8237a31058adfab5a011.jpg,83d829f84fcd8237a31058adfab5a011
5402,datasets/cat_10k/images/83de731e7e765da2c77c33bb20013492.jpg,83de731e7e765da2c77c33bb20013492
5403,datasets/cat_10k/images/83e0641bef5530b39cf83a054be4bc2b.jpg,83e0641bef5530b39cf83a054be4bc2b
5404,datasets/cat_10k/images/83e421d78e13959b22de6b9ce5ea1bf7.jpg,83e421d78e13959b22de6b9ce5ea1bf7
5405,datasets/cat_10k/images/83e7bb89f890bbae338fd9d7f277e783.jpg,83e7bb89f890bbae338fd9d7f277e783
5406,datasets/cat_10k/images/83eace0b8b8df48a705dec967e5c68bc.jpg,83eace0b8b8df48a705dec967e5c68bc
5407,datasets/cat_10k/images/83f2bdd74e14919757a72986e3a206b0.jpg,83f2bdd74e14919757a72986e3a206b0
5408,datasets/cat_10k/images/83f8f1778f56db2ca10c8ca03811284e.jpg,83f8f1778f56db2ca10c8ca03811284e
5409,datasets/cat_10k/images/83ff73b5eef1c33fe04fb8f1d5d360f6.jpg,83ff73b5eef1c33fe04fb8f1d5d360f6
5410,datasets/cat_10k/images/840228f24427d46b7f9a2086a1ab92fe.jpg,840228f24427d46b7f9a2086a1ab92fe
5411,datasets/cat_10k/images/8404f2ddfb4f113d4c97907493984fb0.jpg,8404f2ddfb4f113d4c97907493984fb0
5412,datasets/cat_10k/images/8406843eeb4276df5051c211e631e1cc.jpg,8406843eeb4276df5051c211e631e1cc
5413,datasets/cat_10k/images/8407dd4d26962c714c22e791d4bee008.jpg,8407dd4d26962c714c22e791d4bee008
5414,datasets/cat_10k/images/84090c216718cf2ccedf012106b94b83.jpg,84090c216718cf2ccedf012106b94b83
5415,datasets/cat_10k/images/84107ff57eeda8756d3310a654c7588c.jpg,84107ff57eeda8756d3310a654c7588c
5416,datasets/cat_10k/images/842756786fc18ad1e1b602c794750d5b.jpg,842756786fc18ad1e1b602c794750d5b
5417,datasets/cat_10k/images/8438aab59e7930f45c00574abde053ba.jpg,8438aab59e7930f45c00574abde053ba
5418,datasets/cat_10k/images/844aca11649e4212c6c4b012f7301411.jpg,844aca11649e4212c6c4b012f7301411
5419,datasets/cat_10k/images/844c1552034881f4d8722fe5bf06caa4.jpg,844c1552034881f4d8722fe5bf06caa4
5420,datasets/cat_10k/images/844f3c5336aa12f0cfe6bee93268c00d.jpg,844f3c5336aa12f0cfe6bee93268c00d
5421,datasets/cat_10k/images/845a57a26f0e31781d562a18a1da1fa2.jpg,845a57a26f0e31781d562a18a1da1fa2
5422,datasets/cat_10k/images/8460185252b19f9e3497fa80b586f255.jpg,8460185252b19f9e3497fa80b586f255
5423,datasets/cat_10k/images/846285671c21ef5ea43acf963214d95c.jpg,846285671c21ef5ea43acf963214d95c
5424,datasets/cat_10k/images/8467bdf5b7ddde504c890e4be32ed5aa.jpg,8467bdf5b7ddde504c890e4be32ed5aa
5425,datasets/cat_10k/images/846f3be402758646c3b5e0ac381977ff.jpg,846f3be402758646c3b5e0ac381977ff
5426,datasets/cat_10k/images/8473796d493711dc19b5a83f2dbeafc1.jpg,8473796d493711dc19b5a83f2dbeafc1
5427,datasets/cat_10k/images/8477ca028d53f3729b506d6a4fdd7540.jpg,8477ca028d53f3729b506d6a4fdd7540
5428,datasets/cat_10k/images/8479234ab524a86675f89714998d0db6.jpg,8479234ab524a86675f89714998d0db6
5429,datasets/cat_10k/images/847aac13e17f89d304602e838e17f2b0.jpg,847aac13e17f89d304602e838e17f2b0
5430,datasets/cat_10k/images/847c33e1f41f426148960b2f2bcfaea3.jpg,847c33e1f41f426148960b2f2bcfaea3
5431,datasets/cat_10k/images/847c7fcbffa77221cd96913b0f39cb09.jpg,847c7fcbffa77221cd96913b0f39cb09
5432,datasets/cat_10k/images/8481f3ad0e3e6852e34d17e8b226e06f.jpg,8481f3ad0e3e6852e34d17e8b226e06f
5433,datasets/cat_10k/images/84836890a91b6d6d712eb6c517a833d8.jpg,84836890a91b6d6d712eb6c517a833d8
5434,datasets/cat_10k/images/848ccdd9164dc9fe6f913212406d3069.jpg,848ccdd9164dc9fe6f913212406d3069
5435,datasets/cat_10k/images/84922bb751196a5a1a9afd9c68a39ab4.jpg,84922bb751196a5a1a9afd9c68a39ab4
5436,datasets/cat_10k/images/84947d2143253e330d9fb6252815ad93.jpg,84947d2143253e330d9fb6252815ad93
5437,datasets/cat_10k/images/84a37292f357ed5ee90b2e656ea5e68e.jpg,84a37292f357ed5ee90b2e656ea5e68e
5438,datasets/cat_10k/images/84aadcde2855f6dd4bae19a184df699f.jpg,84aadcde2855f6dd4bae19a184df699f
5439,datasets/cat_10k/images/84c62743780c66a44ad43e748d47d7d5.jpg,84c62743780c66a44ad43e748d47d7d5
5440,datasets/cat_10k/images/84cc9b55a5471f96d556132a5cbd0988.jpg,84cc9b55a5471f96d556132a5cbd0988
5441,datasets/cat_10k/images/84cf11ad21893b7b337feeedae05a90f.jpg,84cf11ad21893b7b337feeedae05a90f
5442,datasets/cat_10k/images/84cf4b9f27e9cf1c301bf80f2506b68e.jpg,84cf4b9f27e9cf1c301bf80f2506b68e
5443,datasets/cat_10k/images/84d48f643ca4b157946e3f7104a2f3b0.jpg,84d48f643ca4b157946e3f7104a2f3b0
5444,datasets/cat_10k/images/84d8393b6fbe8cd6d4389c14276256c5.jpg,84d8393b6fbe8cd6d4389c14276256c5
5445,datasets/cat_10k/images/84db3e9a553833b8bbea5a035e9f4275.jpg,84db3e9a553833b8bbea5a035e9f4275
5446,datasets/cat_10k/images/84e0f8b345e26462a3a6e1eabccacca4.jpg,84e0f8b345e26462a3a6e1eabccacca4
5447,datasets/cat_10k/images/84ecc34b294169ba63e5f807f3d97dc8.jpg,84ecc34b294169ba63e5f807f3d97dc8
5448,datasets/cat_10k/images/84f1c0a5adba38c3de557adc0adae649.jpg,84f1c0a5adba38c3de557adc0adae649
5449,datasets/cat_10k/images/84f78230d1a994f0f95d64a0dd2da89b.jpg,84f78230d1a994f0f95d64a0dd2da89b
5450,datasets/cat_10k/images/84f9055df9c33f84262a8a1a6192c365.jpg,84f9055df9c33f84262a8a1a6192c365
5451,datasets/cat_10k/images/84fde8b6d9138a6d11cd56e186e0529d.jpg,84fde8b6d9138a6d11cd56e186e0529d
5452,datasets/cat_10k/images/85090cec1071277d752623900e95a2dc.jpg,85090cec1071277d752623900e95a2dc
5453,datasets/cat_10k/images/8509cc5b840b3106fff8ee5db7d779f1.jpg,8509cc5b840b3106fff8ee5db7d779f1
5454,datasets/cat_10k/images/850b6d37872f9a5d48b91aabe8e69c22.jpg,850b6d37872f9a5d48b91aabe8e69c22
5455,datasets/cat_10k/images/850db630c7a103cb96acefd2e3499271.jpg,850db630c7a103cb96acefd2e3499271
5456,datasets/cat_10k/images/85101474d150a0fcc66efd8a657b789c.jpg,85101474d150a0fcc66efd8a657b789c
5457,datasets/cat_10k/images/8510c0bf13b4bbb9b748fc2a91fbc32f.jpg,8510c0bf13b4bbb9b748fc2a91fbc32f
5458,datasets/cat_10k/images/8510e835728ec9ad1b10c6b34108888f.jpg,8510e835728ec9ad1b10c6b34108888f
5459,datasets/cat_10k/images/85130b281919c4d5b16d2122c77c8585.jpg,85130b281919c4d5b16d2122c77c8585
5460,datasets/cat_10k/images/851e096cd93112b6edc91d54c85f02b3.jpg,851e096cd93112b6edc91d54c85f02b3
5461,datasets/cat_10k/images/8527d965b691f02f2d2010ce9e3863de.jpg,8527d965b691f02f2d2010ce9e3863de
5462,datasets/cat_10k/images/852ac14b680599771c8a1587f9b1122a.jpg,852ac14b680599771c8a1587f9b1122a
5463,datasets/cat_10k/images/852dd929d4375dddbb75416131884b3e.jpg,852dd929d4375dddbb75416131884b3e
5464,datasets/cat_10k/images/854207cae1a903dd159dbf54717a94c1.jpg,854207cae1a903dd159dbf54717a94c1
5465,datasets/cat_10k/images/854248925a0edbc56624c96b61a2429e.jpg,854248925a0edbc56624c96b61a2429e
5466,datasets/cat_10k/images/85510ccc09186d659968fff32e93ba4b.jpg,85510ccc09186d659968fff32e93ba4b
5467,datasets/cat_10k/images/855b70a2c34141ee254559dde0c771f4.jpg,855b70a2c34141ee254559dde0c771f4
5468,datasets/cat_10k/images/8571af80133ac4ead2b9c38dac6b7da9.jpg,8571af80133ac4ead2b9c38dac6b7da9
5469,datasets/cat_10k/images/85721fdd604f16583504685765b89d64.jpg,85721fdd604f16583504685765b89d64
5470,datasets/cat_10k/images/8576336b2b42ebaacf770fc0dc5d370e.jpg,8576336b2b42ebaacf770fc0dc5d370e
5471,datasets/cat_10k/images/857c365a639dafa23331e3b3026ad7ed.jpg,857c365a639dafa23331e3b3026ad7ed
5472,datasets/cat_10k/images/85888af9130901dda648457b7f815472.jpg,85888af9130901dda648457b7f815472
5473,datasets/cat_10k/images/858d74a636846c06b5d664e3689740e7.jpg,858d74a636846c06b5d664e3689740e7
5474,datasets/cat_10k/images/859a9e364fc4a8583e4dc97861828788.jpg,859a9e364fc4a8583e4dc97861828788
5475,datasets/cat_10k/images/85a24a16bbce02281e396fd7243611b7.jpg,85a24a16bbce02281e396fd7243611b7
5476,datasets/cat_10k/images/85a3386ad7d968472ed4af124b7e6307.jpg,85a3386ad7d968472ed4af124b7e6307
5477,datasets/cat_10k/images/85a5f243ced1d6cea1be401caecb8777.jpg,85a5f243ced1d6cea1be401caecb8777
5478,datasets/cat_10k/images/85b5a2e9f8f0166285e592b2d66d2df4.jpg,85b5a2e9f8f0166285e592b2d66d2df4
5479,datasets/cat_10k/images/85b80a3a3f28354a8e21446939498557.jpg,85b80a3a3f28354a8e21446939498557
5480,datasets/cat_10k/images/85b8e9263fff742629c9e5394348b0e6.jpg,85b8e9263fff742629c9e5394348b0e6
5481,datasets/cat_10k/images/85bce3a75b27d3975d6421826da5a584.jpg,85bce3a75b27d3975d6421826da5a584
5482,datasets/cat_10k/images/85d0ee7b50472d7827431679854efa98.jpg,85d0ee7b50472d7827431679854efa98
5483,datasets/cat_10k/images/85e460b12662ff220ee77d85548f50f9.jpg,85e460b12662ff220ee77d85548f50f9
5484,datasets/cat_10k/images/85edb7ea6738b48f55012987035035c1.jpg,85edb7ea6738b48f55012987035035c1
5485,datasets/cat_10k/images/85f0b221b98d1d9360c40ca6e9796caf.jpg,85f0b221b98d1d9360c40ca6e9796caf
5486,datasets/cat_10k/images/85f308f2833879148db8050d8b472e00.jpg,85f308f2833879148db8050d8b472e00
5487,datasets/cat_10k/images/85fbef5a422a730a91478bf340c5c18e.jpg,85fbef5a422a730a91478bf340c5c18e
5488,datasets/cat_10k/images/86016842d52dcb8645dac1f4701e26bb.jpg,86016842d52dcb8645dac1f4701e26bb
5489,datasets/cat_10k/images/860277bc976d601ed3fcec48e41a7fd5.jpg,860277bc976d601ed3fcec48e41a7fd5
5490,datasets/cat_10k/images/860a7fa868c21ed65b5f558c36fe7797.jpg,860a7fa868c21ed65b5f558c36fe7797
5491,datasets/cat_10k/images/8616cacdc0f68149935c825bb6fb4338.jpg,8616cacdc0f68149935c825bb6fb4338
5492,datasets/cat_10k/images/8618c0ad3083e1b5b198286b7a55240b.jpg,8618c0ad3083e1b5b198286b7a55240b
5493,datasets/cat_10k/images/8618f1912ff8fccc9270f04196a3d2f0.jpg,8618f1912ff8fccc9270f04196a3d2f0
5494,datasets/cat_10k/images/862188cdf7e99480cfc4e9fe56ffefde.jpg,862188cdf7e99480cfc4e9fe56ffefde
5495,datasets/cat_10k/images/86270108ac906ddc64e824abd06f2461.jpg,86270108ac906ddc64e824abd06f2461
5496,datasets/cat_10k/images/862a95b50d5d594af7530530559d399b.jpg,862a95b50d5d594af7530530559d399b
5497,datasets/cat_10k/images/8634bd678b622cab713fac383086e2c9.jpg,8634bd678b622cab713fac383086e2c9
5498,datasets/cat_10k/images/863a0ddd7cdd9f7dc0d739ee304a3f9c.jpg,863a0ddd7cdd9f7dc0d739ee304a3f9c
5499,datasets/cat_10k/images/864b1f89c0c42e540c445222eeba0f5a.jpg,864b1f89c0c42e540c445222eeba0f5a
5500,datasets/cat_10k/images/864f01f2d1b2b8f38d13cc85e55b8ba3.jpg,864f01f2d1b2b8f38d13cc85e55b8ba3
5501,datasets/cat_10k/images/865e78a7af1a24ecb110059aecfe4bc8.jpg,865e78a7af1a24ecb110059aecfe4bc8
5502,datasets/cat_10k/images/8672be9907999a4f9213f298c49618b9.jpg,8672be9907999a4f9213f298c49618b9
5503,datasets/cat_10k/images/867b48d2833fe65d56d0abc4eff9791d.jpg,867b48d2833fe65d56d0abc4eff9791d
5504,datasets/cat_10k/images/868a3a88739956b6f703f9b3ff8d8eba.jpg,868a3a88739956b6f703f9b3ff8d8eba
5505,datasets/cat_10k/images/868caf658b246a6ca45f445113420835.jpg,868caf658b246a6ca45f445113420835
5506,datasets/cat_10k/images/8691534aa8a84df66da5c468eb81c34c.jpg,8691534aa8a84df66da5c468eb81c34c
5507,datasets/cat_10k/images/869a7799ed227d9c65b0b0902bc60621.jpg,869a7799ed227d9c65b0b0902bc60621
5508,datasets/cat_10k/images/869e3ba4c713f87d94109eb6303619c8.jpg,869e3ba4c713f87d94109eb6303619c8
5509,datasets/cat_10k/images/86a0526d3815aa3b8951b580bcd7ca3e.jpg,86a0526d3815aa3b8951b580bcd7ca3e
5510,datasets/cat_10k/images/86b2dd65e1c81b0e6b94fdbbc7b560f1.jpg,86b2dd65e1c81b0e6b94fdbbc7b560f1
5511,datasets/cat_10k/images/86b76b12279b98f0a44cf1da8ec6d184.jpg,86b76b12279b98f0a44cf1da8ec6d184
5512,datasets/cat_10k/images/86b7900c7e28f093cae988ac7567a8a0.jpg,86b7900c7e28f093cae988ac7567a8a0
5513,datasets/cat_10k/images/86cb82fe849655f76fe905a8b5ab92d7.jpg,86cb82fe849655f76fe905a8b5ab92d7
5514,datasets/cat_10k/images/86d4ed8ae3e56829c23ece0f68d0c1c2.jpg,86d4ed8ae3e56829c23ece0f68d0c1c2
5515,datasets/cat_10k/images/86d75f1efc1b4b8f7b0637f4a3b344af.jpg,86d75f1efc1b4b8f7b0637f4a3b344af
5516,datasets/cat_10k/images/86f03f197e4126a2c83c399097fe6813.jpg,86f03f197e4126a2c83c399097fe6813
5517,datasets/cat_10k/images/86f0c05e0939b441251bde42817c1d42.jpg,86f0c05e0939b441251bde42817c1d42
5518,datasets/cat_10k/images/86f4bba7c13a59e8b82e6763de2bd50a.jpg,86f4bba7c13a59e8b82e6763de2bd50a
5519,datasets/cat_10k/images/86f5b200f8ee4d2cc3b7d58e4c2da775.jpg,86f5b200f8ee4d2cc3b7d58e4c2da775
5520,datasets/cat_10k/images/86f6b448b6f54aeb63b7f545b801eb45.jpg,86f6b448b6f54aeb63b7f545b801eb45
5521,datasets/cat_10k/images/86f8f18f04fe8e4a792fb754fce54b1c.jpg,86f8f18f04fe8e4a792fb754fce54b1c
5522,datasets/cat_10k/images/87087bf392a80e7f789016979bf6cfbc.jpg,87087bf392a80e7f789016979bf6cfbc
5523,datasets/cat_10k/images/87095812144a3609b2e3843f52a50cea.jpg,87095812144a3609b2e3843f52a50cea
5524,datasets/cat_10k/images/870ece9d4235981dbf807ccdd71398b4.jpg,870ece9d4235981dbf807ccdd71398b4
5525,datasets/cat_10k/images/871138da404e3062101b4fd0c150e874.jpg,871138da404e3062101b4fd0c150e874
5526,datasets/cat_10k/images/87145da26002f3c48d0a73a74412cec6.jpg,87145da26002f3c48d0a73a74412cec6
5527,datasets/cat_10k/images/87158cc15f9bd36fe5649dff78c64355.jpg,87158cc15f9bd36fe5649dff78c64355
5528,datasets/cat_10k/images/871f6766f5cb89aaa926d5ec0b4a8efd.jpg,871f6766f5cb89aaa926d5ec0b4a8efd
5529,datasets/cat_10k/images/87209f2fc4f6a482bc7aa97d85366d26.jpg,87209f2fc4f6a482bc7aa97d85366d26
5530,datasets/cat_10k/images/8720e3324b7fbe089f1025f5c41eaecc.jpg,8720e3324b7fbe089f1025f5c41eaecc
5531,datasets/cat_10k/images/8735aa588b5e71f3360078c022af419e.jpg,8735aa588b5e71f3360078c022af419e
5532,datasets/cat_10k/images/8735dbe6e403b812f44639aae392b7e9.jpg,8735dbe6e403b812f44639aae392b7e9
5533,datasets/cat_10k/images/873c5307d28836ea8f84de2521e00153.jpg,873c5307d28836ea8f84de2521e00153
5534,datasets/cat_10k/images/873d92224132c915d5f43ea2487b5ad8.jpg,873d92224132c915d5f43ea2487b5ad8
5535,datasets/cat_10k/images/8745b204d5a0eeb505af9cf50f46f935.jpg,8745b204d5a0eeb505af9cf50f46f935
5536,datasets/cat_10k/images/87510b02ec8c4207c8f84811a51107c2.jpg,87510b02ec8c4207c8f84811a51107c2
5537,datasets/cat_10k/images/87513c3a35a47ebd19d5324195741a3d.jpg,87513c3a35a47ebd19d5324195741a3d
5538,datasets/cat_10k/images/875db28cd150b9d3b16f4019d2559e86.jpg,875db28cd150b9d3b16f4019d2559e86
5539,datasets/cat_10k/images/87647547fdd8e14a3b7358f348a61e6b.jpg,87647547fdd8e14a3b7358f348a61e6b
5540,datasets/cat_10k/images/8768bc94bbccc94703d071b76d672d47.jpg,8768bc94bbccc94703d071b76d672d47
5541,datasets/cat_10k/images/876f0326e6eec0a16de3c85dd6d8c4f3.jpg,876f0326e6eec0a16de3c85dd6d8c4f3
5542,datasets/cat_10k/images/876f222df5497c1ab0f03c06d6bca786.jpg,876f222df5497c1ab0f03c06d6bca786
5543,datasets/cat_10k/images/8770de59c93bf7cd90601d731ead2876.jpg,8770de59c93bf7cd90601d731ead2876
5544,datasets/cat_10k/images/878317d59f65fe4cca01190267218902.jpg,878317d59f65fe4cca01190267218902
5545,datasets/cat_10k/images/8785ddc1027340d3e9fc0cf21558e86c.jpg,8785ddc1027340d3e9fc0cf21558e86c
5546,datasets/cat_10k/images/878bb8d2222370fd7ab6ded79902a2ba.jpg,878bb8d2222370fd7ab6ded79902a2ba
5547,datasets/cat_10k/images/878da21f3cd63f8d9f0e58d6eb2839b0.jpg,878da21f3cd63f8d9f0e58d6eb2839b0
5548,datasets/cat_10k/images/878e7cf48a628f572c9f076f30a8f765.jpg,878e7cf48a628f572c9f076f30a8f765
5549,datasets/cat_10k/images/878f052daeb8edc02f6f771de89fa460.jpg,878f052daeb8edc02f6f771de89fa460
5550,datasets/cat_10k/images/879b605656c646213115ed44d603d598.jpg,879b605656c646213115ed44d603d598
5551,datasets/cat_10k/images/879f81e7e278c6cdaa87e385c53a3745.jpg,879f81e7e278c6cdaa87e385c53a3745
5552,datasets/cat_10k/images/87a8655496e5a3ffc5b08fdbbb2dd619.jpg,87a8655496e5a3ffc5b08fdbbb2dd619
5553,datasets/cat_10k/images/87a8ae3b16e0a09e34c0f27ddd7d4484.jpg,87a8ae3b16e0a09e34c0f27ddd7d4484
5554,datasets/cat_10k/images/87bf7e5ef597d69f28a60e2375e4f7a9.jpg,87bf7e5ef597d69f28a60e2375e4f7a9
5555,datasets/cat_10k/images/87bfe744f592052c8c58412781893419.jpg,87bfe744f592052c8c58412781893419
5556,datasets/cat_10k/images/87bfeeda599879157fdbb3ff6d1d7b1d.jpg,87bfeeda599879157fdbb3ff6d1d7b1d
5557,datasets/cat_10k/images/87c5773f372a72be12672cae1c657b1d.jpg,87c5773f372a72be12672cae1c657b1d
5558,datasets/cat_10k/images/87d773ad172538778697d479ac61d9d3.jpg,87d773ad172538778697d479ac61d9d3
5559,datasets/cat_10k/images/87e9512c55d4413c57087ab083a590cd.jpg,87e9512c55d4413c57087ab083a590cd
5560,datasets/cat_10k/images/87ef92da56f596be9643fd585e209219.jpg,87ef92da56f596be9643fd585e209219
5561,datasets/cat_10k/images/87fa50cf7c92440d800e5f3338b348c6.jpg,87fa50cf7c92440d800e5f3338b348c6
5562,datasets/cat_10k/images/880db651b88a395197c41297f9de2f52.jpg,880db651b88a395197c41297f9de2f52
5563,datasets/cat_10k/images/8810c13b13bb32546998f573a819106a.jpg,8810c13b13bb32546998f573a819106a
5564,datasets/cat_10k/images/881415809d268dbadce314b198825826.jpg,881415809d268dbadce314b198825826
5565,datasets/cat_10k/images/8828203d16403e5f058d4b1b87df6fa5.jpg,8828203d16403e5f058d4b1b87df6fa5
5566,datasets/cat_10k/images/8839c980e07f6dc37375219cf5c497d6.jpg,8839c980e07f6dc37375219cf5c497d6
5567,datasets/cat_10k/images/883be2aeb154fa168246ee0f0eedb6d6.jpg,883be2aeb154fa168246ee0f0eedb6d6
5568,datasets/cat_10k/images/88407cb19becffad89b5185ca7502fc5.jpg,88407cb19becffad89b5185ca7502fc5
5569,datasets/cat_10k/images/884223417c90c0dbc1e1df4038b42768.jpg,884223417c90c0dbc1e1df4038b42768
5570,datasets/cat_10k/images/88428ddac85faed2448ee3d3b0f5cfa7.jpg,88428ddac85faed2448ee3d3b0f5cfa7
5571,datasets/cat_10k/images/8842ea231eb3bee781008f4c2a356d4b.jpg,8842ea231eb3bee781008f4c2a356d4b
5572,datasets/cat_10k/images/88485c9634278753a319bcbd12775870.jpg,88485c9634278753a319bcbd12775870
5573,datasets/cat_10k/images/8848d413d65de22fbaf55fe948b71df6.jpg,8848d413d65de22fbaf55fe948b71df6
5574,datasets/cat_10k/images/884a553117b2cc20b1dba0ad0b48972d.jpg,884a553117b2cc20b1dba0ad0b48972d
5575,datasets/cat_10k/images/884c7b1215c3042b1d19b788859a837e.jpg,884c7b1215c3042b1d19b788859a837e
5576,datasets/cat_10k/images/8850922f32e80908374b45d978a9072b.jpg,8850922f32e80908374b45d978a9072b
5577,datasets/cat_10k/images/8852cabd2d776543c611107bddf72b4d.jpg,8852cabd2d776543c611107bddf72b4d
5578,datasets/cat_10k/images/88566247f3ae9890a51e91b9530c6ffd.jpg,88566247f3ae9890a51e91b9530c6ffd
5579,datasets/cat_10k/images/8856e9e79c59e9f865fc5c0cbfae8633.jpg,8856e9e79c59e9f865fc5c0cbfae8633
5580,datasets/cat_10k/images/885923e8d5dd0c116d13ad68b193375d.jpg,885923e8d5dd0c116d13ad68b193375d
5581,datasets/cat_10k/images/8859f0f37654e7e032a73a75cf9678f4.jpg,8859f0f37654e7e032a73a75cf9678f4
5582,datasets/cat_10k/images/885d2ee310a7a54f92b213b577cad808.jpg,885d2ee310a7a54f92b213b577cad808
5583,datasets/cat_10k/images/886766233fdf5508d80e3e0d1b39c326.jpg,886766233fdf5508d80e3e0d1b39c326
5584,datasets/cat_10k/images/886e4c1855bbd8b30c1a546b10d09a47.jpg,886e4c1855bbd8b30c1a546b10d09a47
5585,datasets/cat_10k/images/8877ab23589182194311611a5e80270f.jpg,8877ab23589182194311611a5e80270f
5586,datasets/cat_10k/images/8878dd24da0e770fdd1b70b010b234dc.jpg,8878dd24da0e770fdd1b70b010b234dc
5587,datasets/cat_10k/images/8880846cc51277257c5215e635090a4d.jpg,8880846cc51277257c5215e635090a4d
5588,datasets/cat_10k/images/88886702d8af18954e61b73321be7bd7.jpg,88886702d8af18954e61b73321be7bd7
5589,datasets/cat_10k/images/8899fa26d3787e89c4f6ba193a5f7866.jpg,8899fa26d3787e89c4f6ba193a5f7866
5590,datasets/cat_10k/images/88a5d47d55e62d962feb8d30fc931254.jpg,88a5d47d55e62d962feb8d30fc931254
5591,datasets/cat_10k/images/88a818e29da8cdc8d468d4c877db98b6.jpg,88a818e29da8cdc8d468d4c877db98b6
5592,datasets/cat_10k/images/88a86a1824bfdb633e91a7f3a312bb9b.jpg,88a86a1824bfdb633e91a7f3a312bb9b
5593,datasets/cat_10k/images/88ad639f9bebe4e4588e3160a90ea390.jpg,88ad639f9bebe4e4588e3160a90ea390
5594,datasets/cat_10k/images/88b355308afb98a92d823c78b0a89094.jpg,88b355308afb98a92d823c78b0a89094
5595,datasets/cat_10k/images/88c8c6a7d5d80c7906e261e8710ddb90.jpg,88c8c6a7d5d80c7906e261e8710ddb90
5596,datasets/cat_10k/images/88d03f2a733875d23771ddbfba20df84.jpg,88d03f2a733875d23771ddbfba20df84
5597,datasets/cat_10k/images/88d1c0b22f689806f7cbc67c695fd9b7.jpg,88d1c0b22f689806f7cbc67c695fd9b7
5598,datasets/cat_10k/images/88d80f7701cca6222f270d900748171a.jpg,88d80f7701cca6222f270d900748171a
5599,datasets/cat_10k/images/88d82e2ddb8b6c680b81f3a4d3510370.jpg,88d82e2ddb8b6c680b81f3a4d3510370
5600,datasets/cat_10k/images/88f1513c23d9ff0d873b5c65d5bafd76.jpg,88f1513c23d9ff0d873b5c65d5bafd76
5601,datasets/cat_10k/images/88f2522a9c4780d23b6d5adda1ac18f4.jpg,88f2522a9c4780d23b6d5adda1ac18f4
5602,datasets/cat_10k/images/88f509f489c2c73c22a91777e88a2436.jpg,88f509f489c2c73c22a91777e88a2436
5603,datasets/cat_10k/images/88f95614534ef032e9c596539e6b5917.jpg,88f95614534ef032e9c596539e6b5917
5604,datasets/cat_10k/images/88fd96bb755c947b27ad04665730b2df.jpg,88fd96bb755c947b27ad04665730b2df
5605,datasets/cat_10k/images/88ff43e3966e8195ec4da631c9855ed5.jpg,88ff43e3966e8195ec4da631c9855ed5
5606,datasets/cat_10k/images/8906a6eaa013da0fdace01496a424ca9.jpg,8906a6eaa013da0fdace01496a424ca9
5607,datasets/cat_10k/images/890ed8c7b42a2952b1caf63be8b47405.jpg,890ed8c7b42a2952b1caf63be8b47405
5608,datasets/cat_10k/images/890ef95f2ee203d1b8b20fd012fe915a.jpg,890ef95f2ee203d1b8b20fd012fe915a
5609,datasets/cat_10k/images/891fc80fe1506d0aacb39dc70b11b1b5.jpg,891fc80fe1506d0aacb39dc70b11b1b5
5610,datasets/cat_10k/images/8926d2643511e760f2b05295ced44dd0.jpg,8926d2643511e760f2b05295ced44dd0
5611,datasets/cat_10k/images/892ba3136fa0e93d7d7890d2d0b7016f.jpg,892ba3136fa0e93d7d7890d2d0b7016f
5612,datasets/cat_10k/images/893246383f3f3b863b3a33bd4cdefc6b.jpg,893246383f3f3b863b3a33bd4cdefc6b
5613,datasets/cat_10k/images/893f628adfcdbf56ca189f7b0f5b270f.jpg,893f628adfcdbf56ca189f7b0f5b270f
5614,datasets/cat_10k/images/894ae06905a3b96f03c9f9e6e4fce783.jpg,894ae06905a3b96f03c9f9e6e4fce783
5615,datasets/cat_10k/images/894d0a6d1733a7c89aeb0eec0fc0c157.jpg,894d0a6d1733a7c89aeb0eec0fc0c157
5616,datasets/cat_10k/images/894e5f2b4560d07357490e1aa3e7ddd3.jpg,894e5f2b4560d07357490e1aa3e7ddd3
5617,datasets/cat_10k/images/89560607891ef08a82d1eb2b6a8568e4.jpg,89560607891ef08a82d1eb2b6a8568e4
5618,datasets/cat_10k/images/896768cc9b881fdbc3d2c7c748b776a5.jpg,896768cc9b881fdbc3d2c7c748b776a5
5619,datasets/cat_10k/images/89880754ff9d96aba5174720ddf04ffb.jpg,89880754ff9d96aba5174720ddf04ffb
5620,datasets/cat_10k/images/898db23f229a24368e4ca9f8a0097ad4.jpg,898db23f229a24368e4ca9f8a0097ad4
5621,datasets/cat_10k/images/8992b61e906b5ccf0c8e026d98e2963c.jpg,8992b61e906b5ccf0c8e026d98e2963c
5622,datasets/cat_10k/images/8993f1da0a244a72d6c7a4de024c2563.jpg,8993f1da0a244a72d6c7a4de024c2563
5623,datasets/cat_10k/images/89947b580222ee4e019ab1480c51feeb.jpg,89947b580222ee4e019ab1480c51feeb
5624,datasets/cat_10k/images/8999151cad5601b5dceb057ce6b5db2d.jpg,8999151cad5601b5dceb057ce6b5db2d
5625,datasets/cat_10k/images/899a23c626d3a2ac23db26c0afe059b4.jpg,899a23c626d3a2ac23db26c0afe059b4
5626,datasets/cat_10k/images/899eece71fb51fb2c70926c7c66886a3.jpg,899eece71fb51fb2c70926c7c66886a3
5627,datasets/cat_10k/images/89a635dd0ab47d4fa57396461f1675bb.jpg,89a635dd0ab47d4fa57396461f1675bb
5628,datasets/cat_10k/images/89a8c2a762279bd2e1d5989bfbe47205.jpg,89a8c2a762279bd2e1d5989bfbe47205
5629,datasets/cat_10k/images/89b1362bbc6c04473eb4236eb980bf5b.jpg,89b1362bbc6c04473eb4236eb980bf5b
5630,datasets/cat_10k/images/89c175ef104d442c5498d15684b1e66d.jpg,89c175ef104d442c5498d15684b1e66d
5631,datasets/cat_10k/images/89cc5b283635a1d7473c4dbc05c94cfd.jpg,89cc5b283635a1d7473c4dbc05c94cfd
5632,datasets/cat_10k/images/89d593a55117aec13ee0c8ecd954ca1c.jpg,89d593a55117aec13ee0c8ecd954ca1c
5633,datasets/cat_10k/images/89ee6fc351bfb6e633a01826f38caf08.jpg,89ee6fc351bfb6e633a01826f38caf08
5634,datasets/cat_10k/images/8a08b0790c411b329924dacef47ebf4f.jpg,8a08b0790c411b329924dacef47ebf4f
5635,datasets/cat_10k/images/8a1452007b14c58d054fba6265ff83ba.jpg,8a1452007b14c58d054fba6265ff83ba
5636,datasets/cat_10k/images/8a19616d7fa526aba4f8e6aed195a89c.jpg,8a19616d7fa526aba4f8e6aed195a89c
5637,datasets/cat_10k/images/8a2127764895ee12e652bdedd79b34f2.jpg,8a2127764895ee12e652bdedd79b34f2
5638,datasets/cat_10k/images/8a216a3b6f203ca476b98b443683ef1d.jpg,8a216a3b6f203ca476b98b443683ef1d
5639,datasets/cat_10k/images/8a31a807d1d9a9b3b2486be281b004e1.jpg,8a31a807d1d9a9b3b2486be281b004e1
5640,datasets/cat_10k/images/8a36aceb8dd3776992ffecf676c5db91.jpg,8a36aceb8dd3776992ffecf676c5db91
5641,datasets/cat_10k/images/8a4481f61ce1988cd3f38df35efbc304.jpg,8a4481f61ce1988cd3f38df35efbc304
5642,datasets/cat_10k/images/8a5d840eaa9fcf5bd6e9b7f04b98bd04.jpg,8a5d840eaa9fcf5bd6e9b7f04b98bd04
5643,datasets/cat_10k/images/8a5dc33a2bfcca6a03d2a5c5e9486b6e.jpg,8a5dc33a2bfcca6a03d2a5c5e9486b6e
5644,datasets/cat_10k/images/8a5e4617cbdb1806b464397d1eb1b232.jpg,8a5e4617cbdb1806b464397d1eb1b232
5645,datasets/cat_10k/images/8a63d4067a21cc058d1436c1c47d7ee5.jpg,8a63d4067a21cc058d1436c1c47d7ee5
5646,datasets/cat_10k/images/8a66c0c0e2ebdfec592fa81b9d757d9d.jpg,8a66c0c0e2ebdfec592fa81b9d757d9d
5647,datasets/cat_10k/images/8a6fee625b7056746aa81259b73831bd.jpg,8a6fee625b7056746aa81259b73831bd
5648,datasets/cat_10k/images/8a7b1b594fa69b1632039f2ef97a1389.jpg,8a7b1b594fa69b1632039f2ef97a1389
5649,datasets/cat_10k/images/8a7d8ce437f943c9dcc8154c79d17896.jpg,8a7d8ce437f943c9dcc8154c79d17896
5650,datasets/cat_10k/images/8a8a7ff09cf188107245dfa2f7eaa3be.jpg,8a8a7ff09cf188107245dfa2f7eaa3be
5651,datasets/cat_10k/images/8a8d68b058c6fa1299de74fdb8229d73.jpg,8a8d68b058c6fa1299de74fdb8229d73
5652,datasets/cat_10k/images/8a93ce7d0f5ca6e5a077597e716b0109.jpg,8a93ce7d0f5ca6e5a077597e716b0109
5653,datasets/cat_10k/images/8a944361f2b308c4e82e669cdf7117ce.jpg,8a944361f2b308c4e82e669cdf7117ce
5654,datasets/cat_10k/images/8a9a600bc95efdd8b73ccbcdb6e08b2d.jpg,8a9a600bc95efdd8b73ccbcdb6e08b2d
5655,datasets/cat_10k/images/8aa18cb71f005b86d100a89008ad2685.jpg,8aa18cb71f005b86d100a89008ad2685
5656,datasets/cat_10k/images/8aaf8a6d33592151e6444e7ad7fe9e43.jpg,8aaf8a6d33592151e6444e7ad7fe9e43
5657,datasets/cat_10k/images/8ab596574173c37834b99d45efbcc390.jpg,8ab596574173c37834b99d45efbcc390
5658,datasets/cat_10k/images/8ac5996bed6c5ab2baecc4d35b9e9cd7.jpg,8ac5996bed6c5ab2baecc4d35b9e9cd7
5659,datasets/cat_10k/images/8ac8d8a6de1040d1020518fa88b28979.jpg,8ac8d8a6de1040d1020518fa88b28979
5660,datasets/cat_10k/images/8ace06441dc4b250dcb0f4cec0e3570c.jpg,8ace06441dc4b250dcb0f4cec0e3570c
5661,datasets/cat_10k/images/8ad65ddae30fc6f5c0371fd5a1bcef0f.jpg,8ad65ddae30fc6f5c0371fd5a1bcef0f
5662,datasets/cat_10k/images/8ad859a0ba22d4e64463e6213f6f7508.jpg,8ad859a0ba22d4e64463e6213f6f7508
5663,datasets/cat_10k/images/8ada15a9ceb8f40f1f1b24edf31c4019.jpg,8ada15a9ceb8f40f1f1b24edf31c4019
5664,datasets/cat_10k/images/8add8659f73a74765347fd6f67a8cc0a.jpg,8add8659f73a74765347fd6f67a8cc0a
5665,datasets/cat_10k/images/8ade907329ebc41a75981ff142bcc5a1.jpg,8ade907329ebc41a75981ff142bcc5a1
5666,datasets/cat_10k/images/8aec492bc01bd3258b15e75c6ad10eac.jpg,8aec492bc01bd3258b15e75c6ad10eac
5667,datasets/cat_10k/images/8af40671dae217728bcdb19e2328eaba.jpg,8af40671dae217728bcdb19e2328eaba
5668,datasets/cat_10k/images/8afb96783c0a464566215c5a9cc6365f.jpg,8afb96783c0a464566215c5a9cc6365f
5669,datasets/cat_10k/images/8afc407b8c45fe4f91f8b7af16ab005f.jpg,8afc407b8c45fe4f91f8b7af16ab005f
5670,datasets/cat_10k/images/8afd304c3875f69bb6cf7b02e965bcd7.jpg,8afd304c3875f69bb6cf7b02e965bcd7
5671,datasets/cat_10k/images/8aff032c5f09354839cc21e825f58d90.jpg,8aff032c5f09354839cc21e825f58d90
5672,datasets/cat_10k/images/8b01c91e843dca95a86bfd1d4089195a.jpg,8b01c91e843dca95a86bfd1d4089195a
5673,datasets/cat_10k/images/8b0403e53a6a2424f8e1cdbfa45f7adf.jpg,8b0403e53a6a2424f8e1cdbfa45f7adf
5674,datasets/cat_10k/images/8b0b9d226e828be879f12f6be0b56cde.jpg,8b0b9d226e828be879f12f6be0b56cde
5675,datasets/cat_10k/images/8b0bef1f793ffc518e9dc0a4fea88027.jpg,8b0bef1f793ffc518e9dc0a4fea88027
5676,datasets/cat_10k/images/8b19363a0d446cae500f90f6a8e9efc1.jpg,8b19363a0d446cae500f90f6a8e9efc1
5677,datasets/cat_10k/images/8b1a4265a36a5f895094189c55a30817.jpg,8b1a4265a36a5f895094189c55a30817
5678,datasets/cat_10k/images/8b2421b17ac17438b07f65f5a2edfdda.jpg,8b2421b17ac17438b07f65f5a2edfdda
5679,datasets/cat_10k/images/8b388ee8fd21457fac34e826ec248d39.jpg,8b388ee8fd21457fac34e826ec248d39
5680,datasets/cat_10k/images/8b3d459872fc4626f9c7d80066b7e7ae.jpg,8b3d459872fc4626f9c7d80066b7e7ae
5681,datasets/cat_10k/images/8b429c8aef14da295968bbc06916cc5c.jpg,8b429c8aef14da295968bbc06916cc5c
5682,datasets/cat_10k/images/8b45e8031d7e264137ac63849074bcc7.jpg,8b45e8031d7e264137ac63849074bcc7
5683,datasets/cat_10k/images/8b5f2f846572e3a02d0a8c6e1f587ace.jpg,8b5f2f846572e3a02d0a8c6e1f587ace
5684,datasets/cat_10k/images/8b6ca74a094ba148b65318b4ec47e135.jpg,8b6ca74a094ba148b65318b4ec47e135
5685,datasets/cat_10k/images/8b75439620885184af846df5b1044c88.jpg,8b75439620885184af846df5b1044c88
5686,datasets/cat_10k/images/8b7aae2029ef536cd9b9660ff06f88ec.jpg,8b7aae2029ef536cd9b9660ff06f88ec
5687,datasets/cat_10k/images/8b7aebb9035eb4890698694aec4556b5.jpg,8b7aebb9035eb4890698694aec4556b5
5688,datasets/cat_10k/images/8b7f202188a259918b8b079288e59520.jpg,8b7f202188a259918b8b079288e59520
5689,datasets/cat_10k/images/8b8355373dc946221be5c3d4aeb914f5.jpg,8b8355373dc946221be5c3d4aeb914f5
5690,datasets/cat_10k/images/8b86f10ed54d065643abd8fd297b866b.jpg,8b86f10ed54d065643abd8fd297b866b
5691,datasets/cat_10k/images/8b8c5d81f7cba7b5a3da35cb6d3c7e0b.jpg,8b8c5d81f7cba7b5a3da35cb6d3c7e0b
5692,datasets/cat_10k/images/8b92bb0a3200b41ce68dd9d8ba8118be.jpg,8b92bb0a3200b41ce68dd9d8ba8118be
5693,datasets/cat_10k/images/8b9bc2c26c7d6f379261c8db63c7c7ab.jpg,8b9bc2c26c7d6f379261c8db63c7c7ab
5694,datasets/cat_10k/images/8ba13688048f75de0a34509c15469579.jpg,8ba13688048f75de0a34509c15469579
5695,datasets/cat_10k/images/8ba68ead3ca7941a7127760a921701ba.jpg,8ba68ead3ca7941a7127760a921701ba
5696,datasets/cat_10k/images/8bb507b41f6e206a1fd0194318aa223b.jpg,8bb507b41f6e206a1fd0194318aa223b
5697,datasets/cat_10k/images/8bb591eccba7641c6e2dd4b23a257468.jpg,8bb591eccba7641c6e2dd4b23a257468
5698,datasets/cat_10k/images/8bc65fa67cae5622224c6e67f25fe96e.jpg,8bc65fa67cae5622224c6e67f25fe96e
5699,datasets/cat_10k/images/8bc66d914ecdf5f6393169a83fa01aba.jpg,8bc66d914ecdf5f6393169a83fa01aba
5700,datasets/cat_10k/images/8bd04d06be916deef614315fb39929f9.jpg,8bd04d06be916deef614315fb39929f9
5701,datasets/cat_10k/images/8bd6416edceff00bfe6baff8ae2f1844.jpg,8bd6416edceff00bfe6baff8ae2f1844
5702,datasets/cat_10k/images/8be965675e7c170ab1f5d12394a08971.jpg,8be965675e7c170ab1f5d12394a08971
5703,datasets/cat_10k/images/8bf9af63d4ed5ad210bcc34d498fc82c.jpg,8bf9af63d4ed5ad210bcc34d498fc82c
5704,datasets/cat_10k/images/8bff15630d3a418d1ff049cd7f91c35f.jpg,8bff15630d3a418d1ff049cd7f91c35f
5705,datasets/cat_10k/images/8c0887a5d860e00080b89329c4d44238.jpg,8c0887a5d860e00080b89329c4d44238
5706,datasets/cat_10k/images/8c08f2a0778b31b43992958aa619fa32.jpg,8c08f2a0778b31b43992958aa619fa32
5707,datasets/cat_10k/images/8c0fc18e6a3d22826dab80e1d053e447.jpg,8c0fc18e6a3d22826dab80e1d053e447
5708,datasets/cat_10k/images/8c102612185b131e7fe3fbbe940294bd.jpg,8c102612185b131e7fe3fbbe940294bd
5709,datasets/cat_10k/images/8c229db467a22ff6f48a65dfe945b02f.jpg,8c229db467a22ff6f48a65dfe945b02f
5710,datasets/cat_10k/images/8c239f0d155e7e468fea881ffb0a6ba4.jpg,8c239f0d155e7e468fea881ffb0a6ba4
5711,datasets/cat_10k/images/8c24a48c3dd6fbe4a1a1543e30fe0a32.jpg,8c24a48c3dd6fbe4a1a1543e30fe0a32
5712,datasets/cat_10k/images/8c34b062ff3be6d916ee62355c5f8fc3.jpg,8c34b062ff3be6d916ee62355c5f8fc3
5713,datasets/cat_10k/images/8c4977621110064cdded5d03a946b3b1.jpg,8c4977621110064cdded5d03a946b3b1
5714,datasets/cat_10k/images/8c5085af0619a7fdd6145fb654a104e0.jpg,8c5085af0619a7fdd6145fb654a104e0
5715,datasets/cat_10k/images/8c5a2df02d476cd47d1ca32bc78cfdf0.jpg,8c5a2df02d476cd47d1ca32bc78cfdf0
5716,datasets/cat_10k/images/8c7c5a9738e4a1e672e152c302e917a4.jpg,8c7c5a9738e4a1e672e152c302e917a4
5717,datasets/cat_10k/images/8c8018c2fbaa3d752a04d07e2a6a2dbe.jpg,8c8018c2fbaa3d752a04d07e2a6a2dbe
5718,datasets/cat_10k/images/8c808ffba5d198ff0316e1a210622aca.jpg,8c808ffba5d198ff0316e1a210622aca
5719,datasets/cat_10k/images/8c86e952d5f51528bffdde319ef59535.jpg,8c86e952d5f51528bffdde319ef59535
5720,datasets/cat_10k/images/8c9c0b006ff2b3d4ec13042244e4a6d4.jpg,8c9c0b006ff2b3d4ec13042244e4a6d4
5721,datasets/cat_10k/images/8ca45483e1da3e531b21ebbf0270c952.jpg,8ca45483e1da3e531b21ebbf0270c952
5722,datasets/cat_10k/images/8ca6f40fa6fc828c73df270a18024514.jpg,8ca6f40fa6fc828c73df270a18024514
5723,datasets/cat_10k/images/8cb497de3d97ffafa691f26eb25c374a.jpg,8cb497de3d97ffafa691f26eb25c374a
5724,datasets/cat_10k/images/8cc13628622d358d6a3880ab66b1abfa.jpg,8cc13628622d358d6a3880ab66b1abfa
5725,datasets/cat_10k/images/8cd12bc2d941a80c14ce5fd3f9f912d8.jpg,8cd12bc2d941a80c14ce5fd3f9f912d8
5726,datasets/cat_10k/images/8cd4d9515f74c6637032e5812f8a78f5.jpg,8cd4d9515f74c6637032e5812f8a78f5
5727,datasets/cat_10k/images/8cdc4f2b9d6b3bcfba88ac4895eb8423.jpg,8cdc4f2b9d6b3bcfba88ac4895eb8423
5728,datasets/cat_10k/images/8ce00a8183fa5aa2fb88b1d64ba4905a.jpg,8ce00a8183fa5aa2fb88b1d64ba4905a
5729,datasets/cat_10k/images/8ce1f6f7bef571f1f885fa3486f58a86.jpg,8ce1f6f7bef571f1f885fa3486f58a86
5730,datasets/cat_10k/images/8ce2a1ae7ca775a9dcb4445fe124f867.jpg,8ce2a1ae7ca775a9dcb4445fe124f867
5731,datasets/cat_10k/images/8cf08fa9c5c21d79895682fc4607db21.jpg,8cf08fa9c5c21d79895682fc4607db21
5732,datasets/cat_10k/images/8cffe760653823cea703ebbf21b24849.jpg,8cffe760653823cea703ebbf21b24849
5733,datasets/cat_10k/images/8d005e9d661026fcd5b4d2c6f9f1e687.jpg,8d005e9d661026fcd5b4d2c6f9f1e687
5734,datasets/cat_10k/images/8d037750d10d7dc4ae25fb7ef7569ea8.jpg,8d037750d10d7dc4ae25fb7ef7569ea8
5735,datasets/cat_10k/images/8d05afc1c97fe4bae63613bd134028b3.jpg,8d05afc1c97fe4bae63613bd134028b3
5736,datasets/cat_10k/images/8d0e90c2c97445792b6c51a49598cf3a.jpg,8d0e90c2c97445792b6c51a49598cf3a
5737,datasets/cat_10k/images/8d0eef67aa7c6266e6fa80efbaf01f87.jpg,8d0eef67aa7c6266e6fa80efbaf01f87
5738,datasets/cat_10k/images/8d11c5b876b539698890ddd38ee42357.jpg,8d11c5b876b539698890ddd38ee42357
5739,datasets/cat_10k/images/8d1b77ad245828d2784434105d424e91.jpg,8d1b77ad245828d2784434105d424e91
5740,datasets/cat_10k/images/8d1d14f080e983eca259942748a7a486.jpg,8d1d14f080e983eca259942748a7a486
5741,datasets/cat_10k/images/8d2007206b1f357c84f7901b977922c2.jpg,8d2007206b1f357c84f7901b977922c2
5742,datasets/cat_10k/images/8d2122799d3455d81e9c209acbf129a3.jpg,8d2122799d3455d81e9c209acbf129a3
5743,datasets/cat_10k/images/8d21b640585fa1caf45ecd8911f35a87.jpg,8d21b640585fa1caf45ecd8911f35a87
5744,datasets/cat_10k/images/8d313229fdb78ccc56d5776accb8afab.jpg,8d313229fdb78ccc56d5776accb8afab
5745,datasets/cat_10k/images/8d313a689a8d7fe0c030a24f2d20650b.jpg,8d313a689a8d7fe0c030a24f2d20650b
5746,datasets/cat_10k/images/8d3445d099d426c431139a18902365dd.jpg,8d3445d099d426c431139a18902365dd
5747,datasets/cat_10k/images/8d3566e680870af486bb727433c47a0d.jpg,8d3566e680870af486bb727433c47a0d
5748,datasets/cat_10k/images/8d3b4181f5287db065e93cded41463d0.jpg,8d3b4181f5287db065e93cded41463d0
5749,datasets/cat_10k/images/8d478dbf8a3d798f834a489ea0932d2c.jpg,8d478dbf8a3d798f834a489ea0932d2c
5750,datasets/cat_10k/images/8d4a0c9284c62c60c938c6737ca9b9e4.jpg,8d4a0c9284c62c60c938c6737ca9b9e4
5751,datasets/cat_10k/images/8d4b95cbc151386c7010b74c9fc5b316.jpg,8d4b95cbc151386c7010b74c9fc5b316
5752,datasets/cat_10k/images/8d4df22453d885ff924f7857c4f96f99.jpg,8d4df22453d885ff924f7857c4f96f99
5753,datasets/cat_10k/images/8d4fca93a115873abd567855c80406e0.jpg,8d4fca93a115873abd567855c80406e0
5754,datasets/cat_10k/images/8d525218dce283cd2c7d5da24ea946e3.jpg,8d525218dce283cd2c7d5da24ea946e3
5755,datasets/cat_10k/images/8d529796b76712b87503dc0a6284040e.jpg,8d529796b76712b87503dc0a6284040e
5756,datasets/cat_10k/images/8d589ba07fd536845e772d736d07b4f1.jpg,8d589ba07fd536845e772d736d07b4f1
5757,datasets/cat_10k/images/8d5da278b3687e1d77a820196c9ccd2e.jpg,8d5da278b3687e1d77a820196c9ccd2e
5758,datasets/cat_10k/images/8d5f6a15ce476d6b5349e2e513a75434.jpg,8d5f6a15ce476d6b5349e2e513a75434
5759,datasets/cat_10k/images/8d62dc23fa37df69cc244b52cd2015da.jpg,8d62dc23fa37df69cc244b52cd2015da
5760,datasets/cat_10k/images/8d63617064c51066b2a44d8782fa2bce.jpg,8d63617064c51066b2a44d8782fa2bce
5761,datasets/cat_10k/images/8d67374d4bca80ae47e5e6d706d425c8.jpg,8d67374d4bca80ae47e5e6d706d425c8
5762,datasets/cat_10k/images/8d6b093f751f84b3c856ff93cbfd1584.jpg,8d6b093f751f84b3c856ff93cbfd1584
5763,datasets/cat_10k/images/8d72545ab2231de64ceef37bc6f6fa51.jpg,8d72545ab2231de64ceef37bc6f6fa51
5764,datasets/cat_10k/images/8d79112bf5b2503c552decefc5bc3ae4.jpg,8d79112bf5b2503c552decefc5bc3ae4
5765,datasets/cat_10k/images/8d82dec32f6938b7f49d6b0e8fb410ab.jpg,8d82dec32f6938b7f49d6b0e8fb410ab
5766,datasets/cat_10k/images/8d8c7cb382089d1ccb1c91a3a41781e8.jpg,8d8c7cb382089d1ccb1c91a3a41781e8
5767,datasets/cat_10k/images/8d8e723fb417506681fc213031f1d4a6.jpg,8d8e723fb417506681fc213031f1d4a6
5768,datasets/cat_10k/images/8da26be1f93a34cff9b917f920b782cd.jpg,8da26be1f93a34cff9b917f920b782cd
5769,datasets/cat_10k/images/8da9073ef5d5e21941e29aaea77bd68f.jpg,8da9073ef5d5e21941e29aaea77bd68f
5770,datasets/cat_10k/images/8dac8534d60577a02a77473c02c68f3c.jpg,8dac8534d60577a02a77473c02c68f3c
5771,datasets/cat_10k/images/8db0ddc675bf6d5bdd8a141188dbdb0c.jpg,8db0ddc675bf6d5bdd8a141188dbdb0c
5772,datasets/cat_10k/images/8db3b809c6f0236482a7d9b31970fadb.jpg,8db3b809c6f0236482a7d9b31970fadb
5773,datasets/cat_10k/images/8dbacda063d24f66b3d50ee482e313f3.jpg,8dbacda063d24f66b3d50ee482e313f3
5774,datasets/cat_10k/images/8dc161299712da2bede6fa85bcc56dab.jpg,8dc161299712da2bede6fa85bcc56dab
5775,datasets/cat_10k/images/8dc274791cda7a18ca4dddfe27be41ff.jpg,8dc274791cda7a18ca4dddfe27be41ff
5776,datasets/cat_10k/images/8dd52653a0f434b6b1d84bb5d08f53e2.jpg,8dd52653a0f434b6b1d84bb5d08f53e2
5777,datasets/cat_10k/images/8ddddfb56af321a4decbe1a63102b305.jpg,8ddddfb56af321a4decbe1a63102b305
5778,datasets/cat_10k/images/8de7f26b3bf8cec4968428df0a6c6005.jpg,8de7f26b3bf8cec4968428df0a6c6005
5779,datasets/cat_10k/images/8ded4643d123c784c02cc1dbda8d0fe5.jpg,8ded4643d123c784c02cc1dbda8d0fe5
5780,datasets/cat_10k/images/8df1e102dd6f66b49b267c2450a34260.jpg,8df1e102dd6f66b49b267c2450a34260
5781,datasets/cat_10k/images/8df4a99f87b1ae978ae0ba8b1941a51b.jpg,8df4a99f87b1ae978ae0ba8b1941a51b
5782,datasets/cat_10k/images/8e017d127db3f900cf620e5a2b62f026.jpg,8e017d127db3f900cf620e5a2b62f026
5783,datasets/cat_10k/images/8e0ef8217c0236352cacfbdc8f61ddf2.jpg,8e0ef8217c0236352cacfbdc8f61ddf2
5784,datasets/cat_10k/images/8e0f11003ee64966d233c5d149e7b361.jpg,8e0f11003ee64966d233c5d149e7b361
5785,datasets/cat_10k/images/8e132fae451342d4512dde3b052fda3e.jpg,8e132fae451342d4512dde3b052fda3e
5786,datasets/cat_10k/images/8e137b954d89e415f95a76d0b6d0f9de.jpg,8e137b954d89e415f95a76d0b6d0f9de
5787,datasets/cat_10k/images/8e20a4e8eee30da31bf7cb64be33b55b.jpg,8e20a4e8eee30da31bf7cb64be33b55b
5788,datasets/cat_10k/images/8e23bba1941f34978a05e97bc5230c4d.jpg,8e23bba1941f34978a05e97bc5230c4d
5789,datasets/cat_10k/images/8e3b3e4b797f914442e4e8b6cd5bb98a.jpg,8e3b3e4b797f914442e4e8b6cd5bb98a
5790,datasets/cat_10k/images/8e51a05670d9d9bd3de652c539d93f91.jpg,8e51a05670d9d9bd3de652c539d93f91
5791,datasets/cat_10k/images/8e51eba719a7b5b6c4c4797fc4488276.jpg,8e51eba719a7b5b6c4c4797fc4488276
5792,datasets/cat_10k/images/8e5e5b741ebdbd6d8d2dc882fb46a8d4.jpg,8e5e5b741ebdbd6d8d2dc882fb46a8d4
5793,datasets/cat_10k/images/8e60359ffcc13602a8d588b196016d27.jpg,8e60359ffcc13602a8d588b196016d27
5794,datasets/cat_10k/images/8e60e86f0d827ce182e605a84605ca97.jpg,8e60e86f0d827ce182e605a84605ca97
5795,datasets/cat_10k/images/8e7193b32a3f5ce18605b9aa88af7b2c.jpg,8e7193b32a3f5ce18605b9aa88af7b2c
5796,datasets/cat_10k/images/8e82b6fb904302e2d53393099578d8fc.jpg,8e82b6fb904302e2d53393099578d8fc
5797,datasets/cat_10k/images/8e8479df7d0a739964800445a95b6469.jpg,8e8479df7d0a739964800445a95b6469
5798,datasets/cat_10k/images/8e8794303e9d1fc4209216c97425eb4d.jpg,8e8794303e9d1fc4209216c97425eb4d
5799,datasets/cat_10k/images/8e88162bac333eeb888b37b525cc6b9f.jpg,8e88162bac333eeb888b37b525cc6b9f
5800,datasets/cat_10k/images/8e89d45345c2341df343b0d7c5572572.jpg,8e89d45345c2341df343b0d7c5572572
5801,datasets/cat_10k/images/8ea941beeeb6f8df9b148a12f9d7c5c2.jpg,8ea941beeeb6f8df9b148a12f9d7c5c2
5802,datasets/cat_10k/images/8eaee34900228ef81fdb02d010aade95.jpg,8eaee34900228ef81fdb02d010aade95
5803,datasets/cat_10k/images/8eb0a18f9c1890cc9c51130047ae34c4.jpg,8eb0a18f9c1890cc9c51130047ae34c4
5804,datasets/cat_10k/images/8eb3727bea8fdec7bfb62f76b80a9134.jpg,8eb3727bea8fdec7bfb62f76b80a9134
5805,datasets/cat_10k/images/8eba08bc73674dc8e55e1b1b202edd8c.jpg,8eba08bc73674dc8e55e1b1b202edd8c
5806,datasets/cat_10k/images/8ec8db8505ac2dd5850fca037c7d82b6.jpg,8ec8db8505ac2dd5850fca037c7d82b6
5807,datasets/cat_10k/images/8ed9c78e632c714fa081dd55b420ac57.jpg,8ed9c78e632c714fa081dd55b420ac57
5808,datasets/cat_10k/images/8ee3f2830a370fad525aa9a24fd40bea.jpg,8ee3f2830a370fad525aa9a24fd40bea
5809,datasets/cat_10k/images/8ee94f6f561dfde24641109c57a298c3.jpg,8ee94f6f561dfde24641109c57a298c3
5810,datasets/cat_10k/images/8ef065f321acb93ff7d17c64083eaf70.jpg,8ef065f321acb93ff7d17c64083eaf70
5811,datasets/cat_10k/images/8ef1f96de066d8ad399c9fc657b2f51a.jpg,8ef1f96de066d8ad399c9fc657b2f51a
5812,datasets/cat_10k/images/8ef5d08e7f486fe5971b080ee2867ca6.jpg,8ef5d08e7f486fe5971b080ee2867ca6
5813,datasets/cat_10k/images/8ef6bd758044b97c58f587c303d61a1c.jpg,8ef6bd758044b97c58f587c303d61a1c
5814,datasets/cat_10k/images/8efce28199facf34fcced0c54cbb059e.jpg,8efce28199facf34fcced0c54cbb059e
5815,datasets/cat_10k/images/8f131e10058a8395df483857a70a067d.jpg,8f131e10058a8395df483857a70a067d
5816,datasets/cat_10k/images/8f18cfbee38134377de657c42223365c.jpg,8f18cfbee38134377de657c42223365c
5817,datasets/cat_10k/images/8f1f5ea58fb82b1ed734c26c4e946905.jpg,8f1f5ea58fb82b1ed734c26c4e946905
5818,datasets/cat_10k/images/8f218a93d02c42306b605ad9841448bf.jpg,8f218a93d02c42306b605ad9841448bf
5819,datasets/cat_10k/images/8f2679caaa84ac5b7e573f748641ea47.jpg,8f2679caaa84ac5b7e573f748641ea47
5820,datasets/cat_10k/images/8f2c811e6d8bf391a01950c7c17211fc.jpg,8f2c811e6d8bf391a01950c7c17211fc
5821,datasets/cat_10k/images/8f2ea12a750d9ee64b9bd6cf7b05048c.jpg,8f2ea12a750d9ee64b9bd6cf7b05048c
5822,datasets/cat_10k/images/8f2fd7a5eb420d4702c89720fddc40b7.jpg,8f2fd7a5eb420d4702c89720fddc40b7
5823,datasets/cat_10k/images/8f374b0d7ad3d02717f1762ad8bc1927.jpg,8f374b0d7ad3d02717f1762ad8bc1927
5824,datasets/cat_10k/images/8f3a037250363eec93f7d04764049a4f.jpg,8f3a037250363eec93f7d04764049a4f
5825,datasets/cat_10k/images/8f3e03e531e747a539578e81c0f4391b.jpg,8f3e03e531e747a539578e81c0f4391b
5826,datasets/cat_10k/images/8f3f7dd3b1d677859efa39346d38d506.jpg,8f3f7dd3b1d677859efa39346d38d506
5827,datasets/cat_10k/images/8f406a77aff9e4c4f973c4c49efd92ea.jpg,8f406a77aff9e4c4f973c4c49efd92ea
5828,datasets/cat_10k/images/8f447fd9d46dedade0e768aa6265c129.jpg,8f447fd9d46dedade0e768aa6265c129
5829,datasets/cat_10k/images/8f4b2eb0b7c9aefd3c78965f4df933ed.jpg,8f4b2eb0b7c9aefd3c78965f4df933ed
5830,datasets/cat_10k/images/8f52f02d30ad134126061fc0af3f054c.jpg,8f52f02d30ad134126061fc0af3f054c
5831,datasets/cat_10k/images/8f5906a22a7321b68dde9f91cb759b28.jpg,8f5906a22a7321b68dde9f91cb759b28
5832,datasets/cat_10k/images/8f5e0cdd4aa07ead0da29718e3aa57f0.jpg,8f5e0cdd4aa07ead0da29718e3aa57f0
5833,datasets/cat_10k/images/8f5fdb03e74e1a1d67c415389058bc83.jpg,8f5fdb03e74e1a1d67c415389058bc83
5834,datasets/cat_10k/images/8f64d6a548a3ac3f3e98d0fb4968256f.jpg,8f64d6a548a3ac3f3e98d0fb4968256f
5835,datasets/cat_10k/images/8f68448543b37f304cbe1a49befdd965.jpg,8f68448543b37f304cbe1a49befdd965
5836,datasets/cat_10k/images/8f6b8f9b5310e244a2ee18f21a08fb4f.jpg,8f6b8f9b5310e244a2ee18f21a08fb4f
5837,datasets/cat_10k/images/8f6d4dcfc62d725d6d15fd906d6c411a.jpg,8f6d4dcfc62d725d6d15fd906d6c411a
5838,datasets/cat_10k/images/8f71b47f685db34c8980747d4083d499.jpg,8f71b47f685db34c8980747d4083d499
5839,datasets/cat_10k/images/8f72407aa76907350bc07db150499770.jpg,8f72407aa76907350bc07db150499770
5840,datasets/cat_10k/images/8f7ecc2bda36b0ec8252d9c9f6de7d16.jpg,8f7ecc2bda36b0ec8252d9c9f6de7d16
5841,datasets/cat_10k/images/8f8424114bf466af7480cc3b4975cf5e.jpg,8f8424114bf466af7480cc3b4975cf5e
5842,datasets/cat_10k/images/8f98aa497aab08abfc8a2bca80bcda7b.jpg,8f98aa497aab08abfc8a2bca80bcda7b
5843,datasets/cat_10k/images/8f9b9f0c0842af3edfe34af9f2ef0482.jpg,8f9b9f0c0842af3edfe34af9f2ef0482
5844,datasets/cat_10k/images/8faa09ac0987d5bb98f9474e4c48e09a.jpg,8faa09ac0987d5bb98f9474e4c48e09a
5845,datasets/cat_10k/images/8fae2fd0722a5be637ab79888bc82928.jpg,8fae2fd0722a5be637ab79888bc82928
5846,datasets/cat_10k/images/8fbb32b25aa9a05d293bf2f91e7387ac.jpg,8fbb32b25aa9a05d293bf2f91e7387ac
5847,datasets/cat_10k/images/8fbdc82b002375991921b73fee7b2fdd.jpg,8fbdc82b002375991921b73fee7b2fdd
5848,datasets/cat_10k/images/8fc01ce6d3bff4fdaf87894e15ef798e.jpg,8fc01ce6d3bff4fdaf87894e15ef798e
5849,datasets/cat_10k/images/8fc940ed27898c74b6e95b0360581afd.jpg,8fc940ed27898c74b6e95b0360581afd
5850,datasets/cat_10k/images/8fced7dbd79d843710314269cd51bd23.jpg,8fced7dbd79d843710314269cd51bd23
5851,datasets/cat_10k/images/8fd509e4d9f58d825b4ff5116c44f015.jpg,8fd509e4d9f58d825b4ff5116c44f015
5852,datasets/cat_10k/images/8fd7c25cf1448ac49e2503adec84e63f.jpg,8fd7c25cf1448ac49e2503adec84e63f
5853,datasets/cat_10k/images/8fe27f9705e5b35609d1cfd29ce2c79f.jpg,8fe27f9705e5b35609d1cfd29ce2c79f
5854,datasets/cat_10k/images/8fe88ce7be4da19eea499ebf4fad67ff.jpg,8fe88ce7be4da19eea499ebf4fad67ff
5855,datasets/cat_10k/images/8fe8f8619ae7267ecb5e842ab209e536.jpg,8fe8f8619ae7267ecb5e842ab209e536
5856,datasets/cat_10k/images/8ff5f2b2d3c03c7743fe1907595f85d0.jpg,8ff5f2b2d3c03c7743fe1907595f85d0
5857,datasets/cat_10k/images/8ffdc4c28a12bfb60b038805c0c5cbde.jpg,8ffdc4c28a12bfb60b038805c0c5cbde
5858,datasets/cat_10k/images/8fff0bf57c7c9dd109796350008fe4fc.jpg,8fff0bf57c7c9dd109796350008fe4fc
5859,datasets/cat_10k/images/9004ab96477d5a3a24898a4c47b5da64.jpg,9004ab96477d5a3a24898a4c47b5da64
5860,datasets/cat_10k/images/900a46b8aba9a4243056a9b4a900d97e.jpg,900a46b8aba9a4243056a9b4a900d97e
5861,datasets/cat_10k/images/9018a13f86621aeff8b92b626e3a83d2.jpg,9018a13f86621aeff8b92b626e3a83d2
5862,datasets/cat_10k/images/90218b88702260f6ded6d9a1c49e7c86.jpg,90218b88702260f6ded6d9a1c49e7c86
5863,datasets/cat_10k/images/9023f2123a7800703f3bd679fc514a84.jpg,9023f2123a7800703f3bd679fc514a84
5864,datasets/cat_10k/images/90257e4c94595e151590444b7576b85f.jpg,90257e4c94595e151590444b7576b85f
5865,datasets/cat_10k/images/9029cc3830371ca2b714d6fa69a719e3.jpg,9029cc3830371ca2b714d6fa69a719e3
5866,datasets/cat_10k/images/9035bd71c9711db64fdaf4f9da17a089.jpg,9035bd71c9711db64fdaf4f9da17a089
5867,datasets/cat_10k/images/903910fc77c739a106f7790cef38d33f.jpg,903910fc77c739a106f7790cef38d33f
5868,datasets/cat_10k/images/903f82574b21951443f283a67989bc70.jpg,903f82574b21951443f283a67989bc70
5869,datasets/cat_10k/images/9052549c2cd24b738c72841894112490.jpg,9052549c2cd24b738c72841894112490
5870,datasets/cat_10k/images/906038d55f0d3fb9aa462b9b925cd79a.jpg,906038d55f0d3fb9aa462b9b925cd79a
5871,datasets/cat_10k/images/90650c49c0a6cfcf47e01e73ec386933.jpg,90650c49c0a6cfcf47e01e73ec386933
5872,datasets/cat_10k/images/906c2ecdeb4a3ece79277558411a4339.jpg,906c2ecdeb4a3ece79277558411a4339
5873,datasets/cat_10k/images/9070b26f821f68628b9fe25158ad3400.jpg,9070b26f821f68628b9fe25158ad3400
5874,datasets/cat_10k/images/907128b7f498c41d9b7e806239d2d54b.jpg,907128b7f498c41d9b7e806239d2d54b
5875,datasets/cat_10k/images/907678e573e5b1cb6e076fc7d17ae313.jpg,907678e573e5b1cb6e076fc7d17ae313
5876,datasets/cat_10k/images/907d9b7eeb04d676c02e27431d35acf0.jpg,907d9b7eeb04d676c02e27431d35acf0
5877,datasets/cat_10k/images/908684fdd576b3d48f77068d845c6c65.jpg,908684fdd576b3d48f77068d845c6c65
5878,datasets/cat_10k/images/90868851be2bc5349ddb7d690074bcb9.jpg,90868851be2bc5349ddb7d690074bcb9
5879,datasets/cat_10k/images/90887e6bcf047f4c2d4002594ebdad5e.jpg,90887e6bcf047f4c2d4002594ebdad5e
5880,datasets/cat_10k/images/908c7cd0febf1dea81dd22123ffbe408.jpg,908c7cd0febf1dea81dd22123ffbe408
5881,datasets/cat_10k/images/90975b3108f37e846537295b7d4052a0.jpg,90975b3108f37e846537295b7d4052a0
5882,datasets/cat_10k/images/909a0205996d77147b53c47663b3663e.jpg,909a0205996d77147b53c47663b3663e
5883,datasets/cat_10k/images/909b59a8ac48bf767aa1af745f84054c.jpg,909b59a8ac48bf767aa1af745f84054c
5884,datasets/cat_10k/images/909ce41d7cfdf14ef80587dc41e692db.jpg,909ce41d7cfdf14ef80587dc41e692db
5885,datasets/cat_10k/images/909dda0b96d46d304f824004d1ed62bb.jpg,909dda0b96d46d304f824004d1ed62bb
5886,datasets/cat_10k/images/909f9d16cd8efe90fce929fe591950bc.jpg,909f9d16cd8efe90fce929fe591950bc
5887,datasets/cat_10k/images/90cce4a050894f904140f7182f191fc6.jpg,90cce4a050894f904140f7182f191fc6
5888,datasets/cat_10k/images/90d31f20c0c93292c770b5e2214560a0.jpg,90d31f20c0c93292c770b5e2214560a0
5889,datasets/cat_10k/images/90eebcd1a8384c66d924a5016e17c61b.jpg,90eebcd1a8384c66d924a5016e17c61b
5890,datasets/cat_10k/images/90f1fcb18abc5694123c794b32c45c1f.jpg,90f1fcb18abc5694123c794b32c45c1f
5891,datasets/cat_10k/images/90f9b7e408f9cbd222d5e12fb1578945.jpg,90f9b7e408f9cbd222d5e12fb1578945
5892,datasets/cat_10k/images/90fa7fd156f8e156be317c2f758b6347.jpg,90fa7fd156f8e156be317c2f758b6347
5893,datasets/cat_10k/images/910051e31164968d8ecdef5efbaa0fdf.jpg,910051e31164968d8ecdef5efbaa0fdf
5894,datasets/cat_10k/images/91053e9f3d6a3fcb37202bdbdf086c3d.jpg,91053e9f3d6a3fcb37202bdbdf086c3d
5895,datasets/cat_10k/images/910a73a3f9c4f624c8e0af3a57fe33cd.jpg,910a73a3f9c4f624c8e0af3a57fe33cd
5896,datasets/cat_10k/images/91198d6b51dce3ef34ce54fdc3dff0d1.jpg,91198d6b51dce3ef34ce54fdc3dff0d1
5897,datasets/cat_10k/images/91211983b2b219d894ed4393701a94fc.jpg,91211983b2b219d894ed4393701a94fc
5898,datasets/cat_10k/images/912aabed66feb9fd01ab9311753a70a6.jpg,912aabed66feb9fd01ab9311753a70a6
5899,datasets/cat_10k/images/913715afd0567fb7e3bb1db848a4bb66.jpg,913715afd0567fb7e3bb1db848a4bb66
5900,datasets/cat_10k/images/913bceaad7377cb195488b9830324433.jpg,913bceaad7377cb195488b9830324433
5901,datasets/cat_10k/images/9144b4f4c7412497e4abf1e29d6abaa0.jpg,9144b4f4c7412497e4abf1e29d6abaa0
5902,datasets/cat_10k/images/914dca5788e7913b3bc13d7447224d6e.jpg,914dca5788e7913b3bc13d7447224d6e
5903,datasets/cat_10k/images/9159ec18e233fb1f8fb1b60768bf47a7.jpg,9159ec18e233fb1f8fb1b60768bf47a7
5904,datasets/cat_10k/images/915b2e3828e5f18000f1b253b9f05d49.jpg,915b2e3828e5f18000f1b253b9f05d49
5905,datasets/cat_10k/images/915d234696c11311f0a4a611476980cc.jpg,915d234696c11311f0a4a611476980cc
5906,datasets/cat_10k/images/916276824c51203eb0fb882e04693c03.jpg,916276824c51203eb0fb882e04693c03
5907,datasets/cat_10k/images/91729fd1946c0d2584b1f49f675835eb.jpg,91729fd1946c0d2584b1f49f675835eb
5908,datasets/cat_10k/images/9178cc49e3fe2f60d2f2f8914a315883.jpg,9178cc49e3fe2f60d2f2f8914a315883
5909,datasets/cat_10k/images/9180137654efffa6ac748c939faa06f2.jpg,9180137654efffa6ac748c939faa06f2
5910,datasets/cat_10k/images/9184c9e3c8e4faee40d17a54010ce41f.jpg,9184c9e3c8e4faee40d17a54010ce41f
5911,datasets/cat_10k/images/9187cbca405bdd2b48b65e1615d8cc78.jpg,9187cbca405bdd2b48b65e1615d8cc78
5912,datasets/cat_10k/images/91885eee7fdee01042cae597e0886740.jpg,91885eee7fdee01042cae597e0886740
5913,datasets/cat_10k/images/919dfe314324f7a9781c31576547c1f3.jpg,919dfe314324f7a9781c31576547c1f3
5914,datasets/cat_10k/images/91a0fe14b6598bc36ae3e05e3ebe0baa.jpg,91a0fe14b6598bc36ae3e05e3ebe0baa
5915,datasets/cat_10k/images/91a3ec18f0c0d8c44c5c9f79edf8ae1e.jpg,91a3ec18f0c0d8c44c5c9f79edf8ae1e
5916,datasets/cat_10k/images/91a5cdce9839f276280c40a07d5a5421.jpg,91a5cdce9839f276280c40a07d5a5421
5917,datasets/cat_10k/images/91a799065c4038feeced0174153ec32e.jpg,91a799065c4038feeced0174153ec32e
5918,datasets/cat_10k/images/91b960049e6f2bbfd34494f188ff8819.jpg,91b960049e6f2bbfd34494f188ff8819
5919,datasets/cat_10k/images/91c3018b938ce13c4617a5dac9218234.jpg,91c3018b938ce13c4617a5dac9218234
5920,datasets/cat_10k/images/91c7449afc1829d854b395c8ae5162c8.jpg,91c7449afc1829d854b395c8ae5162c8
5921,datasets/cat_10k/images/91cf9fe416c69e661aea8387fc30b0bc.jpg,91cf9fe416c69e661aea8387fc30b0bc
5922,datasets/cat_10k/images/91d15cec5c2f0e1a9fc4b5b228407764.jpg,91d15cec5c2f0e1a9fc4b5b228407764
5923,datasets/cat_10k/images/91d46f941a9993a8ecb5d29ead96bbd0.jpg,91d46f941a9993a8ecb5d29ead96bbd0
5924,datasets/cat_10k/images/91d791200f8f07da1dc0db8cb0b8ab41.jpg,91d791200f8f07da1dc0db8cb0b8ab41
5925,datasets/cat_10k/images/91da760be8ba12e6016a3dddf74dabd8.jpg,91da760be8ba12e6016a3dddf74dabd8
5926,datasets/cat_10k/images/91deffdaebe45b2b99732b402c5b2b7d.jpg,91deffdaebe45b2b99732b402c5b2b7d
5927,datasets/cat_10k/images/91e3b6228d39d143110d2b79b3f00004.jpg,91e3b6228d39d143110d2b79b3f00004
5928,datasets/cat_10k/images/91e74af503032ae09a19742dc46edfe7.jpg,91e74af503032ae09a19742dc46edfe7
5929,datasets/cat_10k/images/91ec07ab63754df99905c69285d7cbdd.jpg,91ec07ab63754df99905c69285d7cbdd
5930,datasets/cat_10k/images/91f01cad1d51de7f9ea60d954903890c.jpg,91f01cad1d51de7f9ea60d954903890c
5931,datasets/cat_10k/images/91fc9769a11262467f67e3f182c9438f.jpg,91fc9769a11262467f67e3f182c9438f
5932,datasets/cat_10k/images/91ffe0b6f4f1ded62522a662034b47f6.jpg,91ffe0b6f4f1ded62522a662034b47f6
5933,datasets/cat_10k/images/920ab4d7205b0a18d5e8788508aa04ad.jpg,920ab4d7205b0a18d5e8788508aa04ad
5934,datasets/cat_10k/images/92126177f7b0038457963e403fe719d4.jpg,92126177f7b0038457963e403fe719d4
5935,datasets/cat_10k/images/9213863171345399557def8e25b3979e.jpg,9213863171345399557def8e25b3979e
5936,datasets/cat_10k/images/9215b2abec91f7335af26c4df3f7860b.jpg,9215b2abec91f7335af26c4df3f7860b
5937,datasets/cat_10k/images/9225488ee54c0c1036f1b5302543065c.jpg,9225488ee54c0c1036f1b5302543065c
5938,datasets/cat_10k/images/922a4db663b4d3bff3412004a54bf231.jpg,922a4db663b4d3bff3412004a54bf231
5939,datasets/cat_10k/images/9233c4357a9e29396346ce5e47559a41.jpg,9233c4357a9e29396346ce5e47559a41
5940,datasets/cat_10k/images/9244a62eef317d8fc7c4ef020d6e2a37.jpg,9244a62eef317d8fc7c4ef020d6e2a37
5941,datasets/cat_10k/images/924507556c03210adf9d45b133d6820f.jpg,924507556c03210adf9d45b133d6820f
5942,datasets/cat_10k/images/924f94dedbed0a962d965981acc8866b.jpg,924f94dedbed0a962d965981acc8866b
5943,datasets/cat_10k/images/925ffcd3a1da9d27c3a2d425ba17fb0a.jpg,925ffcd3a1da9d27c3a2d425ba17fb0a
5944,datasets/cat_10k/images/9269b3eff2d89053991d8eb5af006317.jpg,9269b3eff2d89053991d8eb5af006317
5945,datasets/cat_10k/images/926bca218d0443fd01fd1f29ed6217e2.jpg,926bca218d0443fd01fd1f29ed6217e2
5946,datasets/cat_10k/images/926c2b150a5f3999862282f28ed437b4.jpg,926c2b150a5f3999862282f28ed437b4
5947,datasets/cat_10k/images/927177a028c9798577b75046fef10110.jpg,927177a028c9798577b75046fef10110
5948,datasets/cat_10k/images/9271fe576a68ffaf56191494d76d375b.jpg,9271fe576a68ffaf56191494d76d375b
5949,datasets/cat_10k/images/928252ef4bd4023d42ba58f79118a5fc.jpg,928252ef4bd4023d42ba58f79118a5fc
5950,datasets/cat_10k/images/928862e3abf15df8c73c24f438f0a366.jpg,928862e3abf15df8c73c24f438f0a366
5951,datasets/cat_10k/images/9291427fed0129bbfe9794d9162ace8d.jpg,9291427fed0129bbfe9794d9162ace8d
5952,datasets/cat_10k/images/9297c9ee92c4dae0f7704b6c5e7c11c1.jpg,9297c9ee92c4dae0f7704b6c5e7c11c1
5953,datasets/cat_10k/images/92a19c64bf239010a9d4ce6315a98eaa.jpg,92a19c64bf239010a9d4ce6315a98eaa
5954,datasets/cat_10k/images/92abe97b80c0b39c6b5b559b882d7c05.jpg,92abe97b80c0b39c6b5b559b882d7c05
5955,datasets/cat_10k/images/92aea6273d1bda3838997039c4b27750.jpg,92aea6273d1bda3838997039c4b27750
5956,datasets/cat_10k/images/92af1b4aead39f76a9d2f7e858f7f699.jpg,92af1b4aead39f76a9d2f7e858f7f699
5957,datasets/cat_10k/images/92b5c7ca380c8ee773ab84099545afbf.jpg,92b5c7ca380c8ee773ab84099545afbf
5958,datasets/cat_10k/images/92bc5b1021c2d1e1f07d3099dc878c31.jpg,92bc5b1021c2d1e1f07d3099dc878c31
5959,datasets/cat_10k/images/92c4f7a97a22fed65f6fea75ffd96a82.jpg,92c4f7a97a22fed65f6fea75ffd96a82
5960,datasets/cat_10k/images/92cfb03aa75509c16613981e1baec6e5.jpg,92cfb03aa75509c16613981e1baec6e5
5961,datasets/cat_10k/images/92d30279f8659e8cc07ad60afe4d1c22.jpg,92d30279f8659e8cc07ad60afe4d1c22
5962,datasets/cat_10k/images/92d731f19a64101eac54675b84cd1678.jpg,92d731f19a64101eac54675b84cd1678
5963,datasets/cat_10k/images/92d8361605c9d5c9628db13c6ef1976d.jpg,92d8361605c9d5c9628db13c6ef1976d
5964,datasets/cat_10k/images/92f0b30dc0210080c16b34ee3a70f59f.jpg,92f0b30dc0210080c16b34ee3a70f59f
5965,datasets/cat_10k/images/92f2da9478674e6a4d55e94a1732160e.jpg,92f2da9478674e6a4d55e94a1732160e
5966,datasets/cat_10k/images/92fedbb41a825914c22866fb5858d3d8.jpg,92fedbb41a825914c22866fb5858d3d8
5967,datasets/cat_10k/images/9300b4383e608fe32bdb68995a30eba6.jpg,9300b4383e608fe32bdb68995a30eba6
5968,datasets/cat_10k/images/93013d11061c9d99a5d42dcb90202903.jpg,93013d11061c9d99a5d42dcb90202903
5969,datasets/cat_10k/images/930905af0a90751d5d66b7221a81e21f.jpg,930905af0a90751d5d66b7221a81e21f
5970,datasets/cat_10k/images/9309c4d337569e3342331c1fe1d0dcc5.jpg,9309c4d337569e3342331c1fe1d0dcc5
5971,datasets/cat_10k/images/93146dec842212e4a2727ce698b480f0.jpg,93146dec842212e4a2727ce698b480f0
5972,datasets/cat_10k/images/9326abc0857f3972795fd8a7f590e558.jpg,9326abc0857f3972795fd8a7f590e558
5973,datasets/cat_10k/images/933aa0a938034575f126339467ce97f4.jpg,933aa0a938034575f126339467ce97f4
5974,datasets/cat_10k/images/9342f7267610c642fd60a77bf3365fe3.jpg,9342f7267610c642fd60a77bf3365fe3
5975,datasets/cat_10k/images/9353a841de14a16059ca549b704d5640.jpg,9353a841de14a16059ca549b704d5640
5976,datasets/cat_10k/images/935f22c547f2d4fcbac146b5ad7b8fb3.jpg,935f22c547f2d4fcbac146b5ad7b8fb3
5977,datasets/cat_10k/images/936710722e04337418d4f7a57f41c164.jpg,936710722e04337418d4f7a57f41c164
5978,datasets/cat_10k/images/936bf7623552548b34d0d42d7abaa1a7.jpg,936bf7623552548b34d0d42d7abaa1a7
5979,datasets/cat_10k/images/936df3884841c5c405139985131ac815.jpg,936df3884841c5c405139985131ac815
5980,datasets/cat_10k/images/936fed697da379768779c5384d7f06a6.jpg,936fed697da379768779c5384d7f06a6
5981,datasets/cat_10k/images/9372a0ab38b7a08aa0b5d2aa39eb78bf.jpg,9372a0ab38b7a08aa0b5d2aa39eb78bf
5982,datasets/cat_10k/images/937519250576e480f9fa975082d1d414.jpg,937519250576e480f9fa975082d1d414
5983,datasets/cat_10k/images/9375725fc7dfce60a1eea0f0305e9c4c.jpg,9375725fc7dfce60a1eea0f0305e9c4c
5984,datasets/cat_10k/images/9380644e7c28d8d06a4d30264dfba808.jpg,9380644e7c28d8d06a4d30264dfba808
5985,datasets/cat_10k/images/93a8ae6eeef033bb130dbcf9d88d3697.jpg,93a8ae6eeef033bb130dbcf9d88d3697
5986,datasets/cat_10k/images/93a95e53974fdb2ef8b07d14fa30d3a2.jpg,93a95e53974fdb2ef8b07d14fa30d3a2
5987,datasets/cat_10k/images/93a9a4a88df9f39bf941f49f1297cd77.jpg,93a9a4a88df9f39bf941f49f1297cd77
5988,datasets/cat_10k/images/93aa81ddd021db501b2b30785770d617.jpg,93aa81ddd021db501b2b30785770d617
5989,datasets/cat_10k/images/93ad09fbd35d26177f0ef93ee17a4b96.jpg,93ad09fbd35d26177f0ef93ee17a4b96
5990,datasets/cat_10k/images/93b570a382e061a8dae8bd8fb6cbb691.jpg,93b570a382e061a8dae8bd8fb6cbb691
5991,datasets/cat_10k/images/93cfbddcf3d3711d76506f3093046ff9.jpg,93cfbddcf3d3711d76506f3093046ff9
5992,datasets/cat_10k/images/93d1d23ba9b9350f362398053abfda17.jpg,93d1d23ba9b9350f362398053abfda17
5993,datasets/cat_10k/images/93d87871750005eeecbaf6a90a8d9d02.jpg,93d87871750005eeecbaf6a90a8d9d02
5994,datasets/cat_10k/images/93df5572572146408093868bc177d179.jpg,93df5572572146408093868bc177d179
5995,datasets/cat_10k/images/93e12b69998f56868ee2097b5afe527a.jpg,93e12b69998f56868ee2097b5afe527a
5996,datasets/cat_10k/images/93e8b5e600ef652c142bcc61bf6bf168.jpg,93e8b5e600ef652c142bcc61bf6bf168
5997,datasets/cat_10k/images/93ec5a5123a913e403c32ed2d170ef36.jpg,93ec5a5123a913e403c32ed2d170ef36
5998,datasets/cat_10k/images/93f3253d8b3492f8e91636181142a79a.jpg,93f3253d8b3492f8e91636181142a79a
5999,datasets/cat_10k/images/93f6282859317d31c5f86633e54aa59e.jpg,93f6282859317d31c5f86633e54aa59e
6000,datasets/cat_10k/images/93f917b4237fac67a440e68788548b03.jpg,93f917b4237fac67a440e68788548b03
6001,datasets/cat_10k/images/9402cd50d276302b87c16e487bea93b3.jpg,9402cd50d276302b87c16e487bea93b3
6002,datasets/cat_10k/images/9408acccdb1d81e7e30e876f23f9a333.jpg,9408acccdb1d81e7e30e876f23f9a333
6003,datasets/cat_10k/images/940fe3ff9be63d2de8213d951fcfe1e8.jpg,940fe3ff9be63d2de8213d951fcfe1e8
6004,datasets/cat_10k/images/9410674793600eebd1f0fbb44aca4604.jpg,9410674793600eebd1f0fbb44aca4604
6005,datasets/cat_10k/images/9411184ee2bac85f3cd4a9584287d7c4.jpg,9411184ee2bac85f3cd4a9584287d7c4
6006,datasets/cat_10k/images/941eec52061e24a773b3ba91fffec590.jpg,941eec52061e24a773b3ba91fffec590
6007,datasets/cat_10k/images/942059e3104e25385d7dce05a1c579bd.jpg,942059e3104e25385d7dce05a1c579bd
6008,datasets/cat_10k/images/942233e200d60b75c110df12b1d2d14f.jpg,942233e200d60b75c110df12b1d2d14f
6009,datasets/cat_10k/images/9422ecccd61e7da5f517047e4277e582.jpg,9422ecccd61e7da5f517047e4277e582
6010,datasets/cat_10k/images/94293bab134c5f29d0ddeb5e7d3a3fe0.jpg,94293bab134c5f29d0ddeb5e7d3a3fe0
6011,datasets/cat_10k/images/94498747dfbe408bf7e76f5c8762e0ec.jpg,94498747dfbe408bf7e76f5c8762e0ec
6012,datasets/cat_10k/images/945d43abeb156468b5e67848798713aa.jpg,945d43abeb156468b5e67848798713aa
6013,datasets/cat_10k/images/945dd483017ce9da74f40c3c0745dd32.jpg,945dd483017ce9da74f40c3c0745dd32
6014,datasets/cat_10k/images/94637d8c3c8bd8a01b9e67c038bc855d.jpg,94637d8c3c8bd8a01b9e67c038bc855d
6015,datasets/cat_10k/images/94665033440493fb7e4a283919a7f31e.jpg,94665033440493fb7e4a283919a7f31e
6016,datasets/cat_10k/images/946838ddb44d49c554c400f0fb0302b7.jpg,946838ddb44d49c554c400f0fb0302b7
6017,datasets/cat_10k/images/9468eb96e36e9bdf1d8499afec6a47d2.jpg,9468eb96e36e9bdf1d8499afec6a47d2
6018,datasets/cat_10k/images/946c709b0293f74e8c353a710493ad67.jpg,946c709b0293f74e8c353a710493ad67
6019,datasets/cat_10k/images/947562bbbb3e965ff5e5c0b1c34eff09.jpg,947562bbbb3e965ff5e5c0b1c34eff09
6020,datasets/cat_10k/images/9478a82d006c7fc435e7106d3b6244d2.jpg,9478a82d006c7fc435e7106d3b6244d2
6021,datasets/cat_10k/images/9485502e42dc9ac8bdc2f567fbb799e4.jpg,9485502e42dc9ac8bdc2f567fbb799e4
6022,datasets/cat_10k/images/9495bd186952eb6d271b3cd80af36dad.jpg,9495bd186952eb6d271b3cd80af36dad
6023,datasets/cat_10k/images/949def27ec757916401bb78710e444ef.jpg,949def27ec757916401bb78710e444ef
6024,datasets/cat_10k/images/949feebef0e22613c473436c958fd2ae.jpg,949feebef0e22613c473436c958fd2ae
6025,datasets/cat_10k/images/94a06a01eff5e28b231e7b6528bb46a9.jpg,94a06a01eff5e28b231e7b6528bb46a9
6026,datasets/cat_10k/images/94a968d418b5c8dc2cb4582fccf6df21.jpg,94a968d418b5c8dc2cb4582fccf6df21
6027,datasets/cat_10k/images/94ace8875c513db2e3723d01bef06dc9.jpg,94ace8875c513db2e3723d01bef06dc9
6028,datasets/cat_10k/images/94bfe9a3d97e23d16c9e21ea49257b9e.jpg,94bfe9a3d97e23d16c9e21ea49257b9e
6029,datasets/cat_10k/images/94cbc4cf2cd2ea132a712638047da681.jpg,94cbc4cf2cd2ea132a712638047da681
6030,datasets/cat_10k/images/94d502aca13d06aad08beaf2fb5b0011.jpg,94d502aca13d06aad08beaf2fb5b0011
6031,datasets/cat_10k/images/94da5c51fb13e7560e5469d20199b420.jpg,94da5c51fb13e7560e5469d20199b420
6032,datasets/cat_10k/images/94dad15b82e764d22092cee8305afd3a.jpg,94dad15b82e764d22092cee8305afd3a
6033,datasets/cat_10k/images/94e58d0885b0851d6d39012dacc8e5df.jpg,94e58d0885b0851d6d39012dacc8e5df
6034,datasets/cat_10k/images/94ea4d516f80a30b324012d8d927b60c.jpg,94ea4d516f80a30b324012d8d927b60c
6035,datasets/cat_10k/images/94f713d3a9eb95e2041a800cfcf69090.jpg,94f713d3a9eb95e2041a800cfcf69090
6036,datasets/cat_10k/images/94f79eb356294f5c906aae7cf6c0307e.jpg,94f79eb356294f5c906aae7cf6c0307e
6037,datasets/cat_10k/images/9503ccfd7b30f5b95a41eb4904b5026b.jpg,9503ccfd7b30f5b95a41eb4904b5026b
6038,datasets/cat_10k/images/9510a2de8a863ddb1ad5991921083661.jpg,9510a2de8a863ddb1ad5991921083661
6039,datasets/cat_10k/images/95113ed76bff9f5379ac208222aaf982.jpg,95113ed76bff9f5379ac208222aaf982
6040,datasets/cat_10k/images/9511e1f99e9dd2ef09c1dc1c74aa56b8.jpg,9511e1f99e9dd2ef09c1dc1c74aa56b8
6041,datasets/cat_10k/images/951d461678fe1566fba535697d1632db.jpg,951d461678fe1566fba535697d1632db
6042,datasets/cat_10k/images/951e73d101cac0b7e8e2a3b950a2e17c.jpg,951e73d101cac0b7e8e2a3b950a2e17c
6043,datasets/cat_10k/images/952406aaaa4655210257a3bc67e8979c.jpg,952406aaaa4655210257a3bc67e8979c
6044,datasets/cat_10k/images/95326cfde38c644aa34919ae8837e5f8.jpg,95326cfde38c644aa34919ae8837e5f8
6045,datasets/cat_10k/images/954a07d0ca2052e3d6076b7d6f310297.jpg,954a07d0ca2052e3d6076b7d6f310297
6046,datasets/cat_10k/images/9550b2e838ec9f487707b521273f7bf4.jpg,9550b2e838ec9f487707b521273f7bf4
6047,datasets/cat_10k/images/955285a7b4b31b15898ca0e2dc660c80.jpg,955285a7b4b31b15898ca0e2dc660c80
6048,datasets/cat_10k/images/9553e179bdc463206d9698a76e9e2777.jpg,9553e179bdc463206d9698a76e9e2777
6049,datasets/cat_10k/images/955527115dc2728b6a227694934c668c.jpg,955527115dc2728b6a227694934c668c
6050,datasets/cat_10k/images/9555fdeae9a39ad3f2e8031b43978e65.jpg,9555fdeae9a39ad3f2e8031b43978e65
6051,datasets/cat_10k/images/955750263d4e13c737613c37337f2297.jpg,955750263d4e13c737613c37337f2297
6052,datasets/cat_10k/images/955e5e9eab620be9fc4967a14079aa2b.jpg,955e5e9eab620be9fc4967a14079aa2b
6053,datasets/cat_10k/images/956195db441829c3cdba3e3c92c61dfb.jpg,956195db441829c3cdba3e3c92c61dfb
6054,datasets/cat_10k/images/9569afbec85128964e3339a85186f616.jpg,9569afbec85128964e3339a85186f616
6055,datasets/cat_10k/images/956f2fa95d50f425bb89bcce11830057.jpg,956f2fa95d50f425bb89bcce11830057
6056,datasets/cat_10k/images/9573139a645845acd6c57dfd8df90b32.jpg,9573139a645845acd6c57dfd8df90b32
6057,datasets/cat_10k/images/9575d9101e63227de4c1f677852bb252.jpg,9575d9101e63227de4c1f677852bb252
6058,datasets/cat_10k/images/957faa092002d391ec8b2fb4f02e511a.jpg,957faa092002d391ec8b2fb4f02e511a
6059,datasets/cat_10k/images/9581d17e241deb0de8433dd50d76ad0b.jpg,9581d17e241deb0de8433dd50d76ad0b
6060,datasets/cat_10k/images/9582e75049c2e22698bcb50700e21e2e.jpg,9582e75049c2e22698bcb50700e21e2e
6061,datasets/cat_10k/images/958b3d1b252c5e537d012e6a90f18a8f.jpg,958b3d1b252c5e537d012e6a90f18a8f
6062,datasets/cat_10k/images/959296bcc70579cebc7277d80afbd202.jpg,959296bcc70579cebc7277d80afbd202
6063,datasets/cat_10k/images/9595c4b1909ec86d809f566a6d62b14a.jpg,9595c4b1909ec86d809f566a6d62b14a
6064,datasets/cat_10k/images/959a4a0c5729e17836578a4446395727.jpg,959a4a0c5729e17836578a4446395727
6065,datasets/cat_10k/images/959d65eff4d36fe173ab89ea8b123a82.jpg,959d65eff4d36fe173ab89ea8b123a82
6066,datasets/cat_10k/images/959f8acc25bd5a165503b68446df9849.jpg,959f8acc25bd5a165503b68446df9849
6067,datasets/cat_10k/images/95a5a86c00aed0e6101ec29e09e1f206.jpg,95a5a86c00aed0e6101ec29e09e1f206
6068,datasets/cat_10k/images/95a8129900b9873db6fd806dab019b31.jpg,95a8129900b9873db6fd806dab019b31
6069,datasets/cat_10k/images/95b3f098182752a0510532e05e5e501e.jpg,95b3f098182752a0510532e05e5e501e
6070,datasets/cat_10k/images/95b698b7ba5125270b1a5a3017673964.jpg,95b698b7ba5125270b1a5a3017673964
6071,datasets/cat_10k/images/95bd97cb7e6ba4083b732ee9177fdc9a.jpg,95bd97cb7e6ba4083b732ee9177fdc9a
6072,datasets/cat_10k/images/95c3c84f407f7a9359ddac314b10e0d6.jpg,95c3c84f407f7a9359ddac314b10e0d6
6073,datasets/cat_10k/images/95c71d6066448cb6e103648cfbefeaf0.jpg,95c71d6066448cb6e103648cfbefeaf0
6074,datasets/cat_10k/images/95c762eb32562bd8a43e03fb239adb55.jpg,95c762eb32562bd8a43e03fb239adb55
6075,datasets/cat_10k/images/95d1e5212e12e9897249b3502af68b46.jpg,95d1e5212e12e9897249b3502af68b46
6076,datasets/cat_10k/images/95e1ae1cdc58111977eeb557a032f147.jpg,95e1ae1cdc58111977eeb557a032f147
6077,datasets/cat_10k/images/95e7cc06108a81c2f6b3c48d86c278eb.jpg,95e7cc06108a81c2f6b3c48d86c278eb
6078,datasets/cat_10k/images/95ea823c050f62a9013151ad0305dc21.jpg,95ea823c050f62a9013151ad0305dc21
6079,datasets/cat_10k/images/95ebc8aee6dd1898d672fb03975f2ff8.jpg,95ebc8aee6dd1898d672fb03975f2ff8
6080,datasets/cat_10k/images/95f640dbbc536a16cd353382d2ed1535.jpg,95f640dbbc536a16cd353382d2ed1535
6081,datasets/cat_10k/images/960e232feea5f91a0e672146e6e20fbd.jpg,960e232feea5f91a0e672146e6e20fbd
6082,datasets/cat_10k/images/9610a68843a19ad78a407e9bfdcae5ab.jpg,9610a68843a19ad78a407e9bfdcae5ab
6083,datasets/cat_10k/images/9617ca040f423468ae7582c89f503d50.jpg,9617ca040f423468ae7582c89f503d50
6084,datasets/cat_10k/images/961c6bbf8b00d1fcfcb08db5850cb0ea.jpg,961c6bbf8b00d1fcfcb08db5850cb0ea
6085,datasets/cat_10k/images/96287931194bb50ae231721a78833409.jpg,96287931194bb50ae231721a78833409
6086,datasets/cat_10k/images/962a970be9ecccd263ea35022c3e5b84.jpg,962a970be9ecccd263ea35022c3e5b84
6087,datasets/cat_10k/images/9631ea372cf95184fa4de8d8bebc035f.jpg,9631ea372cf95184fa4de8d8bebc035f
6088,datasets/cat_10k/images/96343861880492db975e26b14e2db1c5.jpg,96343861880492db975e26b14e2db1c5
6089,datasets/cat_10k/images/963774637834642ad2ac6e1d73dba839.jpg,963774637834642ad2ac6e1d73dba839
6090,datasets/cat_10k/images/963a7b9675164a5e62d6e353005d3742.jpg,963a7b9675164a5e62d6e353005d3742
6091,datasets/cat_10k/images/963e026979bed82f3252e1f4c803312d.jpg,963e026979bed82f3252e1f4c803312d
6092,datasets/cat_10k/images/965259fb30b667add5209abedcb40bf0.jpg,965259fb30b667add5209abedcb40bf0
6093,datasets/cat_10k/images/9655576f451896a49cc5f43512afbce0.jpg,9655576f451896a49cc5f43512afbce0
6094,datasets/cat_10k/images/965ed4045809285a97f390385133027b.jpg,965ed4045809285a97f390385133027b
6095,datasets/cat_10k/images/9661110d14907484e5d581bf4bf02a07.jpg,9661110d14907484e5d581bf4bf02a07
6096,datasets/cat_10k/images/96647ca019037efd352f9f4f2eedb820.jpg,96647ca019037efd352f9f4f2eedb820
6097,datasets/cat_10k/images/96666425964969558a195dab12d66c76.jpg,96666425964969558a195dab12d66c76
6098,datasets/cat_10k/images/96696eccde99ee2a99e5a59048edeafb.jpg,96696eccde99ee2a99e5a59048edeafb
6099,datasets/cat_10k/images/966e76ff337702398c373649c8373bd1.jpg,966e76ff337702398c373649c8373bd1
6100,datasets/cat_10k/images/967673bb0407b0618846648b6493f18c.jpg,967673bb0407b0618846648b6493f18c
6101,datasets/cat_10k/images/9678abf79d1231577a8b3ec84f05c436.jpg,9678abf79d1231577a8b3ec84f05c436
6102,datasets/cat_10k/images/967c9569e98ca3c7f2e9fce73fdcd955.jpg,967c9569e98ca3c7f2e9fce73fdcd955
6103,datasets/cat_10k/images/968216619e03d5bf5b30893ca7e55c6c.jpg,968216619e03d5bf5b30893ca7e55c6c
6104,datasets/cat_10k/images/9692b854b95181c4c96a011838898cb2.jpg,9692b854b95181c4c96a011838898cb2
6105,datasets/cat_10k/images/9693540b0f351fccf8bd6e3c65c957e5.jpg,9693540b0f351fccf8bd6e3c65c957e5
6106,datasets/cat_10k/images/969972802facaa64fa64e2c312e878fe.jpg,969972802facaa64fa64e2c312e878fe
6107,datasets/cat_10k/images/96b4dac49ea51eb3cf9a3316e5941dd8.jpg,96b4dac49ea51eb3cf9a3316e5941dd8
6108,datasets/cat_10k/images/96baba111ededd137459b8413930defe.jpg,96baba111ededd137459b8413930defe
6109,datasets/cat_10k/images/96bc19279e288e020e1a4710e20dc161.jpg,96bc19279e288e020e1a4710e20dc161
6110,datasets/cat_10k/images/96c47acda13b00051fe43a20aaa67eef.jpg,96c47acda13b00051fe43a20aaa67eef
6111,datasets/cat_10k/images/96ca63ee16951882b754a9ad94ea5978.jpg,96ca63ee16951882b754a9ad94ea5978
6112,datasets/cat_10k/images/96cc2a2e8070577123144dc5c5d97a56.jpg,96cc2a2e8070577123144dc5c5d97a56
6113,datasets/cat_10k/images/96cf139227a5833885012b964ae0ad49.jpg,96cf139227a5833885012b964ae0ad49
6114,datasets/cat_10k/images/96d7bc141d0a53f52a3d885e8f4890a4.jpg,96d7bc141d0a53f52a3d885e8f4890a4
6115,datasets/cat_10k/images/96db1441516c4fe7d391597418293b50.jpg,96db1441516c4fe7d391597418293b50
6116,datasets/cat_10k/images/96dce7b2bdee1f1166fa3c7397c94b6a.jpg,96dce7b2bdee1f1166fa3c7397c94b6a
6117,datasets/cat_10k/images/96de1e4f29aca12a0f019498f56a9735.jpg,96de1e4f29aca12a0f019498f56a9735
6118,datasets/cat_10k/images/96e2a81422d2b9f44e81607938574053.jpg,96e2a81422d2b9f44e81607938574053
6119,datasets/cat_10k/images/96f387677fd84d12567eac4b09839cf5.jpg,96f387677fd84d12567eac4b09839cf5
6120,datasets/cat_10k/images/96ff6813d53ed5e8b1a39a4331156949.jpg,96ff6813d53ed5e8b1a39a4331156949
6121,datasets/cat_10k/images/971547503cb8a8f3fdf147ba7cae8e46.jpg,971547503cb8a8f3fdf147ba7cae8e46
6122,datasets/cat_10k/images/9718e703e565d0b032d42a022bc53045.jpg,9718e703e565d0b032d42a022bc53045
6123,datasets/cat_10k/images/971d51c7fb6a43ba342ae09829e92a3b.jpg,971d51c7fb6a43ba342ae09829e92a3b
6124,datasets/cat_10k/images/97288eb9e4a4a5aebfaadb8e26e35d29.jpg,97288eb9e4a4a5aebfaadb8e26e35d29
6125,datasets/cat_10k/images/9734f323153aca14908224aa60d9478c.jpg,9734f323153aca14908224aa60d9478c
6126,datasets/cat_10k/images/973d58acd5a96f6b4a2cb6b8484acf27.jpg,973d58acd5a96f6b4a2cb6b8484acf27
6127,datasets/cat_10k/images/9741c5f23404be91d48470839867c992.jpg,9741c5f23404be91d48470839867c992
6128,datasets/cat_10k/images/974319feb52bd3e8dd2a6ce83e206a04.jpg,974319feb52bd3e8dd2a6ce83e206a04
6129,datasets/cat_10k/images/974341a1919d08693db72165d4dd3a89.jpg,974341a1919d08693db72165d4dd3a89
6130,datasets/cat_10k/images/974b5dbab78206075da72b6139d0a3b9.jpg,974b5dbab78206075da72b6139d0a3b9
6131,datasets/cat_10k/images/974df8726ec6308cf196939c57a87de5.jpg,974df8726ec6308cf196939c57a87de5
6132,datasets/cat_10k/images/974f382db9947b324413fbee11f4ae7b.jpg,974f382db9947b324413fbee11f4ae7b
6133,datasets/cat_10k/images/975ac7053c746971f97575b6f2647538.jpg,975ac7053c746971f97575b6f2647538
6134,datasets/cat_10k/images/97605f4a49e1ad39897cdd1ae6410fdc.jpg,97605f4a49e1ad39897cdd1ae6410fdc
6135,datasets/cat_10k/images/976357e5ed68b562784daef9b11ada4b.jpg,976357e5ed68b562784daef9b11ada4b
6136,datasets/cat_10k/images/97715af6cb02187ad430b98d6b1a77ab.jpg,97715af6cb02187ad430b98d6b1a77ab
6137,datasets/cat_10k/images/97750a6e0a8c29e7bcd401b376cb34df.jpg,97750a6e0a8c29e7bcd401b376cb34df
6138,datasets/cat_10k/images/977c454a5f3791b194edee7fb1b69704.jpg,977c454a5f3791b194edee7fb1b69704
6139,datasets/cat_10k/images/9781489fb907ded5359c40ebf2dde653.jpg,9781489fb907ded5359c40ebf2dde653
6140,datasets/cat_10k/images/97858a055021b868266826e7512f8b4d.jpg,97858a055021b868266826e7512f8b4d
6141,datasets/cat_10k/images/97859c35473949b69301f8ff734f4d86.jpg,97859c35473949b69301f8ff734f4d86
6142,datasets/cat_10k/images/9787376edfc08223c255ae8d838658b7.jpg,9787376edfc08223c255ae8d838658b7
6143,datasets/cat_10k/images/978c97cb421d598105713575a51ecbdd.jpg,978c97cb421d598105713575a51ecbdd
6144,datasets/cat_10k/images/978d7979f6b84a05cac4ea3b4036c0ba.jpg,978d7979f6b84a05cac4ea3b4036c0ba
6145,datasets/cat_10k/images/978e093ad3b77254e348c26418ad47db.jpg,978e093ad3b77254e348c26418ad47db
6146,datasets/cat_10k/images/9792cfcf60ce7aa714a2b1cbe8852cf1.jpg,9792cfcf60ce7aa714a2b1cbe8852cf1
6147,datasets/cat_10k/images/9795d02b84d403fe42088b82ac901a37.jpg,9795d02b84d403fe42088b82ac901a37
6148,datasets/cat_10k/images/979d02e76c9fbb556f8497016c673c9e.jpg,979d02e76c9fbb556f8497016c673c9e
6149,datasets/cat_10k/images/97a6a2528106ec9831c4e0451f49e311.jpg,97a6a2528106ec9831c4e0451f49e311
6150,datasets/cat_10k/images/97aca74abd523c2c803e8a8d90871012.jpg,97aca74abd523c2c803e8a8d90871012
6151,datasets/cat_10k/images/97b2901017f097f372b54ba8e815c217.jpg,97b2901017f097f372b54ba8e815c217
6152,datasets/cat_10k/images/97b2fe05f9f72d25f4f75a15f2494fa3.jpg,97b2fe05f9f72d25f4f75a15f2494fa3
6153,datasets/cat_10k/images/97b67671fed258f38be734aeeb8c8432.jpg,97b67671fed258f38be734aeeb8c8432
6154,datasets/cat_10k/images/97b9f5a8b5e3e612048b88ed641c0751.jpg,97b9f5a8b5e3e612048b88ed641c0751
6155,datasets/cat_10k/images/97befffe40f92a8acccdb673cf062160.jpg,97befffe40f92a8acccdb673cf062160
6156,datasets/cat_10k/images/97c4517bcd11fadd8d25e3be5d6a4de2.jpg,97c4517bcd11fadd8d25e3be5d6a4de2
6157,datasets/cat_10k/images/97c775756f89f8db6d9055f5f327785d.jpg,97c775756f89f8db6d9055f5f327785d
6158,datasets/cat_10k/images/97c9c8e266edd59ccbce1ac3964f9760.jpg,97c9c8e266edd59ccbce1ac3964f9760
6159,datasets/cat_10k/images/97cdd2335eacbb25172863ac088a8921.jpg,97cdd2335eacbb25172863ac088a8921
6160,datasets/cat_10k/images/97cf429c9bf7581298a4087b28355e39.jpg,97cf429c9bf7581298a4087b28355e39
6161,datasets/cat_10k/images/97e4703c34c1fce204b42fb643cc8faf.jpg,97e4703c34c1fce204b42fb643cc8faf
6162,datasets/cat_10k/images/97e83ec15fe77228218a7a788ea0b265.jpg,97e83ec15fe77228218a7a788ea0b265
6163,datasets/cat_10k/images/97f8a8226c4ef6a3df20f0abde044730.jpg,97f8a8226c4ef6a3df20f0abde044730
6164,datasets/cat_10k/images/97fa29a04d4eb763b80f07cf4c94187e.jpg,97fa29a04d4eb763b80f07cf4c94187e
6165,datasets/cat_10k/images/9801c006e5537b4e05180e61390f9eeb.jpg,9801c006e5537b4e05180e61390f9eeb
6166,datasets/cat_10k/images/9813188d7eb8e576080288c86247dc3a.jpg,9813188d7eb8e576080288c86247dc3a
6167,datasets/cat_10k/images/981b0815a21c84fcc64ee8089f7b2268.jpg,981b0815a21c84fcc64ee8089f7b2268
6168,datasets/cat_10k/images/981b46f7b39008185fc8d07ed3977ee7.jpg,981b46f7b39008185fc8d07ed3977ee7
6169,datasets/cat_10k/images/981c7cf3d3025a611018737bc9d4f71a.jpg,981c7cf3d3025a611018737bc9d4f71a
6170,datasets/cat_10k/images/9821f18ffe596ae703a6ea01f814cc63.jpg,9821f18ffe596ae703a6ea01f814cc63
6171,datasets/cat_10k/images/9824b96d66a03ba6929c87ac8342b0bf.jpg,9824b96d66a03ba6929c87ac8342b0bf
6172,datasets/cat_10k/images/9833b9a8dd1f42b90f81fd718516264f.jpg,9833b9a8dd1f42b90f81fd718516264f
6173,datasets/cat_10k/images/983446360d8557efe466e60f436fb1c8.jpg,983446360d8557efe466e60f436fb1c8
6174,datasets/cat_10k/images/98357213fd1023b9933d7bf29c935b8a.jpg,98357213fd1023b9933d7bf29c935b8a
6175,datasets/cat_10k/images/9836d502dea3b448b229423bb83eecde.jpg,9836d502dea3b448b229423bb83eecde
6176,datasets/cat_10k/images/9837b43562fcf9112e4f712f04e3c380.jpg,9837b43562fcf9112e4f712f04e3c380
6177,datasets/cat_10k/images/983bc712bd047811df924d459a01b5e3.jpg,983bc712bd047811df924d459a01b5e3
6178,datasets/cat_10k/images/983d2217f85c7fbb18287625c681ffb8.jpg,983d2217f85c7fbb18287625c681ffb8
6179,datasets/cat_10k/images/983f3afe71cf08e82ba2abfc7c4ceeb2.jpg,983f3afe71cf08e82ba2abfc7c4ceeb2
6180,datasets/cat_10k/images/98540a880311d5b632345a3928e41750.jpg,98540a880311d5b632345a3928e41750
6181,datasets/cat_10k/images/985ad8ad8da11e7c4093d69a7194947e.jpg,985ad8ad8da11e7c4093d69a7194947e
6182,datasets/cat_10k/images/985fccd3b3231a61e3a23998e43707a6.jpg,985fccd3b3231a61e3a23998e43707a6
6183,datasets/cat_10k/images/986332f7a97ffa62d993746e41ac542a.jpg,986332f7a97ffa62d993746e41ac542a
6184,datasets/cat_10k/images/9867e21a73f31a1102d49b2f1abbcd51.jpg,9867e21a73f31a1102d49b2f1abbcd51
6185,datasets/cat_10k/images/9868f999d8c29f850e4e61800a8ca8e6.jpg,9868f999d8c29f850e4e61800a8ca8e6
6186,datasets/cat_10k/images/986d8be79a6f129c762bb1b64c1ef227.jpg,986d8be79a6f129c762bb1b64c1ef227
6187,datasets/cat_10k/images/9870396907e7ca879b1bf768072d7811.jpg,9870396907e7ca879b1bf768072d7811
6188,datasets/cat_10k/images/987437f37073d240642a6b764846a706.jpg,987437f37073d240642a6b764846a706
6189,datasets/cat_10k/images/988688df6becd17c78906bce3d43b7bc.jpg,988688df6becd17c78906bce3d43b7bc
6190,datasets/cat_10k/images/988a35278dc5d89dcba58d056191b64f.jpg,988a35278dc5d89dcba58d056191b64f
6191,datasets/cat_10k/images/9898a969e63e79fd03bb39c4372e360c.jpg,9898a969e63e79fd03bb39c4372e360c
6192,datasets/cat_10k/images/989980a27011850556631ba0d847be44.jpg,989980a27011850556631ba0d847be44
6193,datasets/cat_10k/images/98b40945dd9b2da3040da49bd7801b7a.jpg,98b40945dd9b2da3040da49bd7801b7a
6194,datasets/cat_10k/images/98b40d22bcd9bf1b05b7af33fafa9d6d.jpg,98b40d22bcd9bf1b05b7af33fafa9d6d
6195,datasets/cat_10k/images/98b42c7c14c43dd1fc7b96aca428ab13.jpg,98b42c7c14c43dd1fc7b96aca428ab13
6196,datasets/cat_10k/images/98bb8d7b0773e0d1c50001f426f60222.jpg,98bb8d7b0773e0d1c50001f426f60222
6197,datasets/cat_10k/images/98c73c10a51c3d93d65c96a8c8d1c77e.jpg,98c73c10a51c3d93d65c96a8c8d1c77e
6198,datasets/cat_10k/images/98c74d65c0da7433bf0b6cc6d02d6733.jpg,98c74d65c0da7433bf0b6cc6d02d6733
6199,datasets/cat_10k/images/98d154bb9a4f4967bf744d58ca2ddda6.jpg,98d154bb9a4f4967bf744d58ca2ddda6
6200,datasets/cat_10k/images/98db42c99caee7e90a3a08c8f29581f9.jpg,98db42c99caee7e90a3a08c8f29581f9
6201,datasets/cat_10k/images/98e05b54cb61b485cb2705332f6b3d45.jpg,98e05b54cb61b485cb2705332f6b3d45
6202,datasets/cat_10k/images/98ea8e3637ca7c764a4022323bfadfba.jpg,98ea8e3637ca7c764a4022323bfadfba
6203,datasets/cat_10k/images/98f09f16af0ed48e5f0b621e20499694.jpg,98f09f16af0ed48e5f0b621e20499694
6204,datasets/cat_10k/images/98ff1d49569c2894c7733f081825618e.jpg,98ff1d49569c2894c7733f081825618e
6205,datasets/cat_10k/images/990bc2483fd117a968578ebdc384d849.jpg,990bc2483fd117a968578ebdc384d849
6206,datasets/cat_10k/images/9910c0f64e0e9dae0705df2c9eb3db98.jpg,9910c0f64e0e9dae0705df2c9eb3db98
6207,datasets/cat_10k/images/99139bb1648c370238d684bcdc5a6239.jpg,99139bb1648c370238d684bcdc5a6239
6208,datasets/cat_10k/images/99283a45f79f5459c853f6deddce3cd6.jpg,99283a45f79f5459c853f6deddce3cd6
6209,datasets/cat_10k/images/992d12e71dbfcdd2f32e586f46f1bcb5.jpg,992d12e71dbfcdd2f32e586f46f1bcb5
6210,datasets/cat_10k/images/992ff2936eb77b635bb3bdca1c7af266.jpg,992ff2936eb77b635bb3bdca1c7af266
6211,datasets/cat_10k/images/99309c05f87eb6fbb3f3dd26ae9f9a20.jpg,99309c05f87eb6fbb3f3dd26ae9f9a20
6212,datasets/cat_10k/images/99379e225c3dc5e7b67219a17992ae1a.jpg,99379e225c3dc5e7b67219a17992ae1a
6213,datasets/cat_10k/images/993ff36d4983bce72907769e2c673857.jpg,993ff36d4983bce72907769e2c673857
6214,datasets/cat_10k/images/994433e337e4d1050f2c583294484a32.jpg,994433e337e4d1050f2c583294484a32
6215,datasets/cat_10k/images/994acedf78e016ae01a6347e7d30c654.jpg,994acedf78e016ae01a6347e7d30c654
6216,datasets/cat_10k/images/994d96e58597f3b4585f579b69b6fa77.jpg,994d96e58597f3b4585f579b69b6fa77
6217,datasets/cat_10k/images/9956bab1c57d105e090e67e00b9ad923.jpg,9956bab1c57d105e090e67e00b9ad923
6218,datasets/cat_10k/images/9957772edca2ee00033879858a3d846b.jpg,9957772edca2ee00033879858a3d846b
6219,datasets/cat_10k/images/995b1074d29583bf12f1e557a4f5e1c5.jpg,995b1074d29583bf12f1e557a4f5e1c5
6220,datasets/cat_10k/images/99604cbbdd52f77f1f2e0273f959c9c6.jpg,99604cbbdd52f77f1f2e0273f959c9c6
6221,datasets/cat_10k/images/997346be9149632467278683f836d2ae.jpg,997346be9149632467278683f836d2ae
6222,datasets/cat_10k/images/997d92b08f7be832d007c467ce924c30.jpg,997d92b08f7be832d007c467ce924c30
6223,datasets/cat_10k/images/997fc761ed069ff9dacafbb7640072e4.jpg,997fc761ed069ff9dacafbb7640072e4
6224,datasets/cat_10k/images/99865e64ca2251eb6fa9778b3e182fc3.jpg,99865e64ca2251eb6fa9778b3e182fc3
6225,datasets/cat_10k/images/998a5c2ba9277c036eee41823bfebc5d.jpg,998a5c2ba9277c036eee41823bfebc5d
6226,datasets/cat_10k/images/998b2bd3c728c4c6305dcd3e94ead6b4.jpg,998b2bd3c728c4c6305dcd3e94ead6b4
6227,datasets/cat_10k/images/998dae112fb479a286114fb5cc234389.jpg,998dae112fb479a286114fb5cc234389
6228,datasets/cat_10k/images/999b580e12c2da4f5d709d7e0737724d.jpg,999b580e12c2da4f5d709d7e0737724d
6229,datasets/cat_10k/images/999c7a2291a6acd56496ae4ac4290aa2.jpg,999c7a2291a6acd56496ae4ac4290aa2
6230,datasets/cat_10k/images/999cf31c3d474b28490ff69c2bf26818.jpg,999cf31c3d474b28490ff69c2bf26818
6231,datasets/cat_10k/images/99a5a8e6348811275f337a5bb8c80ac2.jpg,99a5a8e6348811275f337a5bb8c80ac2
6232,datasets/cat_10k/images/99af312ac59a164ae2b61aae0864aaf9.jpg,99af312ac59a164ae2b61aae0864aaf9
6233,datasets/cat_10k/images/99c094f37abd3b94b2eabdf5261f5a6f.jpg,99c094f37abd3b94b2eabdf5261f5a6f
6234,datasets/cat_10k/images/99ca143342103c51369d1ffcf883b1f6.jpg,99ca143342103c51369d1ffcf883b1f6
6235,datasets/cat_10k/images/99d19d5a9a16ce05f22c0f3addb137ac.jpg,99d19d5a9a16ce05f22c0f3addb137ac
6236,datasets/cat_10k/images/99e22cbeec8d712f4c533681fec5d771.jpg,99e22cbeec8d712f4c533681fec5d771
6237,datasets/cat_10k/images/99e37e08dad30b8f3f62968d10dc9142.jpg,99e37e08dad30b8f3f62968d10dc9142
6238,datasets/cat_10k/images/9a1ab8f43683c7e48a34b63a664c6513.jpg,9a1ab8f43683c7e48a34b63a664c6513
6239,datasets/cat_10k/images/9a24d34e2427a8fd28f354cf9c7074b9.jpg,9a24d34e2427a8fd28f354cf9c7074b9
6240,datasets/cat_10k/images/9a27ab222292b52462be2c96e1215ef2.jpg,9a27ab222292b52462be2c96e1215ef2
6241,datasets/cat_10k/images/9a28bd7428ac61356bd2074698c8b668.jpg,9a28bd7428ac61356bd2074698c8b668
6242,datasets/cat_10k/images/9a2ff5b10380870d3f3006b833a8817b.jpg,9a2ff5b10380870d3f3006b833a8817b
6243,datasets/cat_10k/images/9a33ecfc4f3585b6135b7f618b6ad519.jpg,9a33ecfc4f3585b6135b7f618b6ad519
6244,datasets/cat_10k/images/9a35e261aaa3b919515b621bf22ffafe.jpg,9a35e261aaa3b919515b621bf22ffafe
6245,datasets/cat_10k/images/9a3b7cfbf161ce76623ed01361aafe8d.jpg,9a3b7cfbf161ce76623ed01361aafe8d
6246,datasets/cat_10k/images/9a3dbb45429655d8aae12d07327842b5.jpg,9a3dbb45429655d8aae12d07327842b5
6247,datasets/cat_10k/images/9a3e9fbb33638497ab69fdcd28e340cc.jpg,9a3e9fbb33638497ab69fdcd28e340cc
6248,datasets/cat_10k/images/9a449c270fb498d9ebc0788f149fdcef.jpg,9a449c270fb498d9ebc0788f149fdcef
6249,datasets/cat_10k/images/9a556437176cb870f5eafa57a5d19a40.jpg,9a556437176cb870f5eafa57a5d19a40
6250,datasets/cat_10k/images/9a5758e937ef68240c1fcc131fdf9a9d.jpg,9a5758e937ef68240c1fcc131fdf9a9d
6251,datasets/cat_10k/images/9a589600f5cad31dde941046159935ed.jpg,9a589600f5cad31dde941046159935ed
6252,datasets/cat_10k/images/9a5ef12b839ecb97bde96f581bda3476.jpg,9a5ef12b839ecb97bde96f581bda3476
6253,datasets/cat_10k/images/9a6855d204442f4dc4c87a7679d378d4.jpg,9a6855d204442f4dc4c87a7679d378d4
6254,datasets/cat_10k/images/9a69556402733858907e1d19346c4981.jpg,9a69556402733858907e1d19346c4981
6255,datasets/cat_10k/images/9a801a428e602c3177e427b9fd647192.jpg,9a801a428e602c3177e427b9fd647192
6256,datasets/cat_10k/images/9a8bc3200ec80e6365ce771043fb862e.jpg,9a8bc3200ec80e6365ce771043fb862e
6257,datasets/cat_10k/images/9a938960a1f6004027e89362ef1ca39b.jpg,9a938960a1f6004027e89362ef1ca39b
6258,datasets/cat_10k/images/9a99400b39f0ef512f029ebf98699b8c.jpg,9a99400b39f0ef512f029ebf98699b8c
6259,datasets/cat_10k/images/9a9beeff0d924687a10390582d4a6286.jpg,9a9beeff0d924687a10390582d4a6286
6260,datasets/cat_10k/images/9a9e91c0701d8d83b41159e495475938.jpg,9a9e91c0701d8d83b41159e495475938
6261,datasets/cat_10k/images/9aa5a5d5f321acffd272ca36771dbc5d.jpg,9aa5a5d5f321acffd272ca36771dbc5d
6262,datasets/cat_10k/images/9ab47cee130e8f51860c489f0f6e2257.jpg,9ab47cee130e8f51860c489f0f6e2257
6263,datasets/cat_10k/images/9ab5778b4c9502aab8a4fa34a9fe1b3e.jpg,9ab5778b4c9502aab8a4fa34a9fe1b3e
6264,datasets/cat_10k/images/9ac753c8a011895f0473e587c407b973.jpg,9ac753c8a011895f0473e587c407b973
6265,datasets/cat_10k/images/9acc2875df1e1ed81e3f641ad1e71310.jpg,9acc2875df1e1ed81e3f641ad1e71310
6266,datasets/cat_10k/images/9ad892f36936b6d9ea4cec1e7e133962.jpg,9ad892f36936b6d9ea4cec1e7e133962
6267,datasets/cat_10k/images/9ae2cdb7f406ece9ce1d1a3caba09f75.jpg,9ae2cdb7f406ece9ce1d1a3caba09f75
6268,datasets/cat_10k/images/9b088a249a9268034a6040e415486356.jpg,9b088a249a9268034a6040e415486356
6269,datasets/cat_10k/images/9b0af1d86a15295b50b3db28d2d4b19d.jpg,9b0af1d86a15295b50b3db28d2d4b19d
6270,datasets/cat_10k/images/9b0e3b12e7d5f1c82d6b7ba58df1d994.jpg,9b0e3b12e7d5f1c82d6b7ba58df1d994
6271,datasets/cat_10k/images/9b188e0c4e316e71eeac92ab2fa93bdb.jpg,9b188e0c4e316e71eeac92ab2fa93bdb
6272,datasets/cat_10k/images/9b1be248ef2b340e18c72cbfca941663.jpg,9b1be248ef2b340e18c72cbfca941663
6273,datasets/cat_10k/images/9b1d356578726725554c8abf04492762.jpg,9b1d356578726725554c8abf04492762
6274,datasets/cat_10k/images/9b1eb4e9572f4f57901650dd18725f0a.jpg,9b1eb4e9572f4f57901650dd18725f0a
6275,datasets/cat_10k/images/9b204a7ba96f60f25b1aacf366dd64a5.jpg,9b204a7ba96f60f25b1aacf366dd64a5
6276,datasets/cat_10k/images/9b21be35e0b7486828bb58b00f99ccd1.jpg,9b21be35e0b7486828bb58b00f99ccd1
6277,datasets/cat_10k/images/9b2a5ffd392b16dc4a20c897bd491ad3.jpg,9b2a5ffd392b16dc4a20c897bd491ad3
6278,datasets/cat_10k/images/9b2d7b448a25ca532970c3f8cb465e0e.jpg,9b2d7b448a25ca532970c3f8cb465e0e
6279,datasets/cat_10k/images/9b36356855795d7039cc9bdfd5d9fc3b.jpg,9b36356855795d7039cc9bdfd5d9fc3b
6280,datasets/cat_10k/images/9b38e7669b9b9872f29241461851dbe7.jpg,9b38e7669b9b9872f29241461851dbe7
6281,datasets/cat_10k/images/9b59eec047c0cd569a89fd0bd0dc7429.jpg,9b59eec047c0cd569a89fd0bd0dc7429
6282,datasets/cat_10k/images/9b5c535e0f1088fa30ba5cd322942cc5.jpg,9b5c535e0f1088fa30ba5cd322942cc5
6283,datasets/cat_10k/images/9b5f1257ef3142bd4bc6efbeb64c34ed.jpg,9b5f1257ef3142bd4bc6efbeb64c34ed
6284,datasets/cat_10k/images/9b61c97f070b3ae49fbea2a78a605153.jpg,9b61c97f070b3ae49fbea2a78a605153
6285,datasets/cat_10k/images/9b6a0f780bae90edd60530f0992194e2.jpg,9b6a0f780bae90edd60530f0992194e2
6286,datasets/cat_10k/images/9b6a258297c4ac1e5c548623484bd8f8.jpg,9b6a258297c4ac1e5c548623484bd8f8
6287,datasets/cat_10k/images/9b6c92d55a4d1b64ad1fc177a536087f.jpg,9b6c92d55a4d1b64ad1fc177a536087f
6288,datasets/cat_10k/images/9b727df77b54e8611f5f328c55e5da67.jpg,9b727df77b54e8611f5f328c55e5da67
6289,datasets/cat_10k/images/9b739c02be600ef401fb437c6fb24264.jpg,9b739c02be600ef401fb437c6fb24264
6290,datasets/cat_10k/images/9b75d68252beb25da105be299b9c79af.jpg,9b75d68252beb25da105be299b9c79af
6291,datasets/cat_10k/images/9b78e51e31be3d563c14a91c39dc4726.jpg,9b78e51e31be3d563c14a91c39dc4726
6292,datasets/cat_10k/images/9b80e2394b540c36869ee4fd55d65b87.jpg,9b80e2394b540c36869ee4fd55d65b87
6293,datasets/cat_10k/images/9b8a12a174e656be25fcb026b80c8728.jpg,9b8a12a174e656be25fcb026b80c8728
6294,datasets/cat_10k/images/9b8af186fd849d842d9eacb23325a2a7.jpg,9b8af186fd849d842d9eacb23325a2a7
6295,datasets/cat_10k/images/9ba12a1c3ed5009984a5929873711f18.jpg,9ba12a1c3ed5009984a5929873711f18
6296,datasets/cat_10k/images/9ba524cc9082d36e3ee1b952d8505981.jpg,9ba524cc9082d36e3ee1b952d8505981
6297,datasets/cat_10k/images/9bb9be77594cbe9450d33b540da7e58c.jpg,9bb9be77594cbe9450d33b540da7e58c
6298,datasets/cat_10k/images/9bbf7c8e2fb907258d706a8244ce329c.jpg,9bbf7c8e2fb907258d706a8244ce329c
6299,datasets/cat_10k/images/9bbf8c1ec59dc75f21a0b5c8cc3a6d3a.jpg,9bbf8c1ec59dc75f21a0b5c8cc3a6d3a
6300,datasets/cat_10k/images/9bc99f6ddcdda0b2d3104d0ee36ce636.jpg,9bc99f6ddcdda0b2d3104d0ee36ce636
6301,datasets/cat_10k/images/9bcafca15235631e4613a4ea28553ca2.jpg,9bcafca15235631e4613a4ea28553ca2
6302,datasets/cat_10k/images/9bcb1e8bdfebd180b1290ab756499035.jpg,9bcb1e8bdfebd180b1290ab756499035
6303,datasets/cat_10k/images/9bd8677357fab002bcc289fdb0ba517c.jpg,9bd8677357fab002bcc289fdb0ba517c
6304,datasets/cat_10k/images/9bdeb056f9e7d0450fdd67b336b52254.jpg,9bdeb056f9e7d0450fdd67b336b52254
6305,datasets/cat_10k/images/9bdee088c7d069e714d7a8a015ee7f28.jpg,9bdee088c7d069e714d7a8a015ee7f28
6306,datasets/cat_10k/images/9bebfb351368b0168774048678f68171.jpg,9bebfb351368b0168774048678f68171
6307,datasets/cat_10k/images/9bf7db8b39564ad8e9de31e87d6e856d.jpg,9bf7db8b39564ad8e9de31e87d6e856d
6308,datasets/cat_10k/images/9bf939deadd9986309bfe1ef0d18e198.jpg,9bf939deadd9986309bfe1ef0d18e198
6309,datasets/cat_10k/images/9c012236c30934d30142f6e3641963a3.jpg,9c012236c30934d30142f6e3641963a3
6310,datasets/cat_10k/images/9c05e9a4ddbb2004edd17360f7e7d4d4.jpg,9c05e9a4ddbb2004edd17360f7e7d4d4
6311,datasets/cat_10k/images/9c0b3fa5a80baacc6a149be68136841b.jpg,9c0b3fa5a80baacc6a149be68136841b
6312,datasets/cat_10k/images/9c0cf407a0646a9a2bffa601e7b84396.jpg,9c0cf407a0646a9a2bffa601e7b84396
6313,datasets/cat_10k/images/9c1e574d07ff387f61fe3fdfffc205af.jpg,9c1e574d07ff387f61fe3fdfffc205af
6314,datasets/cat_10k/images/9c1eb4f683cc6dd7c07016d7ff748a44.jpg,9c1eb4f683cc6dd7c07016d7ff748a44
6315,datasets/cat_10k/images/9c1f8b48225ea7905279069efba4f29b.jpg,9c1f8b48225ea7905279069efba4f29b
6316,datasets/cat_10k/images/9c23672710c8e428cf6d1aa8af595314.jpg,9c23672710c8e428cf6d1aa8af595314
6317,datasets/cat_10k/images/9c2437246f8af3dde22af9bbbc29ccf3.jpg,9c2437246f8af3dde22af9bbbc29ccf3
6318,datasets/cat_10k/images/9c244e18648a5f4a6b03aeaf4bdc721b.jpg,9c244e18648a5f4a6b03aeaf4bdc721b
6319,datasets/cat_10k/images/9c322a2c9d3e51cb1e64d0089e817e17.jpg,9c322a2c9d3e51cb1e64d0089e817e17
6320,datasets/cat_10k/images/9c43342d722286628c13ef127ba8180c.jpg,9c43342d722286628c13ef127ba8180c
6321,datasets/cat_10k/images/9c60ad772228cff2da60dcbdb894be90.jpg,9c60ad772228cff2da60dcbdb894be90
6322,datasets/cat_10k/images/9c617e87e6bb3a750044808694b272d2.jpg,9c617e87e6bb3a750044808694b272d2
6323,datasets/cat_10k/images/9c654b4022605ea0ccb8ef6c83423188.jpg,9c654b4022605ea0ccb8ef6c83423188
6324,datasets/cat_10k/images/9c6eed992007bd473db09f2a34ca7609.jpg,9c6eed992007bd473db09f2a34ca7609
6325,datasets/cat_10k/images/9c7344c19a3f709c288878aee5596ca0.jpg,9c7344c19a3f709c288878aee5596ca0
6326,datasets/cat_10k/images/9c94685f04db5d44d53ee4debec05b60.jpg,9c94685f04db5d44d53ee4debec05b60
6327,datasets/cat_10k/images/9c9e1d8ec199c8c237a53d76c8db0a60.jpg,9c9e1d8ec199c8c237a53d76c8db0a60
6328,datasets/cat_10k/images/9cb0f8aee03dd520a26eba5541412cdc.jpg,9cb0f8aee03dd520a26eba5541412cdc
6329,datasets/cat_10k/images/9cb41c14e3b8465b37b0fa36507fcbdc.jpg,9cb41c14e3b8465b37b0fa36507fcbdc
6330,datasets/cat_10k/images/9cb7510acbe7d99250f464d2e2996d7e.jpg,9cb7510acbe7d99250f464d2e2996d7e
6331,datasets/cat_10k/images/9cba1baa421975780ab56346c0499c5d.jpg,9cba1baa421975780ab56346c0499c5d
6332,datasets/cat_10k/images/9cbef4ba92bad156141d5c51367a396a.jpg,9cbef4ba92bad156141d5c51367a396a
6333,datasets/cat_10k/images/9cc8afcdea50bda014106668af2cc34c.jpg,9cc8afcdea50bda014106668af2cc34c
6334,datasets/cat_10k/images/9cce05ebbd46d1c3167b45f51481c905.jpg,9cce05ebbd46d1c3167b45f51481c905
6335,datasets/cat_10k/images/9cce1a82ef73fa4ae03f778a495d7ce7.jpg,9cce1a82ef73fa4ae03f778a495d7ce7
6336,datasets/cat_10k/images/9cd7f40b456b2c152a1a18affe49aead.jpg,9cd7f40b456b2c152a1a18affe49aead
6337,datasets/cat_10k/images/9cdaf843a484db754cabc678b023617c.jpg,9cdaf843a484db754cabc678b023617c
6338,datasets/cat_10k/images/9cde641b509dbe21c2076bee5ef810de.jpg,9cde641b509dbe21c2076bee5ef810de
6339,datasets/cat_10k/images/9cebee0f52df95b84152b236331b1005.jpg,9cebee0f52df95b84152b236331b1005
6340,datasets/cat_10k/images/9cf8000b5187c44133b66188fff5a181.jpg,9cf8000b5187c44133b66188fff5a181
6341,datasets/cat_10k/images/9d0614d2265201ddfdd09e926a061eea.jpg,9d0614d2265201ddfdd09e926a061eea
6342,datasets/cat_10k/images/9d06c777cb38136a7dcf3a66f86efa7c.jpg,9d06c777cb38136a7dcf3a66f86efa7c
6343,datasets/cat_10k/images/9d07bdc8518bb74be174d02e1aa66fc4.jpg,9d07bdc8518bb74be174d02e1aa66fc4
6344,datasets/cat_10k/images/9d098de484ea0d26260e3d941a85a388.jpg,9d098de484ea0d26260e3d941a85a388
6345,datasets/cat_10k/images/9d0e6ce792d66d85ed399c37dbadcf1c.jpg,9d0e6ce792d66d85ed399c37dbadcf1c
6346,datasets/cat_10k/images/9d180a98331cf2196a60d4aa0a92163b.jpg,9d180a98331cf2196a60d4aa0a92163b
6347,datasets/cat_10k/images/9d2556ad937cab63c204cdc6e1069b71.jpg,9d2556ad937cab63c204cdc6e1069b71
6348,datasets/cat_10k/images/9d352ab5b1144b5154089bd5728eea29.jpg,9d352ab5b1144b5154089bd5728eea29
6349,datasets/cat_10k/images/9d36c0999115296b2b9ec12aaf57d6a2.jpg,9d36c0999115296b2b9ec12aaf57d6a2
6350,datasets/cat_10k/images/9d3c8c79d816548e550e1071e50761a7.jpg,9d3c8c79d816548e550e1071e50761a7
6351,datasets/cat_10k/images/9d4153a7290804034faf12b110988707.jpg,9d4153a7290804034faf12b110988707
6352,datasets/cat_10k/images/9d4c86d4d5dbd89c065e30122c1be092.jpg,9d4c86d4d5dbd89c065e30122c1be092
6353,datasets/cat_10k/images/9d4f8f4ebf174395428f1b11d4d023bf.jpg,9d4f8f4ebf174395428f1b11d4d023bf
6354,datasets/cat_10k/images/9d5091f1087bd1073a188cd74c3349c8.jpg,9d5091f1087bd1073a188cd74c3349c8
6355,datasets/cat_10k/images/9d53fb4aaba8893f92ec779a3f5800d6.jpg,9d53fb4aaba8893f92ec779a3f5800d6
6356,datasets/cat_10k/images/9d5895a97c74859b81762fa3ce9d7c0c.jpg,9d5895a97c74859b81762fa3ce9d7c0c
6357,datasets/cat_10k/images/9d5bd37e4b349db3f7d45293797177e3.jpg,9d5bd37e4b349db3f7d45293797177e3
6358,datasets/cat_10k/images/9d5c13a3300c2d3137a8fa7e02866d64.jpg,9d5c13a3300c2d3137a8fa7e02866d64
6359,datasets/cat_10k/images/9d66979cff3b294052c36a4623ca0816.jpg,9d66979cff3b294052c36a4623ca0816
6360,datasets/cat_10k/images/9d7486ff6cd7252d14e8fd863ef8bb00.jpg,9d7486ff6cd7252d14e8fd863ef8bb00
6361,datasets/cat_10k/images/9d76a055a050529de312c0b4bb95ec63.jpg,9d76a055a050529de312c0b4bb95ec63
6362,datasets/cat_10k/images/9d7cefc3f64506f2054f1958a87f4ffd.jpg,9d7cefc3f64506f2054f1958a87f4ffd
6363,datasets/cat_10k/images/9d80f2005b4d4323277b60941e2f34db.jpg,9d80f2005b4d4323277b60941e2f34db
6364,datasets/cat_10k/images/9d83d8e18625eaf5f6402663e7c5a8a8.jpg,9d83d8e18625eaf5f6402663e7c5a8a8
6365,datasets/cat_10k/images/9d9187ac251c65abfe1f87b380a5b998.jpg,9d9187ac251c65abfe1f87b380a5b998
6366,datasets/cat_10k/images/9d9b170d3cbb2d15ae3932cbf5c476b1.jpg,9d9b170d3cbb2d15ae3932cbf5c476b1
6367,datasets/cat_10k/images/9d9bda0691b053a97042e6ee7c0377df.jpg,9d9bda0691b053a97042e6ee7c0377df
6368,datasets/cat_10k/images/9d9ceb0c6d657fe98f27e06ba8839d4e.jpg,9d9ceb0c6d657fe98f27e06ba8839d4e
6369,datasets/cat_10k/images/9daa42a8108596ed2e4482d0c9f75f55.jpg,9daa42a8108596ed2e4482d0c9f75f55
6370,datasets/cat_10k/images/9db7446186a3b42cef4f49e58897ba1a.jpg,9db7446186a3b42cef4f49e58897ba1a
6371,datasets/cat_10k/images/9dbc9781f38fdf51b6ca65b75c564fd6.jpg,9dbc9781f38fdf51b6ca65b75c564fd6
6372,datasets/cat_10k/images/9dbf1350fee73f297aad58cb47a37ef2.jpg,9dbf1350fee73f297aad58cb47a37ef2
6373,datasets/cat_10k/images/9dbfb4c605d21c54df48bea22581675c.jpg,9dbfb4c605d21c54df48bea22581675c
6374,datasets/cat_10k/images/9dcd081edbca15c6a79ff7edf8b8c2a6.jpg,9dcd081edbca15c6a79ff7edf8b8c2a6
6375,datasets/cat_10k/images/9dcd4c0e648691fcb5d4193116d8536d.jpg,9dcd4c0e648691fcb5d4193116d8536d
6376,datasets/cat_10k/images/9dd35096b1a626c75d995ccba76747ff.jpg,9dd35096b1a626c75d995ccba76747ff
6377,datasets/cat_10k/images/9dd408ab29e2aebba7e12fa4033d3069.jpg,9dd408ab29e2aebba7e12fa4033d3069
6378,datasets/cat_10k/images/9de4f23e7fa70c99224eb381b7fdc001.jpg,9de4f23e7fa70c99224eb381b7fdc001
6379,datasets/cat_10k/images/9de824c9a20856845ee68c9aef362023.jpg,9de824c9a20856845ee68c9aef362023
6380,datasets/cat_10k/images/9deb26ef667ed9ded7b610c3b91472ae.jpg,9deb26ef667ed9ded7b610c3b91472ae
6381,datasets/cat_10k/images/9e0f8bfc59e424f978dec5728fb2524a.jpg,9e0f8bfc59e424f978dec5728fb2524a
6382,datasets/cat_10k/images/9e0fd5595421e0419d172820e1042445.jpg,9e0fd5595421e0419d172820e1042445
6383,datasets/cat_10k/images/9e176a80bc351c02c260c64c1711cf0e.jpg,9e176a80bc351c02c260c64c1711cf0e
6384,datasets/cat_10k/images/9e22112e63a96e0df9a31019aa747df2.jpg,9e22112e63a96e0df9a31019aa747df2
6385,datasets/cat_10k/images/9e223674eb51d5badd1eb4c532c6f71f.jpg,9e223674eb51d5badd1eb4c532c6f71f
6386,datasets/cat_10k/images/9e29591f8072821d65725e0c6a733f24.jpg,9e29591f8072821d65725e0c6a733f24
6387,datasets/cat_10k/images/9e38962c80dea699834daf65beb65b0d.jpg,9e38962c80dea699834daf65beb65b0d
6388,datasets/cat_10k/images/9e3a83120c7141eb6c357a9d046df772.jpg,9e3a83120c7141eb6c357a9d046df772
6389,datasets/cat_10k/images/9e42edb0ddd64399dce0cf0fb63a9b81.jpg,9e42edb0ddd64399dce0cf0fb63a9b81
6390,datasets/cat_10k/images/9e56d89ada64b2c4a14eb5b95d913a60.jpg,9e56d89ada64b2c4a14eb5b95d913a60
6391,datasets/cat_10k/images/9e57f66f778fa3b0d67fd0ec13422190.jpg,9e57f66f778fa3b0d67fd0ec13422190
6392,datasets/cat_10k/images/9e671a2febabcb4428e2e4b3cca0c824.jpg,9e671a2febabcb4428e2e4b3cca0c824
6393,datasets/cat_10k/images/9e701979b84ab0f68a127b426878dffb.jpg,9e701979b84ab0f68a127b426878dffb
6394,datasets/cat_10k/images/9e73cd030ef377bf6129c9d04e37b56e.jpg,9e73cd030ef377bf6129c9d04e37b56e
6395,datasets/cat_10k/images/9e800773139a2a45b011ef4c7c8e4127.jpg,9e800773139a2a45b011ef4c7c8e4127
6396,datasets/cat_10k/images/9e804ae1d09690b28bce244305569620.jpg,9e804ae1d09690b28bce244305569620
6397,datasets/cat_10k/images/9e8b2de408727d413bb1ee69cd473680.jpg,9e8b2de408727d413bb1ee69cd473680
6398,datasets/cat_10k/images/9e93a9f24a7df8ed05d0192d43792777.jpg,9e93a9f24a7df8ed05d0192d43792777
6399,datasets/cat_10k/images/9e9cc4e58626a69fb20da041c33f3a46.jpg,9e9cc4e58626a69fb20da041c33f3a46
6400,datasets/cat_10k/images/9e9f84ce9453b13f8a7b82ea06fca566.jpg,9e9f84ce9453b13f8a7b82ea06fca566
6401,datasets/cat_10k/images/9ea0dc271679cfc1c82faf365f44c7d1.jpg,9ea0dc271679cfc1c82faf365f44c7d1
6402,datasets/cat_10k/images/9ea73c7bf52bd60b1f3498774c94e18f.jpg,9ea73c7bf52bd60b1f3498774c94e18f
6403,datasets/cat_10k/images/9ea7d13bb65e3b2cac214bd15d1277c9.jpg,9ea7d13bb65e3b2cac214bd15d1277c9
6404,datasets/cat_10k/images/9eabb7aafd47fa000240bff47037e34b.jpg,9eabb7aafd47fa000240bff47037e34b
6405,datasets/cat_10k/images/9eae66b9c68357fdf2f2e737235d6cbb.jpg,9eae66b9c68357fdf2f2e737235d6cbb
6406,datasets/cat_10k/images/9eae72f7fb3ba2948f86d9f190121b12.jpg,9eae72f7fb3ba2948f86d9f190121b12
6407,datasets/cat_10k/images/9eba668fcf81fed2b80cea3489b7efd1.jpg,9eba668fcf81fed2b80cea3489b7efd1
6408,datasets/cat_10k/images/9ec290f7b561af4c032229105b188977.jpg,9ec290f7b561af4c032229105b188977
6409,datasets/cat_10k/images/9ec4efb786c5693466b1abf15bff0aed.jpg,9ec4efb786c5693466b1abf15bff0aed
6410,datasets/cat_10k/images/9ecb64a5723f42535af7a5ac691d6917.jpg,9ecb64a5723f42535af7a5ac691d6917
6411,datasets/cat_10k/images/9ecd7f5dd85e5eaeb9cab81c9e7fa699.jpg,9ecd7f5dd85e5eaeb9cab81c9e7fa699
6412,datasets/cat_10k/images/9ed233b7a46e18b95ae84afd90ce5085.jpg,9ed233b7a46e18b95ae84afd90ce5085
6413,datasets/cat_10k/images/9ed34a99f9920fc0a76f0d7d434ad75d.jpg,9ed34a99f9920fc0a76f0d7d434ad75d
6414,datasets/cat_10k/images/9ed912889ceac399512166555fe2a1c6.jpg,9ed912889ceac399512166555fe2a1c6
6415,datasets/cat_10k/images/9ee0332ee4225636345c07c55034b7bb.jpg,9ee0332ee4225636345c07c55034b7bb
6416,datasets/cat_10k/images/9f048daa7749723acf60492739ed708c.jpg,9f048daa7749723acf60492739ed708c
6417,datasets/cat_10k/images/9f10eeee5d6cee753c68f783aaf2aa61.jpg,9f10eeee5d6cee753c68f783aaf2aa61
6418,datasets/cat_10k/images/9f15626581676d0b1fe96550c6c01133.jpg,9f15626581676d0b1fe96550c6c01133
6419,datasets/cat_10k/images/9f21148f5e6e7eb2da74099eeb2ee210.jpg,9f21148f5e6e7eb2da74099eeb2ee210
6420,datasets/cat_10k/images/9f23078baa6d103f6400524fa1da2b52.jpg,9f23078baa6d103f6400524fa1da2b52
6421,datasets/cat_10k/images/9f2f5da333ff258c5f82ce02a51cc94d.jpg,9f2f5da333ff258c5f82ce02a51cc94d
6422,datasets/cat_10k/images/9f37e1309fa5b830873115f2ddf3b80a.jpg,9f37e1309fa5b830873115f2ddf3b80a
6423,datasets/cat_10k/images/9f39187713cc8be42610d1ca5264d1c0.jpg,9f39187713cc8be42610d1ca5264d1c0
6424,datasets/cat_10k/images/9f3bb7276afb488cc2d45bb2c270443c.jpg,9f3bb7276afb488cc2d45bb2c270443c
6425,datasets/cat_10k/images/9f3c2700330700b83b0da308bc0d49a5.jpg,9f3c2700330700b83b0da308bc0d49a5
6426,datasets/cat_10k/images/9f4c41702bfbfe61e97ec10367c4405a.jpg,9f4c41702bfbfe61e97ec10367c4405a
6427,datasets/cat_10k/images/9f51c4d78a9f03f84981fe8ae60d2ba0.jpg,9f51c4d78a9f03f84981fe8ae60d2ba0
6428,datasets/cat_10k/images/9f5357a0a818d980e98862d58e7ad7a7.jpg,9f5357a0a818d980e98862d58e7ad7a7
6429,datasets/cat_10k/images/9f55c906440f3f3801d81c788eaef07d.jpg,9f55c906440f3f3801d81c788eaef07d
6430,datasets/cat_10k/images/9f55e660f1d4e41112fbeec21c071c71.jpg,9f55e660f1d4e41112fbeec21c071c71
6431,datasets/cat_10k/images/9f61aef2d671f0f7546c33ab7f27f8a2.jpg,9f61aef2d671f0f7546c33ab7f27f8a2
6432,datasets/cat_10k/images/9f777d5b62a5dd22604775c923d2e312.jpg,9f777d5b62a5dd22604775c923d2e312
6433,datasets/cat_10k/images/9f7b7161563ed0c9ca68d8a1cac01bf7.jpg,9f7b7161563ed0c9ca68d8a1cac01bf7
6434,datasets/cat_10k/images/9f7cecb9b30d3dd37148bbc3225a7c9f.jpg,9f7cecb9b30d3dd37148bbc3225a7c9f
6435,datasets/cat_10k/images/9f853a26936f8e859cbcb3d001ba0771.jpg,9f853a26936f8e859cbcb3d001ba0771
6436,datasets/cat_10k/images/9f854bbb6ff104bd7178afc22aaaef86.jpg,9f854bbb6ff104bd7178afc22aaaef86
6437,datasets/cat_10k/images/9f8886c70e9f3994bc555ed488f3065c.jpg,9f8886c70e9f3994bc555ed488f3065c
6438,datasets/cat_10k/images/9f8ed1e5fb88a8aa19cfed5bbb739cdd.jpg,9f8ed1e5fb88a8aa19cfed5bbb739cdd
6439,datasets/cat_10k/images/9f91104bed1ea66e81ce97540e5ec19b.jpg,9f91104bed1ea66e81ce97540e5ec19b
6440,datasets/cat_10k/images/9f98746bade202b3a6c7813ea50cd65c.jpg,9f98746bade202b3a6c7813ea50cd65c
6441,datasets/cat_10k/images/9f9a4a63287d158ddb2e77bc8e9110c2.jpg,9f9a4a63287d158ddb2e77bc8e9110c2
6442,datasets/cat_10k/images/9f9e8d376cd495824b21ad9ade7bcef4.jpg,9f9e8d376cd495824b21ad9ade7bcef4
6443,datasets/cat_10k/images/9faf0d03e5ae3cfcc1fb57061cc505d1.jpg,9faf0d03e5ae3cfcc1fb57061cc505d1
6444,datasets/cat_10k/images/9fb05bca490e1e846563eb6a81fd70b7.jpg,9fb05bca490e1e846563eb6a81fd70b7
6445,datasets/cat_10k/images/9fb799cd2c1c0eb1160de0ebd85ef335.jpg,9fb799cd2c1c0eb1160de0ebd85ef335
6446,datasets/cat_10k/images/9fbc02a76f6a1a112b3374c4fbff307a.jpg,9fbc02a76f6a1a112b3374c4fbff307a
6447,datasets/cat_10k/images/9fbd6be8936732a735bdadb7693fc84c.jpg,9fbd6be8936732a735bdadb7693fc84c
6448,datasets/cat_10k/images/9fc69ee33d34d53572c3c337ec308437.jpg,9fc69ee33d34d53572c3c337ec308437
6449,datasets/cat_10k/images/9fe10d5ae0f4104026ca61f649dd4ba5.jpg,9fe10d5ae0f4104026ca61f649dd4ba5
6450,datasets/cat_10k/images/9ff004f599dc8cba7c7f7a5600e6483b.jpg,9ff004f599dc8cba7c7f7a5600e6483b
6451,datasets/cat_10k/images/9ff015e7d014ec90cb5ac429aa1d6787.jpg,9ff015e7d014ec90cb5ac429aa1d6787
6452,datasets/cat_10k/images/9ff6d687300be14c83193f7826b8cb9b.jpg,9ff6d687300be14c83193f7826b8cb9b
6453,datasets/cat_10k/images/9ff7288ebf86eea9e01721a5be68628d.jpg,9ff7288ebf86eea9e01721a5be68628d
6454,datasets/cat_10k/images/a004f468769d9587f26c7af2f81f4054.jpg,a004f468769d9587f26c7af2f81f4054
6455,datasets/cat_10k/images/a00a26f5cb8009e3ffb136f2990d12a5.jpg,a00a26f5cb8009e3ffb136f2990d12a5
6456,datasets/cat_10k/images/a0177306afd0551f43565c286b449559.jpg,a0177306afd0551f43565c286b449559
6457,datasets/cat_10k/images/a021622b40cbb6d80dff116f53eb640f.jpg,a021622b40cbb6d80dff116f53eb640f
6458,datasets/cat_10k/images/a02710cf07653f23310be32010250ff3.jpg,a02710cf07653f23310be32010250ff3
6459,datasets/cat_10k/images/a0278c9143c619084da86689cb3139f1.jpg,a0278c9143c619084da86689cb3139f1
6460,datasets/cat_10k/images/a02a3e2a5bfefc5f4319bad90447b652.jpg,a02a3e2a5bfefc5f4319bad90447b652
6461,datasets/cat_10k/images/a03c30fd7d23ea00c53ffdec3197ade9.jpg,a03c30fd7d23ea00c53ffdec3197ade9
6462,datasets/cat_10k/images/a03d51ee3811d234591747e11fbba6c7.jpg,a03d51ee3811d234591747e11fbba6c7
6463,datasets/cat_10k/images/a03e18da7afee6d45c6543c9c0d58f3f.jpg,a03e18da7afee6d45c6543c9c0d58f3f
6464,datasets/cat_10k/images/a0420a29dca78fdc3f762d91779c3464.jpg,a0420a29dca78fdc3f762d91779c3464
6465,datasets/cat_10k/images/a044c128192e26981d6697b48f56d3d9.jpg,a044c128192e26981d6697b48f56d3d9
6466,datasets/cat_10k/images/a0493e5784beddb0c4562db820c7e1ba.jpg,a0493e5784beddb0c4562db820c7e1ba
6467,datasets/cat_10k/images/a04d761c9397bf94f4c23ed10d17217f.jpg,a04d761c9397bf94f4c23ed10d17217f
6468,datasets/cat_10k/images/a05893c3e15415e4087076ac938ac548.jpg,a05893c3e15415e4087076ac938ac548
6469,datasets/cat_10k/images/a05de182307529f0dc55bfc301fe5b2f.jpg,a05de182307529f0dc55bfc301fe5b2f
6470,datasets/cat_10k/images/a05ea44a54a0178f1b1e5d470147ab2c.jpg,a05ea44a54a0178f1b1e5d470147ab2c
6471,datasets/cat_10k/images/a06cfcef843ec9f4636648ff84d4b44d.jpg,a06cfcef843ec9f4636648ff84d4b44d
6472,datasets/cat_10k/images/a06fe59ddc8c6de08f7c9a870d079791.jpg,a06fe59ddc8c6de08f7c9a870d079791
6473,datasets/cat_10k/images/a0704dc490e60a548f4f21eecb1f074b.jpg,a0704dc490e60a548f4f21eecb1f074b
6474,datasets/cat_10k/images/a07cc1627879ac98f702a7d2e8d212ac.jpg,a07cc1627879ac98f702a7d2e8d212ac
6475,datasets/cat_10k/images/a087b820989fad8cc87285ff3fd65ef9.jpg,a087b820989fad8cc87285ff3fd65ef9
6476,datasets/cat_10k/images/a087d8540f5b5232d783ab55e97dd6c4.jpg,a087d8540f5b5232d783ab55e97dd6c4
6477,datasets/cat_10k/images/a0a301695d18fd7e2e27f7205e98a425.jpg,a0a301695d18fd7e2e27f7205e98a425
6478,datasets/cat_10k/images/a0a6bc839495d03cb9dfafcbd8368d9e.jpg,a0a6bc839495d03cb9dfafcbd8368d9e
6479,datasets/cat_10k/images/a0ada99f170f9cf1ffdebae3396fc25f.jpg,a0ada99f170f9cf1ffdebae3396fc25f
6480,datasets/cat_10k/images/a0b12795c855b49acc54dc73f65617f5.jpg,a0b12795c855b49acc54dc73f65617f5
6481,datasets/cat_10k/images/a0b37fee9165bec6444fd535bee05792.jpg,a0b37fee9165bec6444fd535bee05792
6482,datasets/cat_10k/images/a0c1c68c21110a8aea25d09920e0cb0d.jpg,a0c1c68c21110a8aea25d09920e0cb0d
6483,datasets/cat_10k/images/a0c2acfbf535da23b98298b6e0744e17.jpg,a0c2acfbf535da23b98298b6e0744e17
6484,datasets/cat_10k/images/a0cbf48dadfb9a419644a50585fdaf63.jpg,a0cbf48dadfb9a419644a50585fdaf63
6485,datasets/cat_10k/images/a0d1e7ee61dbbefea4cf598347eff51d.jpg,a0d1e7ee61dbbefea4cf598347eff51d
6486,datasets/cat_10k/images/a0d6060fe206473e9de5a781f876209d.jpg,a0d6060fe206473e9de5a781f876209d
6487,datasets/cat_10k/images/a0d66f8bb7224899b3b33d4e3bccb477.jpg,a0d66f8bb7224899b3b33d4e3bccb477
6488,datasets/cat_10k/images/a0d9f45da84da5e31e4ae7ba5dc13775.jpg,a0d9f45da84da5e31e4ae7ba5dc13775
6489,datasets/cat_10k/images/a0e4af5fdad88d545418a58d8eec140f.jpg,a0e4af5fdad88d545418a58d8eec140f
6490,datasets/cat_10k/images/a0e5055b1174a297bcade9e34b1d6f2a.jpg,a0e5055b1174a297bcade9e34b1d6f2a
6491,datasets/cat_10k/images/a0e62230023e4f2d2d63de9d0d2081af.jpg,a0e62230023e4f2d2d63de9d0d2081af
6492,datasets/cat_10k/images/a0e9da49fff5079670c0ee87af4d3746.jpg,a0e9da49fff5079670c0ee87af4d3746
6493,datasets/cat_10k/images/a0f00dac5ee985e888027433bca5ddee.jpg,a0f00dac5ee985e888027433bca5ddee
6494,datasets/cat_10k/images/a0f58dd54280ffd387fec9ed612d8ec2.jpg,a0f58dd54280ffd387fec9ed612d8ec2
6495,datasets/cat_10k/images/a108e4144459b01359fdce0bc38833ab.jpg,a108e4144459b01359fdce0bc38833ab
6496,datasets/cat_10k/images/a10c123f4789220c2cf1071e3df87a87.jpg,a10c123f4789220c2cf1071e3df87a87
6497,datasets/cat_10k/images/a1199f8e3edb7f42ddf9004f7af67dd6.jpg,a1199f8e3edb7f42ddf9004f7af67dd6
6498,datasets/cat_10k/images/a11a9ef3a76cdad8b59cead20d5a561b.jpg,a11a9ef3a76cdad8b59cead20d5a561b
6499,datasets/cat_10k/images/a11c8c0f2a205895b3a330fbc59e6256.jpg,a11c8c0f2a205895b3a330fbc59e6256
6500,datasets/cat_10k/images/a11dff91a59dbda16fcf570c96e4a1ac.jpg,a11dff91a59dbda16fcf570c96e4a1ac
6501,datasets/cat_10k/images/a11eeae422d31ad98278e72199458996.jpg,a11eeae422d31ad98278e72199458996
6502,datasets/cat_10k/images/a12560da2e5a529612a2abe19bb47f07.jpg,a12560da2e5a529612a2abe19bb47f07
6503,datasets/cat_10k/images/a12cb0771f850a6b9c1f52b056c3b211.jpg,a12cb0771f850a6b9c1f52b056c3b211
6504,datasets/cat_10k/images/a12fefe7007a34fa5d53b90fcaf52602.jpg,a12fefe7007a34fa5d53b90fcaf52602
6505,datasets/cat_10k/images/a14d67c6fe807bfeb8dcce91b696e896.jpg,a14d67c6fe807bfeb8dcce91b696e896
6506,datasets/cat_10k/images/a14ea1b49f4249ce98352a8afee88a30.jpg,a14ea1b49f4249ce98352a8afee88a30
6507,datasets/cat_10k/images/a155ba8507a501dd6ab07c7fb5978b89.jpg,a155ba8507a501dd6ab07c7fb5978b89
6508,datasets/cat_10k/images/a16d81be66321a1dec5353575a13d61e.jpg,a16d81be66321a1dec5353575a13d61e
6509,datasets/cat_10k/images/a16e1667d890882bff911330fca37b5f.jpg,a16e1667d890882bff911330fca37b5f
6510,datasets/cat_10k/images/a1721eede901aa021dc605876d9396bf.jpg,a1721eede901aa021dc605876d9396bf
6511,datasets/cat_10k/images/a172b4d43f7948b833df0f3b5ab6ed4c.jpg,a172b4d43f7948b833df0f3b5ab6ed4c
6512,datasets/cat_10k/images/a175afc55eed63cce6f0f47916b52fb9.jpg,a175afc55eed63cce6f0f47916b52fb9
6513,datasets/cat_10k/images/a17b017f86746cb7b397f6314fc08d28.jpg,a17b017f86746cb7b397f6314fc08d28
6514,datasets/cat_10k/images/a18908aa19d79003fedbb44f5cc329cd.jpg,a18908aa19d79003fedbb44f5cc329cd
6515,datasets/cat_10k/images/a18e9b7edd5d3e6108647abb97de4847.jpg,a18e9b7edd5d3e6108647abb97de4847
6516,datasets/cat_10k/images/a1904db73942f62edc8401c9db7dea6d.jpg,a1904db73942f62edc8401c9db7dea6d
6517,datasets/cat_10k/images/a19447546306de415785c6a13efcef31.jpg,a19447546306de415785c6a13efcef31
6518,datasets/cat_10k/images/a19981ab2a9d6268cea921f4e6b1c4bf.jpg,a19981ab2a9d6268cea921f4e6b1c4bf
6519,datasets/cat_10k/images/a1a671abf44e9127d8831bffdc69c39b.jpg,a1a671abf44e9127d8831bffdc69c39b
6520,datasets/cat_10k/images/a1b53361840627c2207f695469467c35.jpg,a1b53361840627c2207f695469467c35
6521,datasets/cat_10k/images/a1bef09404413d51b49886d5bea44990.jpg,a1bef09404413d51b49886d5bea44990
6522,datasets/cat_10k/images/a1bfe45e8edcbb54dd46ee3a0a1e32b1.jpg,a1bfe45e8edcbb54dd46ee3a0a1e32b1
6523,datasets/cat_10k/images/a1c2af36bfa766be752c67a49e9bfdc8.jpg,a1c2af36bfa766be752c67a49e9bfdc8
6524,datasets/cat_10k/images/a1c85f8fb91682e05621f6b6197873bf.jpg,a1c85f8fb91682e05621f6b6197873bf
6525,datasets/cat_10k/images/a1cef0c82b45c18d0de17b2ff2538a9c.jpg,a1cef0c82b45c18d0de17b2ff2538a9c
6526,datasets/cat_10k/images/a1d08e765eeec4512d4e9517aa2be1fc.jpg,a1d08e765eeec4512d4e9517aa2be1fc
6527,datasets/cat_10k/images/a1d48e91bd7a4bc7f3f73a9b7d9825c8.jpg,a1d48e91bd7a4bc7f3f73a9b7d9825c8
6528,datasets/cat_10k/images/a1d50fe33d432d9f5aa5b41540ef2466.jpg,a1d50fe33d432d9f5aa5b41540ef2466
6529,datasets/cat_10k/images/a1e24e442dea7f28b1071782da60aca8.jpg,a1e24e442dea7f28b1071782da60aca8
6530,datasets/cat_10k/images/a1ee58e188199c79df7f788cb435bf6a.jpg,a1ee58e188199c79df7f788cb435bf6a
6531,datasets/cat_10k/images/a1fb5f974b24fcad982698b869107bd7.jpg,a1fb5f974b24fcad982698b869107bd7
6532,datasets/cat_10k/images/a204c1568723b67124285b976ccb3c9d.jpg,a204c1568723b67124285b976ccb3c9d
6533,datasets/cat_10k/images/a209cba409571a867962394987420971.jpg,a209cba409571a867962394987420971
6534,datasets/cat_10k/images/a211ed03314495efa4178da9d26396e8.jpg,a211ed03314495efa4178da9d26396e8
6535,datasets/cat_10k/images/a21923c0f00c6659bdd91adfcbdd9a5f.jpg,a21923c0f00c6659bdd91adfcbdd9a5f
6536,datasets/cat_10k/images/a21f51297a8dd2c95788b3f411dfd813.jpg,a21f51297a8dd2c95788b3f411dfd813
6537,datasets/cat_10k/images/a220daafd43c4e7eea00c6c545c89298.jpg,a220daafd43c4e7eea00c6c545c89298
6538,datasets/cat_10k/images/a222784415659e920e684c2e7c78a8c5.jpg,a222784415659e920e684c2e7c78a8c5
6539,datasets/cat_10k/images/a225e8f19dde7131d7c1acaf29b6f6ce.jpg,a225e8f19dde7131d7c1acaf29b6f6ce
6540,datasets/cat_10k/images/a24328d0f332af24e450d857927e5e3b.jpg,a24328d0f332af24e450d857927e5e3b
6541,datasets/cat_10k/images/a2440972f3d14163007e29a90483fbf1.jpg,a2440972f3d14163007e29a90483fbf1
6542,datasets/cat_10k/images/a2465d119e16ebddbd14e5e545adb04b.jpg,a2465d119e16ebddbd14e5e545adb04b
6543,datasets/cat_10k/images/a248529cdc95bf945c6f2bc31882a453.jpg,a248529cdc95bf945c6f2bc31882a453
6544,datasets/cat_10k/images/a24fa18f43c2656c649d0147a2402c61.jpg,a24fa18f43c2656c649d0147a2402c61
6545,datasets/cat_10k/images/a2513c6ce9a945313d09dab06b4f4b98.jpg,a2513c6ce9a945313d09dab06b4f4b98
6546,datasets/cat_10k/images/a265efb3db8f2523fe3368cda6e9846e.jpg,a265efb3db8f2523fe3368cda6e9846e
6547,datasets/cat_10k/images/a26b32c8e287a0481816660d4985c14e.jpg,a26b32c8e287a0481816660d4985c14e
6548,datasets/cat_10k/images/a26ea7eac3bf1f9271340d5da6b68435.jpg,a26ea7eac3bf1f9271340d5da6b68435
6549,datasets/cat_10k/images/a2747219dacc2fe18c2228ce2733d667.jpg,a2747219dacc2fe18c2228ce2733d667
6550,datasets/cat_10k/images/a276c0e25d0f38aee4f4064ebf6ce970.jpg,a276c0e25d0f38aee4f4064ebf6ce970
6551,datasets/cat_10k/images/a27dc650f61bb8b0682978d115781921.jpg,a27dc650f61bb8b0682978d115781921
6552,datasets/cat_10k/images/a27f838b50165b6b32d07b6809f724a9.jpg,a27f838b50165b6b32d07b6809f724a9
6553,datasets/cat_10k/images/a2802898cfeed940644d7216bebf05a2.jpg,a2802898cfeed940644d7216bebf05a2
6554,datasets/cat_10k/images/a28cb3f505d0f790a8282bde0d9171bf.jpg,a28cb3f505d0f790a8282bde0d9171bf
6555,datasets/cat_10k/images/a2931fa2a30e67f9932a23602fc1cb69.jpg,a2931fa2a30e67f9932a23602fc1cb69
6556,datasets/cat_10k/images/a2942b2d050ebc758d5c9d33d17f3ce0.jpg,a2942b2d050ebc758d5c9d33d17f3ce0
6557,datasets/cat_10k/images/a299fa652fed165b51e23b1bc6588b1c.jpg,a299fa652fed165b51e23b1bc6588b1c
6558,datasets/cat_10k/images/a2a3458d32a9f7f696ef1ec6d52d122f.jpg,a2a3458d32a9f7f696ef1ec6d52d122f
6559,datasets/cat_10k/images/a2b32bb7fb69138785881dad07574c5e.jpg,a2b32bb7fb69138785881dad07574c5e
6560,datasets/cat_10k/images/a2b4c6e58389afe8e15554f16c829b6e.jpg,a2b4c6e58389afe8e15554f16c829b6e
6561,datasets/cat_10k/images/a2c6a21eb173c01aef040a3f7c376456.jpg,a2c6a21eb173c01aef040a3f7c376456
6562,datasets/cat_10k/images/a2cc8cbae853bc83ad573abcabbfdf09.jpg,a2cc8cbae853bc83ad573abcabbfdf09
6563,datasets/cat_10k/images/a2cde2058859d6faf5a10ef03ba50744.jpg,a2cde2058859d6faf5a10ef03ba50744
6564,datasets/cat_10k/images/a2d1454e2555bccd460b2cf19383ca69.jpg,a2d1454e2555bccd460b2cf19383ca69
6565,datasets/cat_10k/images/a2d9a8c0a769ce29f2781a31e632dbc1.jpg,a2d9a8c0a769ce29f2781a31e632dbc1
6566,datasets/cat_10k/images/a2db4c87d6614c2f98c69359b52e6119.jpg,a2db4c87d6614c2f98c69359b52e6119
6567,datasets/cat_10k/images/a2e0db092702c668eda4cf9af174a937.jpg,a2e0db092702c668eda4cf9af174a937
6568,datasets/cat_10k/images/a2ea55cbdec07446542e81d0c24fa8bf.jpg,a2ea55cbdec07446542e81d0c24fa8bf
6569,datasets/cat_10k/images/a2eb2f1dae2f414c267bdbc173bd8281.jpg,a2eb2f1dae2f414c267bdbc173bd8281
6570,datasets/cat_10k/images/a2f35f1bcb53f28d1d366209d45623e1.jpg,a2f35f1bcb53f28d1d366209d45623e1
6571,datasets/cat_10k/images/a2f3b96bdd8d175ef08263722e717748.jpg,a2f3b96bdd8d175ef08263722e717748
6572,datasets/cat_10k/images/a2fe625664871ead652f9b4a594a7e3c.jpg,a2fe625664871ead652f9b4a594a7e3c
6573,datasets/cat_10k/images/a30565a344f5dcb9fbb3b5dba224903d.jpg,a30565a344f5dcb9fbb3b5dba224903d
6574,datasets/cat_10k/images/a305f7e04cae3db111550a0f453eb731.jpg,a305f7e04cae3db111550a0f453eb731
6575,datasets/cat_10k/images/a3076e9d9706591bd23123e45eb1b53d.jpg,a3076e9d9706591bd23123e45eb1b53d
6576,datasets/cat_10k/images/a308212ba70fb28874113d9232af5139.jpg,a308212ba70fb28874113d9232af5139
6577,datasets/cat_10k/images/a30f6992a8501ba234ae10a74d2e8509.jpg,a30f6992a8501ba234ae10a74d2e8509
6578,datasets/cat_10k/images/a31411c2a55a7793cb66126d341b3ed0.jpg,a31411c2a55a7793cb66126d341b3ed0
6579,datasets/cat_10k/images/a31491158c6fe64c69ccbef213301021.jpg,a31491158c6fe64c69ccbef213301021
6580,datasets/cat_10k/images/a33b2505f0b0ffc2f71866a5ba225b2d.jpg,a33b2505f0b0ffc2f71866a5ba225b2d
6581,datasets/cat_10k/images/a342909293cff46aee2fd0403218c16b.jpg,a342909293cff46aee2fd0403218c16b
6582,datasets/cat_10k/images/a34f923fc1ae16646240ecdf22a2c13a.jpg,a34f923fc1ae16646240ecdf22a2c13a
6583,datasets/cat_10k/images/a358446f566d4443df63bfb299350b76.jpg,a358446f566d4443df63bfb299350b76
6584,datasets/cat_10k/images/a35b648ba4de1cee7f8f639ac38b2ee8.jpg,a35b648ba4de1cee7f8f639ac38b2ee8
6585,datasets/cat_10k/images/a36530916f52b7fa40cf11229a2c37a6.jpg,a36530916f52b7fa40cf11229a2c37a6
6586,datasets/cat_10k/images/a36f0497989ae7582fffa074c5d4f938.jpg,a36f0497989ae7582fffa074c5d4f938
6587,datasets/cat_10k/images/a3858f3387579912779cdc991c852658.jpg,a3858f3387579912779cdc991c852658
6588,datasets/cat_10k/images/a3860ae863c2a456954b3e567bf90e4e.jpg,a3860ae863c2a456954b3e567bf90e4e
6589,datasets/cat_10k/images/a39558dc2de2305b40921af631cf9d68.jpg,a39558dc2de2305b40921af631cf9d68
6590,datasets/cat_10k/images/a39ad6213110a95d131f265a830db0fd.jpg,a39ad6213110a95d131f265a830db0fd
6591,datasets/cat_10k/images/a3a2d7a5843e0144cc67438989edb421.jpg,a3a2d7a5843e0144cc67438989edb421
6592,datasets/cat_10k/images/a3a5e4ee4fb3cc864d532f5eef7666d2.jpg,a3a5e4ee4fb3cc864d532f5eef7666d2
6593,datasets/cat_10k/images/a3a685ebca110eab194e57ee3f0b0c6f.jpg,a3a685ebca110eab194e57ee3f0b0c6f
6594,datasets/cat_10k/images/a3a6ff429ce36dfaf365bc31684ca595.jpg,a3a6ff429ce36dfaf365bc31684ca595
6595,datasets/cat_10k/images/a3a9b1d5aab3bdd6e07b85e34df5dee1.jpg,a3a9b1d5aab3bdd6e07b85e34df5dee1
6596,datasets/cat_10k/images/a3affd85ad4fc7ba57df6a655cab264f.jpg,a3affd85ad4fc7ba57df6a655cab264f
6597,datasets/cat_10k/images/a3b670d512c2196d36486184db5e275e.jpg,a3b670d512c2196d36486184db5e275e
6598,datasets/cat_10k/images/a3ba311590d7f553fa4c662aef4de161.jpg,a3ba311590d7f553fa4c662aef4de161
6599,datasets/cat_10k/images/a3bbdf24187f129ce3709a7c23697169.jpg,a3bbdf24187f129ce3709a7c23697169
6600,datasets/cat_10k/images/a3cefa9b469d0c08eb78a10c080fee4c.jpg,a3cefa9b469d0c08eb78a10c080fee4c
6601,datasets/cat_10k/images/a3cf06634cfc02190cfa3fe954802cbc.jpg,a3cf06634cfc02190cfa3fe954802cbc
6602,datasets/cat_10k/images/a3cffcb44e6236bd05ca495cf8c336ab.jpg,a3cffcb44e6236bd05ca495cf8c336ab
6603,datasets/cat_10k/images/a3d800257b3ecc5cbc38bc5a07b55dee.jpg,a3d800257b3ecc5cbc38bc5a07b55dee
6604,datasets/cat_10k/images/a3daad44b105a992ae3b1f6a28d18035.jpg,a3daad44b105a992ae3b1f6a28d18035
6605,datasets/cat_10k/images/a3f936d1d9f2415810d6a7bac6d5c065.jpg,a3f936d1d9f2415810d6a7bac6d5c065
6606,datasets/cat_10k/images/a4149cc019a93311cc5983f9e2cbb4be.jpg,a4149cc019a93311cc5983f9e2cbb4be
6607,datasets/cat_10k/images/a42410fc83a1b13b7699f8f93deceb73.jpg,a42410fc83a1b13b7699f8f93deceb73
6608,datasets/cat_10k/images/a426f92b401f8d865a921549b0338898.jpg,a426f92b401f8d865a921549b0338898
6609,datasets/cat_10k/images/a42c80094a6c3810a60820eb91b34c80.jpg,a42c80094a6c3810a60820eb91b34c80
6610,datasets/cat_10k/images/a42f4a1f02d34b6e3b923a73a4366dcb.jpg,a42f4a1f02d34b6e3b923a73a4366dcb
6611,datasets/cat_10k/images/a43fc53b9fdb1090f10e511e19ae7518.jpg,a43fc53b9fdb1090f10e511e19ae7518
6612,datasets/cat_10k/images/a4484eceeff3bfba18bef544d01290e5.jpg,a4484eceeff3bfba18bef544d01290e5
6613,datasets/cat_10k/images/a44c5b37f2dfc6570c0949e8140b7705.jpg,a44c5b37f2dfc6570c0949e8140b7705
6614,datasets/cat_10k/images/a457e3a7a0d9426ff20db7b7c159673d.jpg,a457e3a7a0d9426ff20db7b7c159673d
6615,datasets/cat_10k/images/a459853be105a7c6aa1b0b42489269da.jpg,a459853be105a7c6aa1b0b42489269da
6616,datasets/cat_10k/images/a45d1e500fa56bcfb00f60a4da9df4c7.jpg,a45d1e500fa56bcfb00f60a4da9df4c7
6617,datasets/cat_10k/images/a45e514cfa8216eb32fcd2991b714295.jpg,a45e514cfa8216eb32fcd2991b714295
6618,datasets/cat_10k/images/a46402263d56e31d5471bcc4dc058c85.jpg,a46402263d56e31d5471bcc4dc058c85
6619,datasets/cat_10k/images/a474579ee1673fd89c3d7cd022e7e03b.jpg,a474579ee1673fd89c3d7cd022e7e03b
6620,datasets/cat_10k/images/a47e8b299ca315dee25c9f195462045d.jpg,a47e8b299ca315dee25c9f195462045d
6621,datasets/cat_10k/images/a480ff6f0275ba80f093e51c787ec719.jpg,a480ff6f0275ba80f093e51c787ec719
6622,datasets/cat_10k/images/a486a41059f0739422bc1789b563ebe2.jpg,a486a41059f0739422bc1789b563ebe2
6623,datasets/cat_10k/images/a486b5dc3317ec2d3dfb87ee2695a5fb.jpg,a486b5dc3317ec2d3dfb87ee2695a5fb
6624,datasets/cat_10k/images/a4893c93b2251790ae544e58ef6fa4af.jpg,a4893c93b2251790ae544e58ef6fa4af
6625,datasets/cat_10k/images/a48de346a7be370af087c9bb4dad9e14.jpg,a48de346a7be370af087c9bb4dad9e14
6626,datasets/cat_10k/images/a4939d9de560f79fe94cc90b3b0a532a.jpg,a4939d9de560f79fe94cc90b3b0a532a
6627,datasets/cat_10k/images/a49936750b6f117a6d2678cc711ec7f1.jpg,a49936750b6f117a6d2678cc711ec7f1
6628,datasets/cat_10k/images/a499789564acdc4ddc401d7bb6cddbb7.jpg,a499789564acdc4ddc401d7bb6cddbb7
6629,datasets/cat_10k/images/a49aee0fd288be8ed19d19987d1bee9d.jpg,a49aee0fd288be8ed19d19987d1bee9d
6630,datasets/cat_10k/images/a49f2e979a0e4b25d5bde226a40196d7.jpg,a49f2e979a0e4b25d5bde226a40196d7
6631,datasets/cat_10k/images/a4a58b997fc936872add32da7102fdbe.jpg,a4a58b997fc936872add32da7102fdbe
6632,datasets/cat_10k/images/a4b0dd7725681a2895b56eb4cea7890b.jpg,a4b0dd7725681a2895b56eb4cea7890b
6633,datasets/cat_10k/images/a4b3bc21964c48f10972c24aa4622374.jpg,a4b3bc21964c48f10972c24aa4622374
6634,datasets/cat_10k/images/a4b88bcd6b7778e924a7b41467ff4f8d.jpg,a4b88bcd6b7778e924a7b41467ff4f8d
6635,datasets/cat_10k/images/a4be094ee32e5b4f6edf507a124dac58.jpg,a4be094ee32e5b4f6edf507a124dac58
6636,datasets/cat_10k/images/a4c005a2fcec0815e562734a4404486e.jpg,a4c005a2fcec0815e562734a4404486e
6637,datasets/cat_10k/images/a4c6daa791aded629737b987550afe20.jpg,a4c6daa791aded629737b987550afe20
6638,datasets/cat_10k/images/a4c84df8700506823dc52d8148d32a5f.jpg,a4c84df8700506823dc52d8148d32a5f
6639,datasets/cat_10k/images/a4cd46e57be8a40a658a9d8930f98f37.jpg,a4cd46e57be8a40a658a9d8930f98f37
6640,datasets/cat_10k/images/a4d5894e59eab5bb50b4867e012f3b5d.jpg,a4d5894e59eab5bb50b4867e012f3b5d
6641,datasets/cat_10k/images/a4e587a244f6ee7afdfe97053c63b7c7.jpg,a4e587a244f6ee7afdfe97053c63b7c7
6642,datasets/cat_10k/images/a4f2130ba4218f93469a5120d65dbe76.jpg,a4f2130ba4218f93469a5120d65dbe76
6643,datasets/cat_10k/images/a4f32f3d525ddc9a233b31a5b2c2e7e4.jpg,a4f32f3d525ddc9a233b31a5b2c2e7e4
6644,datasets/cat_10k/images/a4f71c63ca6a673f73bf20888dca76b3.jpg,a4f71c63ca6a673f73bf20888dca76b3
6645,datasets/cat_10k/images/a504825534d747e480c9cc63bb12cea6.jpg,a504825534d747e480c9cc63bb12cea6
6646,datasets/cat_10k/images/a5134be81ea3b5785ac4096a5733d133.jpg,a5134be81ea3b5785ac4096a5733d133
6647,datasets/cat_10k/images/a514e982cf99df25dee85d2ddf3ff6c8.jpg,a514e982cf99df25dee85d2ddf3ff6c8
6648,datasets/cat_10k/images/a51e629c00c843c147f265cb89328dc3.jpg,a51e629c00c843c147f265cb89328dc3
6649,datasets/cat_10k/images/a521eeb2778bfd094eb323fa7a267095.jpg,a521eeb2778bfd094eb323fa7a267095
6650,datasets/cat_10k/images/a5232452d3f0f7c29aa2d5b860c94f07.jpg,a5232452d3f0f7c29aa2d5b860c94f07
6651,datasets/cat_10k/images/a52bb87f55282688cb5a8ec3c925eab2.jpg,a52bb87f55282688cb5a8ec3c925eab2
6652,datasets/cat_10k/images/a52c6bccbb4a0b5973bad1f96566e7b2.jpg,a52c6bccbb4a0b5973bad1f96566e7b2
6653,datasets/cat_10k/images/a52ef358b9ed4ba0a53cd1e4b290b23e.jpg,a52ef358b9ed4ba0a53cd1e4b290b23e
6654,datasets/cat_10k/images/a533496556516bb611acf74e2671b942.jpg,a533496556516bb611acf74e2671b942
6655,datasets/cat_10k/images/a535ab9054fa470edc9d46261ed977e2.jpg,a535ab9054fa470edc9d46261ed977e2
6656,datasets/cat_10k/images/a536116a033775e98ad5557ae5ac9d84.jpg,a536116a033775e98ad5557ae5ac9d84
6657,datasets/cat_10k/images/a53bec35fd93ab894dc1a6f1008e2584.jpg,a53bec35fd93ab894dc1a6f1008e2584
6658,datasets/cat_10k/images/a53c23affd04867f45b553c94eb5d51e.jpg,a53c23affd04867f45b553c94eb5d51e
6659,datasets/cat_10k/images/a53cddd94508011ce34f272109955a6c.jpg,a53cddd94508011ce34f272109955a6c
6660,datasets/cat_10k/images/a53f18ee738bb8b962c293b94df341ed.jpg,a53f18ee738bb8b962c293b94df341ed
6661,datasets/cat_10k/images/a53f7e94698665554d6c2c36ea788188.jpg,a53f7e94698665554d6c2c36ea788188
6662,datasets/cat_10k/images/a542c59075162328533eaa3e16ee3dab.jpg,a542c59075162328533eaa3e16ee3dab
6663,datasets/cat_10k/images/a55691ee29d667b47f34f7fdb6e3d547.jpg,a55691ee29d667b47f34f7fdb6e3d547
6664,datasets/cat_10k/images/a55b7194032ada5ff72cd26f41fca113.jpg,a55b7194032ada5ff72cd26f41fca113
6665,datasets/cat_10k/images/a5632f678bd67bf42fd51f546d7f5153.jpg,a5632f678bd67bf42fd51f546d7f5153
6666,datasets/cat_10k/images/a567fe523b85f44046876091e2bd5ee7.jpg,a567fe523b85f44046876091e2bd5ee7
6667,datasets/cat_10k/images/a5750ebab825546cea3790daef99a497.jpg,a5750ebab825546cea3790daef99a497
6668,datasets/cat_10k/images/a575b84786513fe86f9b9e1bc07a300a.jpg,a575b84786513fe86f9b9e1bc07a300a
6669,datasets/cat_10k/images/a58b0ed6b56db26a85cb61adfe2789e6.jpg,a58b0ed6b56db26a85cb61adfe2789e6
6670,datasets/cat_10k/images/a59abed124e8273a4eaeedf6168673de.jpg,a59abed124e8273a4eaeedf6168673de
6671,datasets/cat_10k/images/a5a1fb5f3c9d4568098b56a80c02781d.jpg,a5a1fb5f3c9d4568098b56a80c02781d
6672,datasets/cat_10k/images/a5b10b1da473992a556834bb45ed138c.jpg,a5b10b1da473992a556834bb45ed138c
6673,datasets/cat_10k/images/a5b9058e49534375ba532c87397cda15.jpg,a5b9058e49534375ba532c87397cda15
6674,datasets/cat_10k/images/a5ba96bca2e59b6279d519669e8b412b.jpg,a5ba96bca2e59b6279d519669e8b412b
6675,datasets/cat_10k/images/a5bdc1daad04c8af07c8acc016373ea8.jpg,a5bdc1daad04c8af07c8acc016373ea8
6676,datasets/cat_10k/images/a5bdcef1459d783f7370723e9d3b3e01.jpg,a5bdcef1459d783f7370723e9d3b3e01
6677,datasets/cat_10k/images/a5d3e86cd99674ae703434c692adae36.jpg,a5d3e86cd99674ae703434c692adae36
6678,datasets/cat_10k/images/a5d4bdd2ce571471907d6d07fc0e3916.jpg,a5d4bdd2ce571471907d6d07fc0e3916
6679,datasets/cat_10k/images/a5de27d9cdf7b33d7f766710cfa34ee3.jpg,a5de27d9cdf7b33d7f766710cfa34ee3
6680,datasets/cat_10k/images/a5df7754073f59499ed01e279624771b.jpg,a5df7754073f59499ed01e279624771b
6681,datasets/cat_10k/images/a5e20c9a2d4df5dbe29c1dd4c68691e8.jpg,a5e20c9a2d4df5dbe29c1dd4c68691e8
6682,datasets/cat_10k/images/a5ef691fde04832ec22747db12d4e0d3.jpg,a5ef691fde04832ec22747db12d4e0d3
6683,datasets/cat_10k/images/a5f3fc29a5a41168fbfdac21ac549e34.jpg,a5f3fc29a5a41168fbfdac21ac549e34
6684,datasets/cat_10k/images/a5fd99c69794804b29b61e7da518d0f1.jpg,a5fd99c69794804b29b61e7da518d0f1
6685,datasets/cat_10k/images/a5ff9b33249dfcbc062f1ca9ba38bf09.jpg,a5ff9b33249dfcbc062f1ca9ba38bf09
6686,datasets/cat_10k/images/a60f95c970d732ae9e981e1afbb4ef6e.jpg,a60f95c970d732ae9e981e1afbb4ef6e
6687,datasets/cat_10k/images/a615f988337b12d39451d8c523c54b43.jpg,a615f988337b12d39451d8c523c54b43
6688,datasets/cat_10k/images/a6191263baefb978a0160f9532abfd8f.jpg,a6191263baefb978a0160f9532abfd8f
6689,datasets/cat_10k/images/a61ad98d6808b66443e487567f42e2a0.jpg,a61ad98d6808b66443e487567f42e2a0
6690,datasets/cat_10k/images/a61c2b8bf515f7fcf6249661c582068c.jpg,a61c2b8bf515f7fcf6249661c582068c
6691,datasets/cat_10k/images/a622e6d5cfdf3e35f671c7753f4d9687.jpg,a622e6d5cfdf3e35f671c7753f4d9687
6692,datasets/cat_10k/images/a627ee94f5a86cc4533861b148dce7c7.jpg,a627ee94f5a86cc4533861b148dce7c7
6693,datasets/cat_10k/images/a634e99df8a954b66efadd76c0af7da4.jpg,a634e99df8a954b66efadd76c0af7da4
6694,datasets/cat_10k/images/a636317eb94c8f8a8e63254bd57f0ac8.jpg,a636317eb94c8f8a8e63254bd57f0ac8
6695,datasets/cat_10k/images/a64998ce2c167027e6fcc43b6d349f45.jpg,a64998ce2c167027e6fcc43b6d349f45
6696,datasets/cat_10k/images/a64e48792e1909f6fa7fd82a3043d8e8.jpg,a64e48792e1909f6fa7fd82a3043d8e8
6697,datasets/cat_10k/images/a651458724541b66384ea3c54a60bcb2.jpg,a651458724541b66384ea3c54a60bcb2
6698,datasets/cat_10k/images/a6524d5d715281e1ee8ba9819295a19f.jpg,a6524d5d715281e1ee8ba9819295a19f
6699,datasets/cat_10k/images/a654871d30067fa407aee9307886a4c7.jpg,a654871d30067fa407aee9307886a4c7
6700,datasets/cat_10k/images/a657a07e3fa164da031f7f4106a60a20.jpg,a657a07e3fa164da031f7f4106a60a20
6701,datasets/cat_10k/images/a657c2aa6918b3a9bda56851e74f2df1.jpg,a657c2aa6918b3a9bda56851e74f2df1
6702,datasets/cat_10k/images/a659163df92f91b1cade6f8c04962e8b.jpg,a659163df92f91b1cade6f8c04962e8b
6703,datasets/cat_10k/images/a65cb9f18bc04d21c5a9d7b3be225054.jpg,a65cb9f18bc04d21c5a9d7b3be225054
6704,datasets/cat_10k/images/a661dabf0510f63fb5cf2ce4bc0dfac8.jpg,a661dabf0510f63fb5cf2ce4bc0dfac8
6705,datasets/cat_10k/images/a6788eba35b1a729e1eba108946c2d29.jpg,a6788eba35b1a729e1eba108946c2d29
6706,datasets/cat_10k/images/a67f7aa139d8a37489f80bfa80c9d5ae.jpg,a67f7aa139d8a37489f80bfa80c9d5ae
6707,datasets/cat_10k/images/a688932020b0127d20f1a0464ff7c2d9.jpg,a688932020b0127d20f1a0464ff7c2d9
6708,datasets/cat_10k/images/a688e626dd6bfc116fe63436ee0a87d5.jpg,a688e626dd6bfc116fe63436ee0a87d5
6709,datasets/cat_10k/images/a689b19d6d7a7e7549ba0246fe542d87.jpg,a689b19d6d7a7e7549ba0246fe542d87
6710,datasets/cat_10k/images/a68d5e7e01f467b3bc7d1a56ee71828f.jpg,a68d5e7e01f467b3bc7d1a56ee71828f
6711,datasets/cat_10k/images/a69609e8d2a8d23b5efb242e5426da33.jpg,a69609e8d2a8d23b5efb242e5426da33
6712,datasets/cat_10k/images/a698c2aa59b76020c8064e0d2a3616c8.jpg,a698c2aa59b76020c8064e0d2a3616c8
6713,datasets/cat_10k/images/a69f6cb0595931d5fdf19aef803734b4.jpg,a69f6cb0595931d5fdf19aef803734b4
6714,datasets/cat_10k/images/a6a47612a0dfb6ace135704c1ff8a581.jpg,a6a47612a0dfb6ace135704c1ff8a581
6715,datasets/cat_10k/images/a6a478b3cab5a5e89b4a7b5ae7684f8b.jpg,a6a478b3cab5a5e89b4a7b5ae7684f8b
6716,datasets/cat_10k/images/a6a6e32b9d41f32013fa93b9b0e86f48.jpg,a6a6e32b9d41f32013fa93b9b0e86f48
6717,datasets/cat_10k/images/a6ad30a24aa3b55611101b59adcd1bca.jpg,a6ad30a24aa3b55611101b59adcd1bca
6718,datasets/cat_10k/images/a6af132499b38065e327a21b8223ec03.jpg,a6af132499b38065e327a21b8223ec03
6719,datasets/cat_10k/images/a6b84ef9236e2943198d8b84f748022c.jpg,a6b84ef9236e2943198d8b84f748022c
6720,datasets/cat_10k/images/a6ba4737b037f097776381d712f92699.jpg,a6ba4737b037f097776381d712f92699
6721,datasets/cat_10k/images/a6bb48813e6aef3b22cdce1b1ff1c4a7.jpg,a6bb48813e6aef3b22cdce1b1ff1c4a7
6722,datasets/cat_10k/images/a6bd90bb471324fc82535e2f730826e8.jpg,a6bd90bb471324fc82535e2f730826e8
6723,datasets/cat_10k/images/a6bfd0bc7f8f608975f251d283ce958e.jpg,a6bfd0bc7f8f608975f251d283ce958e
6724,datasets/cat_10k/images/a6c19796a41d8c4a7d0fde5f5351623f.jpg,a6c19796a41d8c4a7d0fde5f5351623f
6725,datasets/cat_10k/images/a6ce8b97af18877716cf8d7f5ed4475e.jpg,a6ce8b97af18877716cf8d7f5ed4475e
6726,datasets/cat_10k/images/a6cfea5713051c871bd757ff63f6d4a6.jpg,a6cfea5713051c871bd757ff63f6d4a6
6727,datasets/cat_10k/images/a6d1f7e60e9b30d17a38e2ca50330385.jpg,a6d1f7e60e9b30d17a38e2ca50330385
6728,datasets/cat_10k/images/a6d4122bdbcffe99cc96dfe7c9a3930a.jpg,a6d4122bdbcffe99cc96dfe7c9a3930a
6729,datasets/cat_10k/images/a6de941acbc78ec037c8afd0c789e38a.jpg,a6de941acbc78ec037c8afd0c789e38a
6730,datasets/cat_10k/images/a6e1ebdc191771317b0728f4951ae987.jpg,a6e1ebdc191771317b0728f4951ae987
6731,datasets/cat_10k/images/a6e2ae262f6be42ec7814ed921be9fe8.jpg,a6e2ae262f6be42ec7814ed921be9fe8
6732,datasets/cat_10k/images/a6e6bc7859ad63e8ac2d7bfe8841ef5d.jpg,a6e6bc7859ad63e8ac2d7bfe8841ef5d
6733,datasets/cat_10k/images/a6e8da8d1cfcffd52b66628d3b0c1779.jpg,a6e8da8d1cfcffd52b66628d3b0c1779
6734,datasets/cat_10k/images/a6e9c05f2cd444af9c616b818db5612d.jpg,a6e9c05f2cd444af9c616b818db5612d
6735,datasets/cat_10k/images/a6f331191d393c119720691bc2683626.jpg,a6f331191d393c119720691bc2683626
6736,datasets/cat_10k/images/a6f8308c0a3ce357957dc692439b7774.jpg,a6f8308c0a3ce357957dc692439b7774
6737,datasets/cat_10k/images/a71b50ceeefd05161f790e16f2b55ee4.jpg,a71b50ceeefd05161f790e16f2b55ee4
6738,datasets/cat_10k/images/a72716f668d95eab6fbebd004ead75e9.jpg,a72716f668d95eab6fbebd004ead75e9
6739,datasets/cat_10k/images/a729f41c1ab13ad60ff8a4e095203238.jpg,a729f41c1ab13ad60ff8a4e095203238
6740,datasets/cat_10k/images/a73caddcd26e21efc748bd644cfc92b7.jpg,a73caddcd26e21efc748bd644cfc92b7
6741,datasets/cat_10k/images/a73f4e81eaf24a28c9418350dea4e607.jpg,a73f4e81eaf24a28c9418350dea4e607
6742,datasets/cat_10k/images/a74507bdd57f013d8410f1e9a77daf5e.jpg,a74507bdd57f013d8410f1e9a77daf5e
6743,datasets/cat_10k/images/a74e7b803b0b2c2710c147fb02990718.jpg,a74e7b803b0b2c2710c147fb02990718
6744,datasets/cat_10k/images/a752f544647255db746d6560f74a4a67.jpg,a752f544647255db746d6560f74a4a67
6745,datasets/cat_10k/images/a758f16b605e75d4fa06ffeb7894d69b.jpg,a758f16b605e75d4fa06ffeb7894d69b
6746,datasets/cat_10k/images/a76170acebff68d4819654f517f90b24.jpg,a76170acebff68d4819654f517f90b24
6747,datasets/cat_10k/images/a7619ede9dd9274ac0a012f8ce182540.jpg,a7619ede9dd9274ac0a012f8ce182540
6748,datasets/cat_10k/images/a77eac41469275164de2e9862baf7aa9.jpg,a77eac41469275164de2e9862baf7aa9
6749,datasets/cat_10k/images/a78901384f7cd9296e446b0fd0e7889a.jpg,a78901384f7cd9296e446b0fd0e7889a
6750,datasets/cat_10k/images/a78b2b92d75220070b2041a5207de4a2.jpg,a78b2b92d75220070b2041a5207de4a2
6751,datasets/cat_10k/images/a792da9f7f107f94243e63585293565f.jpg,a792da9f7f107f94243e63585293565f
6752,datasets/cat_10k/images/a7a90e4f14189ab9a127bcf5507f6d62.jpg,a7a90e4f14189ab9a127bcf5507f6d62
6753,datasets/cat_10k/images/a7b4bd34aa88419f84a63d782568a7ed.jpg,a7b4bd34aa88419f84a63d782568a7ed
6754,datasets/cat_10k/images/a7bfbd741cb365eddb023a7a99e3d6df.jpg,a7bfbd741cb365eddb023a7a99e3d6df
6755,datasets/cat_10k/images/a7c19b48db53d416715cce0ae5b036f4.jpg,a7c19b48db53d416715cce0ae5b036f4
6756,datasets/cat_10k/images/a7c2ce1804d7a60f96ea5d6255f2ed7a.jpg,a7c2ce1804d7a60f96ea5d6255f2ed7a
6757,datasets/cat_10k/images/a7c68b3f54f453284f03d5917a2ef6b4.jpg,a7c68b3f54f453284f03d5917a2ef6b4
6758,datasets/cat_10k/images/a7cc1faf6569ebc5cbf8e475c094f417.jpg,a7cc1faf6569ebc5cbf8e475c094f417
6759,datasets/cat_10k/images/a7d282dcc0683cc5384b242df800b5f7.jpg,a7d282dcc0683cc5384b242df800b5f7
6760,datasets/cat_10k/images/a7e111aa752c2d3238bababdd6e03b3f.jpg,a7e111aa752c2d3238bababdd6e03b3f
6761,datasets/cat_10k/images/a7e3eccdcf3275df47f374edbb71eff0.jpg,a7e3eccdcf3275df47f374edbb71eff0
6762,datasets/cat_10k/images/a7e8227a3bd2298092671fd4c20e7e3b.jpg,a7e8227a3bd2298092671fd4c20e7e3b
6763,datasets/cat_10k/images/a800b8c22649763899434f5391a47a7b.jpg,a800b8c22649763899434f5391a47a7b
6764,datasets/cat_10k/images/a8081b7a79d9fa4c37b0d68617e85017.jpg,a8081b7a79d9fa4c37b0d68617e85017
6765,datasets/cat_10k/images/a8122929aef0f6622ab96704756ae1fb.jpg,a8122929aef0f6622ab96704756ae1fb
6766,datasets/cat_10k/images/a812c44f1b5079c91d98283743500666.jpg,a812c44f1b5079c91d98283743500666
6767,datasets/cat_10k/images/a81c0bdee3dc2e760b35b4888c2a7053.jpg,a81c0bdee3dc2e760b35b4888c2a7053
6768,datasets/cat_10k/images/a82a5e95dac7490cfc862faac61ebf55.jpg,a82a5e95dac7490cfc862faac61ebf55
6769,datasets/cat_10k/images/a82bffffeb947d0642c55f95b0892ece.jpg,a82bffffeb947d0642c55f95b0892ece
6770,datasets/cat_10k/images/a8312c7b016b2369b94a36d8a5765f95.jpg,a8312c7b016b2369b94a36d8a5765f95
6771,datasets/cat_10k/images/a831cbf68859ab3d824e82aa64ebe547.jpg,a831cbf68859ab3d824e82aa64ebe547
6772,datasets/cat_10k/images/a839969d6cba77f4074aa2d48ea11793.jpg,a839969d6cba77f4074aa2d48ea11793
6773,datasets/cat_10k/images/a8407a7481a52d2a3ffb0f089458da74.jpg,a8407a7481a52d2a3ffb0f089458da74
6774,datasets/cat_10k/images/a8606b16d44c1856d14c0d1da784d0a8.jpg,a8606b16d44c1856d14c0d1da784d0a8
6775,datasets/cat_10k/images/a863c0bab3eef967777cfbda89c279d1.jpg,a863c0bab3eef967777cfbda89c279d1
6776,datasets/cat_10k/images/a86528cc9d0e1da0815847e47f46cbee.jpg,a86528cc9d0e1da0815847e47f46cbee
6777,datasets/cat_10k/images/a86a6aae665c9b3448f29fef99965647.jpg,a86a6aae665c9b3448f29fef99965647
6778,datasets/cat_10k/images/a8733ab925902799e947d57a36415bb5.jpg,a8733ab925902799e947d57a36415bb5
6779,datasets/cat_10k/images/a874cf85c758769788be7c77a3775974.jpg,a874cf85c758769788be7c77a3775974
6780,datasets/cat_10k/images/a8884b1c129e5bd25b2636865dad60bb.jpg,a8884b1c129e5bd25b2636865dad60bb
6781,datasets/cat_10k/images/a88c584323d924499352351b789cfeb1.jpg,a88c584323d924499352351b789cfeb1
6782,datasets/cat_10k/images/a89338a933684ad9ca8b9b120c8a3200.jpg,a89338a933684ad9ca8b9b120c8a3200
6783,datasets/cat_10k/images/a89e16b3a973e947fc2593467397258f.jpg,a89e16b3a973e947fc2593467397258f
6784,datasets/cat_10k/images/a89f8ed413d5694f253ec01f2272ba99.jpg,a89f8ed413d5694f253ec01f2272ba99
6785,datasets/cat_10k/images/a8a0fbb65cf0316d38228fb0e6083b39.jpg,a8a0fbb65cf0316d38228fb0e6083b39
6786,datasets/cat_10k/images/a8aadfa3775e0ac468108ce386302791.jpg,a8aadfa3775e0ac468108ce386302791
6787,datasets/cat_10k/images/a8b33b8482c036dfcf83027da37e45c2.jpg,a8b33b8482c036dfcf83027da37e45c2
6788,datasets/cat_10k/images/a8bd8f5f707619b281e6ab253c3c5fa3.jpg,a8bd8f5f707619b281e6ab253c3c5fa3
6789,datasets/cat_10k/images/a8c1b35a0e8d4936ed41b9f5946a9338.jpg,a8c1b35a0e8d4936ed41b9f5946a9338
6790,datasets/cat_10k/images/a8c2cdfc3380eabce6388ca4c24e0547.jpg,a8c2cdfc3380eabce6388ca4c24e0547
6791,datasets/cat_10k/images/a8cde9e2c59e9f92eea97c682a310646.jpg,a8cde9e2c59e9f92eea97c682a310646
6792,datasets/cat_10k/images/a8dbe1e332f2678665a420f56aadb51f.jpg,a8dbe1e332f2678665a420f56aadb51f
6793,datasets/cat_10k/images/a8ec88cce69c5882236aa8482efdf5f2.jpg,a8ec88cce69c5882236aa8482efdf5f2
6794,datasets/cat_10k/images/a8f2e8601644a67f255fda326d5e6587.jpg,a8f2e8601644a67f255fda326d5e6587
6795,datasets/cat_10k/images/a8f81ee493cf88333d6d6c50cdcdf0ce.jpg,a8f81ee493cf88333d6d6c50cdcdf0ce
6796,datasets/cat_10k/images/a8fa0fad1e716a8807208896cd1831be.jpg,a8fa0fad1e716a8807208896cd1831be
6797,datasets/cat_10k/images/a9009618453b2bae38b59e51a47d8a3f.jpg,a9009618453b2bae38b59e51a47d8a3f
6798,datasets/cat_10k/images/a902ebec555151360804dc66afe5bfa1.jpg,a902ebec555151360804dc66afe5bfa1
6799,datasets/cat_10k/images/a903339a820bb195749fb3f40f64910b.jpg,a903339a820bb195749fb3f40f64910b
6800,datasets/cat_10k/images/a90dc070bde444bf1b0bdb4dada27c10.jpg,a90dc070bde444bf1b0bdb4dada27c10
6801,datasets/cat_10k/images/a910c7c1b48e0dc48e966778aa1cbdde.jpg,a910c7c1b48e0dc48e966778aa1cbdde
6802,datasets/cat_10k/images/a91345e3aec2d382edf708b7d87c637c.jpg,a91345e3aec2d382edf708b7d87c637c
6803,datasets/cat_10k/images/a913a2906f84674bc678c9b6be33d251.jpg,a913a2906f84674bc678c9b6be33d251
6804,datasets/cat_10k/images/a91af009f1ffa463bb76cf37d2ff6952.jpg,a91af009f1ffa463bb76cf37d2ff6952
6805,datasets/cat_10k/images/a91b062672f809d53f22cc027dff5b72.jpg,a91b062672f809d53f22cc027dff5b72
6806,datasets/cat_10k/images/a91bd1735b7a671a7f79194801010546.jpg,a91bd1735b7a671a7f79194801010546
6807,datasets/cat_10k/images/a91fcb651768053c31754345f24a58d0.jpg,a91fcb651768053c31754345f24a58d0
6808,datasets/cat_10k/images/a923520e582c0532a2c17e21c7322955.jpg,a923520e582c0532a2c17e21c7322955
6809,datasets/cat_10k/images/a924a3555435ea2a35577374a9aea83d.jpg,a924a3555435ea2a35577374a9aea83d
6810,datasets/cat_10k/images/a92ac0851117ecc8c8795a0646ac7fda.jpg,a92ac0851117ecc8c8795a0646ac7fda
6811,datasets/cat_10k/images/a931c771c18f63fa26d76a7bd1b0b2da.jpg,a931c771c18f63fa26d76a7bd1b0b2da
6812,datasets/cat_10k/images/a93b24e701325acad46f6325ee40cfab.jpg,a93b24e701325acad46f6325ee40cfab
6813,datasets/cat_10k/images/a93e328bf3646a35cdfae921a4b6f804.jpg,a93e328bf3646a35cdfae921a4b6f804
6814,datasets/cat_10k/images/a94347b21503921bf6a2b5b78c0f2bb1.jpg,a94347b21503921bf6a2b5b78c0f2bb1
6815,datasets/cat_10k/images/a94397d89b52e9a7964dce7a0a262065.jpg,a94397d89b52e9a7964dce7a0a262065
6816,datasets/cat_10k/images/a94ba920932bce2375074b700dc7d607.jpg,a94ba920932bce2375074b700dc7d607
6817,datasets/cat_10k/images/a9597dfd8a3d9740b345a27ce147f87a.jpg,a9597dfd8a3d9740b345a27ce147f87a
6818,datasets/cat_10k/images/a95bffde3b5ebe35f5032eb747e726c3.jpg,a95bffde3b5ebe35f5032eb747e726c3
6819,datasets/cat_10k/images/a961ca69f79cb7ea83e793c94eca88ca.jpg,a961ca69f79cb7ea83e793c94eca88ca
6820,datasets/cat_10k/images/a9712cb1ad9e7fc813e74ae15ed3fcd1.jpg,a9712cb1ad9e7fc813e74ae15ed3fcd1
6821,datasets/cat_10k/images/a97196f2ee5779f42719d61a9c4798a8.jpg,a97196f2ee5779f42719d61a9c4798a8
6822,datasets/cat_10k/images/a97dea118002b1c29764f3ff9c922303.jpg,a97dea118002b1c29764f3ff9c922303
6823,datasets/cat_10k/images/a9879709b16b81b19ac1d54d04c0ddf0.jpg,a9879709b16b81b19ac1d54d04c0ddf0
6824,datasets/cat_10k/images/a993d60c1d9099ec222b7fbd7e5b1a05.jpg,a993d60c1d9099ec222b7fbd7e5b1a05
6825,datasets/cat_10k/images/a99dc9df811fb5fbe2aa9f2424853cf2.jpg,a99dc9df811fb5fbe2aa9f2424853cf2
6826,datasets/cat_10k/images/a9a5300d6f338f62f835166b82f77b2a.jpg,a9a5300d6f338f62f835166b82f77b2a
6827,datasets/cat_10k/images/a9a9f5197dbb8acf822db199a98ed6c2.jpg,a9a9f5197dbb8acf822db199a98ed6c2
6828,datasets/cat_10k/images/a9aebbe73f3c2f29cb82c0f8928b7a6e.jpg,a9aebbe73f3c2f29cb82c0f8928b7a6e
6829,datasets/cat_10k/images/a9af5dc41fcb99c49a3cbd38f4b1044b.jpg,a9af5dc41fcb99c49a3cbd38f4b1044b
6830,datasets/cat_10k/images/a9b0488a3e8c6494ccf7a4655d70b117.jpg,a9b0488a3e8c6494ccf7a4655d70b117
6831,datasets/cat_10k/images/a9b22ac02f6826a763ec60fbfdcc7903.jpg,a9b22ac02f6826a763ec60fbfdcc7903
6832,datasets/cat_10k/images/a9b467afc72c2adb40720be39c267756.jpg,a9b467afc72c2adb40720be39c267756
6833,datasets/cat_10k/images/a9bb56385623ee475337d563600b3906.jpg,a9bb56385623ee475337d563600b3906
6834,datasets/cat_10k/images/a9c9283c2b331a681ebb68534311b165.jpg,a9c9283c2b331a681ebb68534311b165
6835,datasets/cat_10k/images/a9d39198a3316f85a5f3e35463373225.jpg,a9d39198a3316f85a5f3e35463373225
6836,datasets/cat_10k/images/a9d3b45049b156eeee8df6c692f7516b.jpg,a9d3b45049b156eeee8df6c692f7516b
6837,datasets/cat_10k/images/a9d58cb8a0a72b18329bb915f812062b.jpg,a9d58cb8a0a72b18329bb915f812062b
6838,datasets/cat_10k/images/a9da845fd10153140bcd81c4cf1c6309.jpg,a9da845fd10153140bcd81c4cf1c6309
6839,datasets/cat_10k/images/a9dce9299378612038a4e2c5bfc8120d.jpg,a9dce9299378612038a4e2c5bfc8120d
6840,datasets/cat_10k/images/a9e380739cc9cd6f1673afc385cf5a8f.jpg,a9e380739cc9cd6f1673afc385cf5a8f
6841,datasets/cat_10k/images/a9e5d39a0e3007146e9677a896c66f13.jpg,a9e5d39a0e3007146e9677a896c66f13
6842,datasets/cat_10k/images/a9ee041186cffd47dfb1704ab3c2a0e0.jpg,a9ee041186cffd47dfb1704ab3c2a0e0
6843,datasets/cat_10k/images/a9f86f729a1d596d830b634c4a4bf139.jpg,a9f86f729a1d596d830b634c4a4bf139
6844,datasets/cat_10k/images/a9ffae2b729ffcdd148ed3c14a1108b2.jpg,a9ffae2b729ffcdd148ed3c14a1108b2
6845,datasets/cat_10k/images/aa05c4b69e2aa49a2475c4323bebae47.jpg,aa05c4b69e2aa49a2475c4323bebae47
6846,datasets/cat_10k/images/aa12b2de1ebd3dc480bb3d223e57df0b.jpg,aa12b2de1ebd3dc480bb3d223e57df0b
6847,datasets/cat_10k/images/aa1318ee309916fbdf91b1db547f5c8b.jpg,aa1318ee309916fbdf91b1db547f5c8b
6848,datasets/cat_10k/images/aa1321f5765dec9cc57d57fc7a25dd9f.jpg,aa1321f5765dec9cc57d57fc7a25dd9f
6849,datasets/cat_10k/images/aa138137e9f5d5b73744dfcab814b5cc.jpg,aa138137e9f5d5b73744dfcab814b5cc
6850,datasets/cat_10k/images/aa3abdb49405404e70d99a29d4bd9763.jpg,aa3abdb49405404e70d99a29d4bd9763
6851,datasets/cat_10k/images/aa4f2625b6dc9de2e3a488594fde1a1a.jpg,aa4f2625b6dc9de2e3a488594fde1a1a
6852,datasets/cat_10k/images/aa529b130c9e6405e44c2d4f8e3c18c6.jpg,aa529b130c9e6405e44c2d4f8e3c18c6
6853,datasets/cat_10k/images/aa56d924cfbe0dbf1f746089a0133cf0.jpg,aa56d924cfbe0dbf1f746089a0133cf0
6854,datasets/cat_10k/images/aa622fdd7cf9896fd3b6019197ba6668.jpg,aa622fdd7cf9896fd3b6019197ba6668
6855,datasets/cat_10k/images/aa63501ba7c7aa53dec1f2ff90a2fe21.jpg,aa63501ba7c7aa53dec1f2ff90a2fe21
6856,datasets/cat_10k/images/aa6a9b40c5ccedbdbfc63b9c8345f6d1.jpg,aa6a9b40c5ccedbdbfc63b9c8345f6d1
6857,datasets/cat_10k/images/aa775bd9f99ca975e02fb899c74dd405.jpg,aa775bd9f99ca975e02fb899c74dd405
6858,datasets/cat_10k/images/aa7f7979990e80ce32872f2e42ba0dd9.jpg,aa7f7979990e80ce32872f2e42ba0dd9
6859,datasets/cat_10k/images/aa821304ea8a2dda6b8b3dcf5abf147d.jpg,aa821304ea8a2dda6b8b3dcf5abf147d
6860,datasets/cat_10k/images/aa8ff5a3325a3e2a0d35cbaeea1245d6.jpg,aa8ff5a3325a3e2a0d35cbaeea1245d6
6861,datasets/cat_10k/images/aa9ca72bcd6289c295cd3785b6c59201.jpg,aa9ca72bcd6289c295cd3785b6c59201
6862,datasets/cat_10k/images/aaa369835b7056db204ce4c977a57d9a.jpg,aaa369835b7056db204ce4c977a57d9a
6863,datasets/cat_10k/images/aaa53153c18efaf2bd5a4cd1a2f8fffe.jpg,aaa53153c18efaf2bd5a4cd1a2f8fffe
6864,datasets/cat_10k/images/aaa6847c81986abd34fa5363b2a869f1.jpg,aaa6847c81986abd34fa5363b2a869f1
6865,datasets/cat_10k/images/aaa6940a36585804977ac1e8e6850e45.jpg,aaa6940a36585804977ac1e8e6850e45
6866,datasets/cat_10k/images/aaaacb54d4066312a474b59c5f6c0380.jpg,aaaacb54d4066312a474b59c5f6c0380
6867,datasets/cat_10k/images/aaab20984d1e9809b850ab78284c148d.jpg,aaab20984d1e9809b850ab78284c148d
6868,datasets/cat_10k/images/aaad1e195226125d1c12ef5aac297c5f.jpg,aaad1e195226125d1c12ef5aac297c5f
6869,datasets/cat_10k/images/aab3f6f954eb1f9d35b8237747c34053.jpg,aab3f6f954eb1f9d35b8237747c34053
6870,datasets/cat_10k/images/aabc50621450827788bb2c2b7b9168a5.jpg,aabc50621450827788bb2c2b7b9168a5
6871,datasets/cat_10k/images/aac287318d25380ba44d735deec2ccbd.jpg,aac287318d25380ba44d735deec2ccbd
6872,datasets/cat_10k/images/aada9250ee90b6d62de7a6e0f4b91e7e.jpg,aada9250ee90b6d62de7a6e0f4b91e7e
6873,datasets/cat_10k/images/aade8ba70c1cea40bc33025b5485d6a0.jpg,aade8ba70c1cea40bc33025b5485d6a0
6874,datasets/cat_10k/images/aaedec88aee45ee5f9ffd4bc57baf4bc.jpg,aaedec88aee45ee5f9ffd4bc57baf4bc
6875,datasets/cat_10k/images/ab231c248d38fc9821554a37491017e5.jpg,ab231c248d38fc9821554a37491017e5
6876,datasets/cat_10k/images/ab32e6f50de0c949edd8a20d9c79595e.jpg,ab32e6f50de0c949edd8a20d9c79595e
6877,datasets/cat_10k/images/ab3c98fcadaa4cbb0acd135e8de6be63.jpg,ab3c98fcadaa4cbb0acd135e8de6be63
6878,datasets/cat_10k/images/ab3d1da3ed985bb7d30f8aef0616dfc8.jpg,ab3d1da3ed985bb7d30f8aef0616dfc8
6879,datasets/cat_10k/images/ab458ae05cae853633dd04743ace38db.jpg,ab458ae05cae853633dd04743ace38db
6880,datasets/cat_10k/images/ab547271166956982c4570b7ef3c8dee.jpg,ab547271166956982c4570b7ef3c8dee
6881,datasets/cat_10k/images/ab5549eb91fe76a2b3ff6d6304fda8cc.jpg,ab5549eb91fe76a2b3ff6d6304fda8cc
6882,datasets/cat_10k/images/ab5b57894881d9f33313d415789d37cc.jpg,ab5b57894881d9f33313d415789d37cc
6883,datasets/cat_10k/images/ab5fcdd5c1144169f361220bf130383c.jpg,ab5fcdd5c1144169f361220bf130383c
6884,datasets/cat_10k/images/ab622e63005135a4f7b2f357251234c3.jpg,ab622e63005135a4f7b2f357251234c3
6885,datasets/cat_10k/images/ab65da9b6aa0207b700b2031056d7bc8.jpg,ab65da9b6aa0207b700b2031056d7bc8
6886,datasets/cat_10k/images/ab6788e430e7b6aa4377b04be4dd95da.jpg,ab6788e430e7b6aa4377b04be4dd95da
6887,datasets/cat_10k/images/ab8011f551bd70d696f096be149670f3.jpg,ab8011f551bd70d696f096be149670f3
6888,datasets/cat_10k/images/ab8309884a324240ccd83c7eeba03507.jpg,ab8309884a324240ccd83c7eeba03507
6889,datasets/cat_10k/images/ab975b05b933ccde3d5a3cc6e907381b.jpg,ab975b05b933ccde3d5a3cc6e907381b
6890,datasets/cat_10k/images/ab981300571020ff5eae8524bb8fff29.jpg,ab981300571020ff5eae8524bb8fff29
6891,datasets/cat_10k/images/ab9984268caa6425e3004c7b5f602613.jpg,ab9984268caa6425e3004c7b5f602613
6892,datasets/cat_10k/images/aba38894c697d1d8e46ea74089d342c5.jpg,aba38894c697d1d8e46ea74089d342c5
6893,datasets/cat_10k/images/abb1c1fcf986ca819e55e47bb0b1311f.jpg,abb1c1fcf986ca819e55e47bb0b1311f
6894,datasets/cat_10k/images/abceb0fdcb43602d955ecab578654549.jpg,abceb0fdcb43602d955ecab578654549
6895,datasets/cat_10k/images/abd195c95cd76c83a094d33fa34f02f3.jpg,abd195c95cd76c83a094d33fa34f02f3
6896,datasets/cat_10k/images/abd3b5773de38fc77a3296acde90df1a.jpg,abd3b5773de38fc77a3296acde90df1a
6897,datasets/cat_10k/images/abd605abeca5140a469c8da412d82c2c.jpg,abd605abeca5140a469c8da412d82c2c
6898,datasets/cat_10k/images/abd6a92c7105d73165637e7b2566d38f.jpg,abd6a92c7105d73165637e7b2566d38f
6899,datasets/cat_10k/images/abe2690f506f9d3acc6c719b5df819ea.jpg,abe2690f506f9d3acc6c719b5df819ea
6900,datasets/cat_10k/images/abeba7191e3012f6151c737af70ecc8b.jpg,abeba7191e3012f6151c737af70ecc8b
6901,datasets/cat_10k/images/abf2ce29b67024b57e64e5c9c8f1b35a.jpg,abf2ce29b67024b57e64e5c9c8f1b35a
6902,datasets/cat_10k/images/abf4b90c3085588c0bc1622ced08f8ba.jpg,abf4b90c3085588c0bc1622ced08f8ba
6903,datasets/cat_10k/images/abf85e5e8408e0ef392082ecd0f7008e.jpg,abf85e5e8408e0ef392082ecd0f7008e
6904,datasets/cat_10k/images/abfe810f84cd62cf28a5bd0652384de1.jpg,abfe810f84cd62cf28a5bd0652384de1
6905,datasets/cat_10k/images/abfe94325d9177aaa4ebfeb161179032.jpg,abfe94325d9177aaa4ebfeb161179032
6906,datasets/cat_10k/images/abfed813622c297dc94c43e220dc485a.jpg,abfed813622c297dc94c43e220dc485a
6907,datasets/cat_10k/images/ac0b23d1d95a307c91933fb1e2e07da2.jpg,ac0b23d1d95a307c91933fb1e2e07da2
6908,datasets/cat_10k/images/ac17693674fbcdda68c68a0f62ed5165.jpg,ac17693674fbcdda68c68a0f62ed5165
6909,datasets/cat_10k/images/ac1acdf37503b79ea2c259e8ddce3315.jpg,ac1acdf37503b79ea2c259e8ddce3315
6910,datasets/cat_10k/images/ac1b04a89175e4e30a15e2468941cd5d.jpg,ac1b04a89175e4e30a15e2468941cd5d
6911,datasets/cat_10k/images/ac246feea2975c5f4d673ec5ac05118e.jpg,ac246feea2975c5f4d673ec5ac05118e
6912,datasets/cat_10k/images/ac2521d1f9be89e1512288491dd4eed1.jpg,ac2521d1f9be89e1512288491dd4eed1
6913,datasets/cat_10k/images/ac28f6c0d8db91942b30da5fd401f8d5.jpg,ac28f6c0d8db91942b30da5fd401f8d5
6914,datasets/cat_10k/images/ac29a0467c1b4ed8999b4fdfb2eedba1.jpg,ac29a0467c1b4ed8999b4fdfb2eedba1
6915,datasets/cat_10k/images/ac30dd2eb2e3b5ffe0874b8b17094737.jpg,ac30dd2eb2e3b5ffe0874b8b17094737
6916,datasets/cat_10k/images/ac338336440e709194e7ac5b0f3ab918.jpg,ac338336440e709194e7ac5b0f3ab918
6917,datasets/cat_10k/images/ac3db64d7025d326fd1c35c7b5edbde5.jpg,ac3db64d7025d326fd1c35c7b5edbde5
6918,datasets/cat_10k/images/ac416e6527654ab8df43ed04c4aa1252.jpg,ac416e6527654ab8df43ed04c4aa1252
6919,datasets/cat_10k/images/ac41af0df0ba61dcf43510ae02e818ff.jpg,ac41af0df0ba61dcf43510ae02e818ff
6920,datasets/cat_10k/images/ac50e60aab613ab01e9f5941c4f690d2.jpg,ac50e60aab613ab01e9f5941c4f690d2
6921,datasets/cat_10k/images/ac519ee9924ad9ef7c2c8569faee61a9.jpg,ac519ee9924ad9ef7c2c8569faee61a9
6922,datasets/cat_10k/images/ac523bbfbb82b0db26a6e337c2a072df.jpg,ac523bbfbb82b0db26a6e337c2a072df
6923,datasets/cat_10k/images/ac63eef5ede3d4f63a30c048b0dbaa73.jpg,ac63eef5ede3d4f63a30c048b0dbaa73
6924,datasets/cat_10k/images/ac71db0b025e1b25c4284391908731de.jpg,ac71db0b025e1b25c4284391908731de
6925,datasets/cat_10k/images/ac7b3042e9128e2dc3cc2cb382e98daa.jpg,ac7b3042e9128e2dc3cc2cb382e98daa
6926,datasets/cat_10k/images/ac838f4c919f3f5ec17176349b94dc14.jpg,ac838f4c919f3f5ec17176349b94dc14
6927,datasets/cat_10k/images/ac8692151b8da4c3623f8d30955d915b.jpg,ac8692151b8da4c3623f8d30955d915b
6928,datasets/cat_10k/images/ac874eef41f7fa0f25f7798f298d088f.jpg,ac874eef41f7fa0f25f7798f298d088f
6929,datasets/cat_10k/images/aca0a8053cbecf0d32f265dd61820582.jpg,aca0a8053cbecf0d32f265dd61820582
6930,datasets/cat_10k/images/aca8fccce0d7d8058cad94d429d579cc.jpg,aca8fccce0d7d8058cad94d429d579cc
6931,datasets/cat_10k/images/acad7d97d9cf3d9442d3ffb06dd7f44f.jpg,acad7d97d9cf3d9442d3ffb06dd7f44f
6932,datasets/cat_10k/images/acb00ceb9ccd7370c967f3fc68c6ff22.jpg,acb00ceb9ccd7370c967f3fc68c6ff22
6933,datasets/cat_10k/images/acb2707a576c2f0eaefe0a71763aed99.jpg,acb2707a576c2f0eaefe0a71763aed99
6934,datasets/cat_10k/images/acc2715ab7c7eaf087fc2597d5aed409.jpg,acc2715ab7c7eaf087fc2597d5aed409
6935,datasets/cat_10k/images/acc33a90544c8f6de85c8d595036d8ec.jpg,acc33a90544c8f6de85c8d595036d8ec
6936,datasets/cat_10k/images/acd48247f285b37041a24b3138f49c68.jpg,acd48247f285b37041a24b3138f49c68
6937,datasets/cat_10k/images/acd7fa164399ac498429c3624c9b9955.jpg,acd7fa164399ac498429c3624c9b9955
6938,datasets/cat_10k/images/ace8462165aa6b0ea962c3290794b9a4.jpg,ace8462165aa6b0ea962c3290794b9a4
6939,datasets/cat_10k/images/acfebab1346187cd3cbfe4bfcca53127.jpg,acfebab1346187cd3cbfe4bfcca53127
6940,datasets/cat_10k/images/ad01489408efc40a66478c13e269886b.jpg,ad01489408efc40a66478c13e269886b
6941,datasets/cat_10k/images/ad0456b875ed9fbbcd12cf4c06282e9c.jpg,ad0456b875ed9fbbcd12cf4c06282e9c
6942,datasets/cat_10k/images/ad057a0f79dd3491c40b1c09cf3290dc.jpg,ad057a0f79dd3491c40b1c09cf3290dc
6943,datasets/cat_10k/images/ad0e450b0f529f241a743dffc0a30553.jpg,ad0e450b0f529f241a743dffc0a30553
6944,datasets/cat_10k/images/ad1349ab3da0aacbb932a4e7b6f4f0c8.jpg,ad1349ab3da0aacbb932a4e7b6f4f0c8
6945,datasets/cat_10k/images/ad1c1b4a72b28ae0fd077c99386b9ac4.jpg,ad1c1b4a72b28ae0fd077c99386b9ac4
6946,datasets/cat_10k/images/ad201721eff69b9a8f16b17850c4aa51.jpg,ad201721eff69b9a8f16b17850c4aa51
6947,datasets/cat_10k/images/ad21f2a2407cb2d92865b4aa108a95fa.jpg,ad21f2a2407cb2d92865b4aa108a95fa
6948,datasets/cat_10k/images/ad276fc288f65d6616e07a30324edef8.jpg,ad276fc288f65d6616e07a30324edef8
6949,datasets/cat_10k/images/ad2ca06e4cc49ecf25543fe8d17e30d0.jpg,ad2ca06e4cc49ecf25543fe8d17e30d0
6950,datasets/cat_10k/images/ad36841889952cda74313ccbd3d781ea.jpg,ad36841889952cda74313ccbd3d781ea
6951,datasets/cat_10k/images/ad3ff126c02045623c55bc5170577b05.jpg,ad3ff126c02045623c55bc5170577b05
6952,datasets/cat_10k/images/ad42c1689b8f137581df1b3742055bdc.jpg,ad42c1689b8f137581df1b3742055bdc
6953,datasets/cat_10k/images/ad45c8599bd09d526b960201b1b42408.jpg,ad45c8599bd09d526b960201b1b42408
6954,datasets/cat_10k/images/ad469dc4e3507f17f66f0af4d9f5fd63.jpg,ad469dc4e3507f17f66f0af4d9f5fd63
6955,datasets/cat_10k/images/ad4b50321a5a8753f651fa660859f021.jpg,ad4b50321a5a8753f651fa660859f021
6956,datasets/cat_10k/images/ad509eb6e80ae4c1f27efe2dbf4301f3.jpg,ad509eb6e80ae4c1f27efe2dbf4301f3
6957,datasets/cat_10k/images/ad5913b6e4165042697af6efd8f3a00b.jpg,ad5913b6e4165042697af6efd8f3a00b
6958,datasets/cat_10k/images/ad5918d9583a065c6d332024f8e26dec.jpg,ad5918d9583a065c6d332024f8e26dec
6959,datasets/cat_10k/images/ad61abbadda9d735fb7e35827d66a105.jpg,ad61abbadda9d735fb7e35827d66a105
6960,datasets/cat_10k/images/ad6a72e78704001553c2ee6fd1cfe28b.jpg,ad6a72e78704001553c2ee6fd1cfe28b
6961,datasets/cat_10k/images/ad87e9ba671ca9c9e57146dd51ccef78.jpg,ad87e9ba671ca9c9e57146dd51ccef78
6962,datasets/cat_10k/images/ad8a4ec71d457c3ea58a91e85aa43a3f.jpg,ad8a4ec71d457c3ea58a91e85aa43a3f
6963,datasets/cat_10k/images/ad8aa5c79e0bcd12f78bde574870bcd6.jpg,ad8aa5c79e0bcd12f78bde574870bcd6
6964,datasets/cat_10k/images/ad95bed8392df309c6f45deff6c8a6c2.jpg,ad95bed8392df309c6f45deff6c8a6c2
6965,datasets/cat_10k/images/ad9850a5b3dbc7c9129edca1ef5f5681.jpg,ad9850a5b3dbc7c9129edca1ef5f5681
6966,datasets/cat_10k/images/ada1d56d976111df896afafcaee46ece.jpg,ada1d56d976111df896afafcaee46ece
6967,datasets/cat_10k/images/adaef86f2f9ef10fe76e983954683b03.jpg,adaef86f2f9ef10fe76e983954683b03
6968,datasets/cat_10k/images/adb84c806e26336ca9b5012ffc0c2ff0.jpg,adb84c806e26336ca9b5012ffc0c2ff0
6969,datasets/cat_10k/images/adbf87249705e49e465d33a89d2d3e13.jpg,adbf87249705e49e465d33a89d2d3e13
6970,datasets/cat_10k/images/adc1deacbd0651986e856690eb02a593.jpg,adc1deacbd0651986e856690eb02a593
6971,datasets/cat_10k/images/adc55370546ba6b2a29fdedd049f47ba.jpg,adc55370546ba6b2a29fdedd049f47ba
6972,datasets/cat_10k/images/adc57668621e7d9bd97ccb3e699a9374.jpg,adc57668621e7d9bd97ccb3e699a9374
6973,datasets/cat_10k/images/adc5a558945f8e6e4646403a3cb20448.jpg,adc5a558945f8e6e4646403a3cb20448
6974,datasets/cat_10k/images/adc8e1d27e7f6bec0740cad3b18dd7a0.jpg,adc8e1d27e7f6bec0740cad3b18dd7a0
6975,datasets/cat_10k/images/adce5df19343f2ea3cdf44a6d8de3333.jpg,adce5df19343f2ea3cdf44a6d8de3333
6976,datasets/cat_10k/images/add2dd11b1e5b7e4e84a674fde90ad3c.jpg,add2dd11b1e5b7e4e84a674fde90ad3c
6977,datasets/cat_10k/images/add359032b80ef9b4936f7e9cd19ca71.jpg,add359032b80ef9b4936f7e9cd19ca71
6978,datasets/cat_10k/images/add7b60eafa3c1aed2d6559fed12ecb7.jpg,add7b60eafa3c1aed2d6559fed12ecb7
6979,datasets/cat_10k/images/adf62ff07a6548c1b138e8159bbf0c10.jpg,adf62ff07a6548c1b138e8159bbf0c10
6980,datasets/cat_10k/images/ae0142bf0f3bb0c2d523e2dcdba78923.jpg,ae0142bf0f3bb0c2d523e2dcdba78923
6981,datasets/cat_10k/images/ae0539c261a1188c8e1b14fc9e46bf24.jpg,ae0539c261a1188c8e1b14fc9e46bf24
6982,datasets/cat_10k/images/ae08c1fcb260a6cd862316f7ef8c93e7.jpg,ae08c1fcb260a6cd862316f7ef8c93e7
6983,datasets/cat_10k/images/ae149bf16ea7f0cc81f9a0b98e176c78.jpg,ae149bf16ea7f0cc81f9a0b98e176c78
6984,datasets/cat_10k/images/ae199d09a567184ab66ce0ca757c0e92.jpg,ae199d09a567184ab66ce0ca757c0e92
6985,datasets/cat_10k/images/ae1b86f845a5cc82a3b99d75c618b054.jpg,ae1b86f845a5cc82a3b99d75c618b054
6986,datasets/cat_10k/images/ae1bb77ce1fcb649be83ad64aed161c3.jpg,ae1bb77ce1fcb649be83ad64aed161c3
6987,datasets/cat_10k/images/ae2019ee505b29a9b2e01c1b80ef145d.jpg,ae2019ee505b29a9b2e01c1b80ef145d
6988,datasets/cat_10k/images/ae2d92ed0c2b2cafc90761d7c136234c.jpg,ae2d92ed0c2b2cafc90761d7c136234c
6989,datasets/cat_10k/images/ae3f38ee98640a4fc63728b20ac880b0.jpg,ae3f38ee98640a4fc63728b20ac880b0
6990,datasets/cat_10k/images/ae42fe6b3843fcf4a2ec108167ab05e1.jpg,ae42fe6b3843fcf4a2ec108167ab05e1
6991,datasets/cat_10k/images/ae4a638feb1620bd2bcf3274aa08cb77.jpg,ae4a638feb1620bd2bcf3274aa08cb77
6992,datasets/cat_10k/images/ae4a7a6ab1c6fad52fdf4bea377a3f61.jpg,ae4a7a6ab1c6fad52fdf4bea377a3f61
6993,datasets/cat_10k/images/ae505c1f0813131e154f782e9dec1c9e.jpg,ae505c1f0813131e154f782e9dec1c9e
6994,datasets/cat_10k/images/ae514eec464990a711c38fbfdcd40ef1.jpg,ae514eec464990a711c38fbfdcd40ef1
6995,datasets/cat_10k/images/ae5a128abb6d64381a011e62c5193fac.jpg,ae5a128abb6d64381a011e62c5193fac
6996,datasets/cat_10k/images/ae5a273799f6a572875f176f5e761437.jpg,ae5a273799f6a572875f176f5e761437
6997,datasets/cat_10k/images/ae62032b0baaba86d6db41465f495aac.jpg,ae62032b0baaba86d6db41465f495aac
6998,datasets/cat_10k/images/ae65df0d1db05d8044813e802b5c2f09.jpg,ae65df0d1db05d8044813e802b5c2f09
6999,datasets/cat_10k/images/ae674cfb750e36cb14c8efea7b4dece3.jpg,ae674cfb750e36cb14c8efea7b4dece3
7000,datasets/cat_10k/images/ae6b29095551edacfbb4ee9f6853da52.jpg,ae6b29095551edacfbb4ee9f6853da52
7001,datasets/cat_10k/images/ae6d1ff0f41cf4e3856fd994d10f2c82.jpg,ae6d1ff0f41cf4e3856fd994d10f2c82
7002,datasets/cat_10k/images/ae7d4cb9c54bdfa95e1353a41adac9c4.jpg,ae7d4cb9c54bdfa95e1353a41adac9c4
7003,datasets/cat_10k/images/aea8755dbf31ef10598fbf5c008b6b5c.jpg,aea8755dbf31ef10598fbf5c008b6b5c
7004,datasets/cat_10k/images/aeb0db6a48436aec958c20d1b5d9f200.jpg,aeb0db6a48436aec958c20d1b5d9f200
7005,datasets/cat_10k/images/aeb1834d110fbba7427f58b811d8950a.jpg,aeb1834d110fbba7427f58b811d8950a
7006,datasets/cat_10k/images/aeb31701518622dd144645d3376cd418.jpg,aeb31701518622dd144645d3376cd418
7007,datasets/cat_10k/images/aec852173d97db6f49b6d3c4d90412c9.jpg,aec852173d97db6f49b6d3c4d90412c9
7008,datasets/cat_10k/images/aecc68e7a7d8d7a8a70e5e8a392683f1.jpg,aecc68e7a7d8d7a8a70e5e8a392683f1
7009,datasets/cat_10k/images/aecdd74e8c9a6cfc79790c69ce196441.jpg,aecdd74e8c9a6cfc79790c69ce196441
7010,datasets/cat_10k/images/aed02b8fd6033a2e33de45ab139ddbf1.jpg,aed02b8fd6033a2e33de45ab139ddbf1
7011,datasets/cat_10k/images/aed89ac62e8ef03008da3ec5a2f236bf.jpg,aed89ac62e8ef03008da3ec5a2f236bf
7012,datasets/cat_10k/images/aee042edde89400476a1a62b02920cd3.jpg,aee042edde89400476a1a62b02920cd3
7013,datasets/cat_10k/images/aee7f8ad3232ce6f07038e7653ede1db.jpg,aee7f8ad3232ce6f07038e7653ede1db
7014,datasets/cat_10k/images/aee8dbd1f0dc4f8d1a2a995e1695a007.jpg,aee8dbd1f0dc4f8d1a2a995e1695a007
7015,datasets/cat_10k/images/aeebffd9ac4139ffdbfc1a9c1960621a.jpg,aeebffd9ac4139ffdbfc1a9c1960621a
7016,datasets/cat_10k/images/aeeea9868659f70efebf42ab3f14691f.jpg,aeeea9868659f70efebf42ab3f14691f
7017,datasets/cat_10k/images/aef5d1d8dbb5d6b3f78f143bf4da1ee0.jpg,aef5d1d8dbb5d6b3f78f143bf4da1ee0
7018,datasets/cat_10k/images/aef6acb20bc2578a02ed66c86017e390.jpg,aef6acb20bc2578a02ed66c86017e390
7019,datasets/cat_10k/images/aeff9f39060be8b17f2212f63f4931c3.jpg,aeff9f39060be8b17f2212f63f4931c3
7020,datasets/cat_10k/images/af0471dbea6ac5f2f53a18ae3cb2cce8.jpg,af0471dbea6ac5f2f53a18ae3cb2cce8
7021,datasets/cat_10k/images/af09817b57302895057d8a941dbd63be.jpg,af09817b57302895057d8a941dbd63be
7022,datasets/cat_10k/images/af0ae3e1cc19d8aa8e94def2d70c111b.jpg,af0ae3e1cc19d8aa8e94def2d70c111b
7023,datasets/cat_10k/images/af1f29930010f6265959afc150782eca.jpg,af1f29930010f6265959afc150782eca
7024,datasets/cat_10k/images/af20d9dbd0fe322e363e7fe161b7c31e.jpg,af20d9dbd0fe322e363e7fe161b7c31e
7025,datasets/cat_10k/images/af22efdb29e453bfa10fe9c0fc426c98.jpg,af22efdb29e453bfa10fe9c0fc426c98
7026,datasets/cat_10k/images/af28424b0f011d45e57db2b713a8236b.jpg,af28424b0f011d45e57db2b713a8236b
7027,datasets/cat_10k/images/af2c5c7885a0bc4b072b6d15b9d14440.jpg,af2c5c7885a0bc4b072b6d15b9d14440
7028,datasets/cat_10k/images/af315ff21f75c46f233cafc670fcfaf0.jpg,af315ff21f75c46f233cafc670fcfaf0
7029,datasets/cat_10k/images/af33e5425d045a211d9a86a3b4f4bca6.jpg,af33e5425d045a211d9a86a3b4f4bca6
7030,datasets/cat_10k/images/af442f996457bd9efd07b47915a854a8.jpg,af442f996457bd9efd07b47915a854a8
7031,datasets/cat_10k/images/af4bd0be4bc25c643b72674417fe82f5.jpg,af4bd0be4bc25c643b72674417fe82f5
7032,datasets/cat_10k/images/af4d08a6c16a368525d8e7d5021b530f.jpg,af4d08a6c16a368525d8e7d5021b530f
7033,datasets/cat_10k/images/af54e5ad9e41cef6c7d491e92d281a96.jpg,af54e5ad9e41cef6c7d491e92d281a96
7034,datasets/cat_10k/images/af7560c206bf4e6a89f14b768a7b0a69.jpg,af7560c206bf4e6a89f14b768a7b0a69
7035,datasets/cat_10k/images/af7683714411dbb35114290c2b0ed473.jpg,af7683714411dbb35114290c2b0ed473
7036,datasets/cat_10k/images/af76dafd3733cc021704b22b3b5bfbc4.jpg,af76dafd3733cc021704b22b3b5bfbc4
7037,datasets/cat_10k/images/af794f00cc9bc7e6aae25e88c6fcf724.jpg,af794f00cc9bc7e6aae25e88c6fcf724
7038,datasets/cat_10k/images/af7bc25bde632eea920be1fa1545cf2f.jpg,af7bc25bde632eea920be1fa1545cf2f
7039,datasets/cat_10k/images/af8831e853052959e4d4859b86dfa3fb.jpg,af8831e853052959e4d4859b86dfa3fb
7040,datasets/cat_10k/images/af96ba1379357701d3a7ee1d909e0574.jpg,af96ba1379357701d3a7ee1d909e0574
7041,datasets/cat_10k/images/af9b7a3704ca71aacebc057c4041118a.jpg,af9b7a3704ca71aacebc057c4041118a
7042,datasets/cat_10k/images/afa6870cd77cda24d4ea5b869bd96013.jpg,afa6870cd77cda24d4ea5b869bd96013
7043,datasets/cat_10k/images/afa8b05d6410a2762b9b70b976ed3f5a.jpg,afa8b05d6410a2762b9b70b976ed3f5a
7044,datasets/cat_10k/images/afa8b7279607453fed9f0a257c6c3ef9.jpg,afa8b7279607453fed9f0a257c6c3ef9
7045,datasets/cat_10k/images/afa8d9b4d9917a44cbf11d1bf26695ec.jpg,afa8d9b4d9917a44cbf11d1bf26695ec
7046,datasets/cat_10k/images/afa9c55b5e34fc2f600541f5d5b3fab2.jpg,afa9c55b5e34fc2f600541f5d5b3fab2
7047,datasets/cat_10k/images/afacdcc1ab213b40fe2ba1fd179b7937.jpg,afacdcc1ab213b40fe2ba1fd179b7937
7048,datasets/cat_10k/images/afacf3043b8ff19fdba8e5e7839bfec7.jpg,afacf3043b8ff19fdba8e5e7839bfec7
7049,datasets/cat_10k/images/afc6f48c4f434982f458fc1a2cd97121.jpg,afc6f48c4f434982f458fc1a2cd97121
7050,datasets/cat_10k/images/afc78cc4d38a2975a368118cbd2bd3e3.jpg,afc78cc4d38a2975a368118cbd2bd3e3
7051,datasets/cat_10k/images/afcf9c9926bece34b5c28de15af3b9bb.jpg,afcf9c9926bece34b5c28de15af3b9bb
7052,datasets/cat_10k/images/afd4af6d14768a52cad63fcaf550ddd4.jpg,afd4af6d14768a52cad63fcaf550ddd4
7053,datasets/cat_10k/images/afd51014d31a169e94668bc5dc44fc5d.jpg,afd51014d31a169e94668bc5dc44fc5d
7054,datasets/cat_10k/images/afe64ccc6108711e406c6c3bcc298a7e.jpg,afe64ccc6108711e406c6c3bcc298a7e
7055,datasets/cat_10k/images/afe88c165280628c7ac22c3e6f26967a.jpg,afe88c165280628c7ac22c3e6f26967a
7056,datasets/cat_10k/images/afefa183a905403099a0f38130fa60dd.jpg,afefa183a905403099a0f38130fa60dd
7057,datasets/cat_10k/images/afffafeeb38ba777fe2632d18a434dd4.jpg,afffafeeb38ba777fe2632d18a434dd4
7058,datasets/cat_10k/images/b00317f8bfc791163bb6d966d147cc7d.jpg,b00317f8bfc791163bb6d966d147cc7d
7059,datasets/cat_10k/images/b008b48117e30a795b9d8bad5092a37a.jpg,b008b48117e30a795b9d8bad5092a37a
7060,datasets/cat_10k/images/b010ecd18ac75de30662d05835f2b2d0.jpg,b010ecd18ac75de30662d05835f2b2d0
7061,datasets/cat_10k/images/b017ebfd35c75fc85a43d03eba11c127.jpg,b017ebfd35c75fc85a43d03eba11c127
7062,datasets/cat_10k/images/b0263e5c1697cad595cb0f17513a3150.jpg,b0263e5c1697cad595cb0f17513a3150
7063,datasets/cat_10k/images/b02cdf72eaacc3a4c56e8d8343e86327.jpg,b02cdf72eaacc3a4c56e8d8343e86327
7064,datasets/cat_10k/images/b0466d5a214da7548a759ababf041f9e.jpg,b0466d5a214da7548a759ababf041f9e
7065,datasets/cat_10k/images/b057f359b98a5fb7997480f2a719a50e.jpg,b057f359b98a5fb7997480f2a719a50e
7066,datasets/cat_10k/images/b05800e9de82593aba93666558c0d5ad.jpg,b05800e9de82593aba93666558c0d5ad
7067,datasets/cat_10k/images/b0603b4d1daa8b841c1aafdf4c8afd73.jpg,b0603b4d1daa8b841c1aafdf4c8afd73
7068,datasets/cat_10k/images/b0635cdfbeb7a9d6ebaeace280cd6b05.jpg,b0635cdfbeb7a9d6ebaeace280cd6b05
7069,datasets/cat_10k/images/b07cc02314463ad9d450aaec93b7395e.jpg,b07cc02314463ad9d450aaec93b7395e
7070,datasets/cat_10k/images/b080dac676cc720699f561ab92376770.jpg,b080dac676cc720699f561ab92376770
7071,datasets/cat_10k/images/b083260351a4e5f5e6ce3c6f4a01c19d.jpg,b083260351a4e5f5e6ce3c6f4a01c19d
7072,datasets/cat_10k/images/b085ea2b72924b60efa4fe56f93e4048.jpg,b085ea2b72924b60efa4fe56f93e4048
7073,datasets/cat_10k/images/b088935e8fa3e54695df64b2a031b008.jpg,b088935e8fa3e54695df64b2a031b008
7074,datasets/cat_10k/images/b08ad3d38e1e674910ca5cb8f9c0486e.jpg,b08ad3d38e1e674910ca5cb8f9c0486e
7075,datasets/cat_10k/images/b096d7c06aae9f3260cb5b692616f306.jpg,b096d7c06aae9f3260cb5b692616f306
7076,datasets/cat_10k/images/b0bb595bdddc5b08caeff35b7ba6d960.jpg,b0bb595bdddc5b08caeff35b7ba6d960
7077,datasets/cat_10k/images/b0c40780033c4f32ddbaf561dbebfcbf.jpg,b0c40780033c4f32ddbaf561dbebfcbf
7078,datasets/cat_10k/images/b0c5a4e64b66219994e523d284ff9086.jpg,b0c5a4e64b66219994e523d284ff9086
7079,datasets/cat_10k/images/b0ca166e074eee03ae458e5926cf8f39.jpg,b0ca166e074eee03ae458e5926cf8f39
7080,datasets/cat_10k/images/b0cc020ab241edd84afdebbc90c9e006.jpg,b0cc020ab241edd84afdebbc90c9e006
7081,datasets/cat_10k/images/b0cc0873124190a05b38219794bd68b5.jpg,b0cc0873124190a05b38219794bd68b5
7082,datasets/cat_10k/images/b0d1e99b46a93dfcd011bda6e02eb92f.jpg,b0d1e99b46a93dfcd011bda6e02eb92f
7083,datasets/cat_10k/images/b0da4b8bda86faaaf9a503b847bcb842.jpg,b0da4b8bda86faaaf9a503b847bcb842
7084,datasets/cat_10k/images/b0e10445d6c800ab2e253e8baba7c6f2.jpg,b0e10445d6c800ab2e253e8baba7c6f2
7085,datasets/cat_10k/images/b0f03a8086f843a6473fd7bac328cd0c.jpg,b0f03a8086f843a6473fd7bac328cd0c
7086,datasets/cat_10k/images/b0f1fc921837cb6927417260ffe16961.jpg,b0f1fc921837cb6927417260ffe16961
7087,datasets/cat_10k/images/b0f56def578ed1751efe59299f8c5702.jpg,b0f56def578ed1751efe59299f8c5702
7088,datasets/cat_10k/images/b0ff2d152761067d940cd1d7e0b41880.jpg,b0ff2d152761067d940cd1d7e0b41880
7089,datasets/cat_10k/images/b0ff3ec042626dee7603d7bfeae63b6a.jpg,b0ff3ec042626dee7603d7bfeae63b6a
7090,datasets/cat_10k/images/b112aea91133951c32a05ead132cd255.jpg,b112aea91133951c32a05ead132cd255
7091,datasets/cat_10k/images/b11cbd35d2af209de94e9ba6de4f6785.jpg,b11cbd35d2af209de94e9ba6de4f6785
7092,datasets/cat_10k/images/b129f6bd7fb1e8d563b1d1ea0006a8e5.jpg,b129f6bd7fb1e8d563b1d1ea0006a8e5
7093,datasets/cat_10k/images/b12d7cef63ee86419a8fc2cf1325bdc7.jpg,b12d7cef63ee86419a8fc2cf1325bdc7
7094,datasets/cat_10k/images/b133b555018b949a052b0896e0f59a89.jpg,b133b555018b949a052b0896e0f59a89
7095,datasets/cat_10k/images/b133fa2680da1e304b36dc112b103c60.jpg,b133fa2680da1e304b36dc112b103c60
7096,datasets/cat_10k/images/b13f7a2de8ee7e170e790b0f3ee09409.jpg,b13f7a2de8ee7e170e790b0f3ee09409
7097,datasets/cat_10k/images/b14fdfa0a017ffd3c77135e0fe9de2b4.jpg,b14fdfa0a017ffd3c77135e0fe9de2b4
7098,datasets/cat_10k/images/b152d633cd4e365547523e120f8ee9db.jpg,b152d633cd4e365547523e120f8ee9db
7099,datasets/cat_10k/images/b15af23e040a22b4ff7b6a0d82b03eb4.jpg,b15af23e040a22b4ff7b6a0d82b03eb4
7100,datasets/cat_10k/images/b15eb2f02553c363e4cec14b4958f7a9.jpg,b15eb2f02553c363e4cec14b4958f7a9
7101,datasets/cat_10k/images/b164e72150802c255ea66710e7e41afc.jpg,b164e72150802c255ea66710e7e41afc
7102,datasets/cat_10k/images/b16ce16f08bb692657d96dbf0ceff9f9.jpg,b16ce16f08bb692657d96dbf0ceff9f9
7103,datasets/cat_10k/images/b16d0af1e036c9d2bf2d9b4572dd6d8f.jpg,b16d0af1e036c9d2bf2d9b4572dd6d8f
7104,datasets/cat_10k/images/b16f8029be827244a85e003ef5fba44d.jpg,b16f8029be827244a85e003ef5fba44d
7105,datasets/cat_10k/images/b173b0da37ef695406ead4b95684f46c.jpg,b173b0da37ef695406ead4b95684f46c
7106,datasets/cat_10k/images/b174b53fbf7dc64fd8d0f6681e09ab1b.jpg,b174b53fbf7dc64fd8d0f6681e09ab1b
7107,datasets/cat_10k/images/b177aa85e8c40c5263ab1db2f3e43fbe.jpg,b177aa85e8c40c5263ab1db2f3e43fbe
7108,datasets/cat_10k/images/b17d0d269fc2eea395c4d5e005b5afe2.jpg,b17d0d269fc2eea395c4d5e005b5afe2
7109,datasets/cat_10k/images/b182b497ccd6b1532b8c679affd5c54d.jpg,b182b497ccd6b1532b8c679affd5c54d
7110,datasets/cat_10k/images/b18fcaeab502f938fc7f3374ed27493c.jpg,b18fcaeab502f938fc7f3374ed27493c
7111,datasets/cat_10k/images/b191380814f86abb1aa26fad4d17223c.jpg,b191380814f86abb1aa26fad4d17223c
7112,datasets/cat_10k/images/b19159a677cde2707a99a5d4d5ece03b.jpg,b19159a677cde2707a99a5d4d5ece03b
7113,datasets/cat_10k/images/b194c2a7b211b62ae281fe61482b01d0.jpg,b194c2a7b211b62ae281fe61482b01d0
7114,datasets/cat_10k/images/b19c978f5eb91ee66c2246bc0de02297.jpg,b19c978f5eb91ee66c2246bc0de02297
7115,datasets/cat_10k/images/b19fc7328802c8647758164720643aae.jpg,b19fc7328802c8647758164720643aae
7116,datasets/cat_10k/images/b1b0b75194916d08c529a26124882730.jpg,b1b0b75194916d08c529a26124882730
7117,datasets/cat_10k/images/b1b418ca72bb7482bfe75135064d8a39.jpg,b1b418ca72bb7482bfe75135064d8a39
7118,datasets/cat_10k/images/b1b897e90bc747dbaa1085fa22ead7ec.jpg,b1b897e90bc747dbaa1085fa22ead7ec
7119,datasets/cat_10k/images/b1c460f563d3bd28203af27435186b75.jpg,b1c460f563d3bd28203af27435186b75
7120,datasets/cat_10k/images/b1c87e98ae907e7f53490bb44d389b26.jpg,b1c87e98ae907e7f53490bb44d389b26
7121,datasets/cat_10k/images/b1ce97831f9298b9b2d85bbee6d8d897.jpg,b1ce97831f9298b9b2d85bbee6d8d897
7122,datasets/cat_10k/images/b1d3b2db889e572d8e7c3a7c52faf5c4.jpg,b1d3b2db889e572d8e7c3a7c52faf5c4
7123,datasets/cat_10k/images/b1e00dbd6c3c7f0d621c8d7ec6dfbb33.jpg,b1e00dbd6c3c7f0d621c8d7ec6dfbb33
7124,datasets/cat_10k/images/b1e24a649c3385b2e760609733ad2040.jpg,b1e24a649c3385b2e760609733ad2040
7125,datasets/cat_10k/images/b1f894eee9f35fe63d62045cb9fc3b89.jpg,b1f894eee9f35fe63d62045cb9fc3b89
7126,datasets/cat_10k/images/b1faff52f5823e00e00462425f861b5f.jpg,b1faff52f5823e00e00462425f861b5f
7127,datasets/cat_10k/images/b1fc5e6f6458ba7a0f3cae0b7edabe7e.jpg,b1fc5e6f6458ba7a0f3cae0b7edabe7e
7128,datasets/cat_10k/images/b209f4102fdbf18268dd98ada2673650.jpg,b209f4102fdbf18268dd98ada2673650
7129,datasets/cat_10k/images/b20c16ff336ec31cdd70d2d183aef277.jpg,b20c16ff336ec31cdd70d2d183aef277
7130,datasets/cat_10k/images/b20d3a3e80c1ed2e39974cb242de0544.jpg,b20d3a3e80c1ed2e39974cb242de0544
7131,datasets/cat_10k/images/b2192f9f261f618d27e3d9b2d46f8dd4.jpg,b2192f9f261f618d27e3d9b2d46f8dd4
7132,datasets/cat_10k/images/b21a64f618e49ba63dd1e18f56837ded.jpg,b21a64f618e49ba63dd1e18f56837ded
7133,datasets/cat_10k/images/b2317903ea4d17f6319dd1968f7bb20a.jpg,b2317903ea4d17f6319dd1968f7bb20a
7134,datasets/cat_10k/images/b23702ebe0dc0bbabffd5e00dd0216f2.jpg,b23702ebe0dc0bbabffd5e00dd0216f2
7135,datasets/cat_10k/images/b237da63d5a02b69400014d1616d67bd.jpg,b237da63d5a02b69400014d1616d67bd
7136,datasets/cat_10k/images/b23c63b835aaed5a242a9247a5ba68fc.jpg,b23c63b835aaed5a242a9247a5ba68fc
7137,datasets/cat_10k/images/b23dcd5326d6fe9f8b5dd1dec027238f.jpg,b23dcd5326d6fe9f8b5dd1dec027238f
7138,datasets/cat_10k/images/b2421759d696d1b942488801f7fd1a6e.jpg,b2421759d696d1b942488801f7fd1a6e
7139,datasets/cat_10k/images/b2452027bf19b8060207ee88b63525bf.jpg,b2452027bf19b8060207ee88b63525bf
7140,datasets/cat_10k/images/b247cf32c7a5ad3c2fad1201a6a0210c.jpg,b247cf32c7a5ad3c2fad1201a6a0210c
7141,datasets/cat_10k/images/b25b07f46d36bd5a6b9fa121c9040412.jpg,b25b07f46d36bd5a6b9fa121c9040412
7142,datasets/cat_10k/images/b2614250ade486a29c5fee1d4dab0a34.jpg,b2614250ade486a29c5fee1d4dab0a34
7143,datasets/cat_10k/images/b268337e7cb840c5d9cfa8f2b329adb1.jpg,b268337e7cb840c5d9cfa8f2b329adb1
7144,datasets/cat_10k/images/b273359768d367a16e481a411068f31e.jpg,b273359768d367a16e481a411068f31e
7145,datasets/cat_10k/images/b28a22e6f9bddd50681e4d53daf29a47.jpg,b28a22e6f9bddd50681e4d53daf29a47
7146,datasets/cat_10k/images/b28de5a0f694305ba705c337240774e1.jpg,b28de5a0f694305ba705c337240774e1
7147,datasets/cat_10k/images/b28ef5d36062b214e22ba92a8128d33c.jpg,b28ef5d36062b214e22ba92a8128d33c
7148,datasets/cat_10k/images/b2934a000c2200fc61b0586bdaf2d751.jpg,b2934a000c2200fc61b0586bdaf2d751
7149,datasets/cat_10k/images/b29a81e7fbcebb921c9a51a3acf0ada7.jpg,b29a81e7fbcebb921c9a51a3acf0ada7
7150,datasets/cat_10k/images/b2aeaaacdc99699c9b0579d0d98b02ed.jpg,b2aeaaacdc99699c9b0579d0d98b02ed
7151,datasets/cat_10k/images/b2b71c40c9bac6536b4e6da9e84ea4cc.jpg,b2b71c40c9bac6536b4e6da9e84ea4cc
7152,datasets/cat_10k/images/b2b81e719cab4835fe3a541d0398b154.jpg,b2b81e719cab4835fe3a541d0398b154
7153,datasets/cat_10k/images/b2bd069946793851e617449bd674504c.jpg,b2bd069946793851e617449bd674504c
7154,datasets/cat_10k/images/b2bfefbbba87f11c6c68058c1493d062.jpg,b2bfefbbba87f11c6c68058c1493d062
7155,datasets/cat_10k/images/b2c1ceb30c32a404e98a793cfb7c5f50.jpg,b2c1ceb30c32a404e98a793cfb7c5f50
7156,datasets/cat_10k/images/b2c47249e48fa1547353b190ce4a9057.jpg,b2c47249e48fa1547353b190ce4a9057
7157,datasets/cat_10k/images/b2c96fc248df107542861351ebf990d4.jpg,b2c96fc248df107542861351ebf990d4
7158,datasets/cat_10k/images/b2cabfdabdf17284ba1037d0a83adf9b.jpg,b2cabfdabdf17284ba1037d0a83adf9b
7159,datasets/cat_10k/images/b2cd1da57ac137ff3fb7a9a074822989.jpg,b2cd1da57ac137ff3fb7a9a074822989
7160,datasets/cat_10k/images/b2cf3fafbaf6359c66d996d31f1eadfc.jpg,b2cf3fafbaf6359c66d996d31f1eadfc
7161,datasets/cat_10k/images/b2e41ce790476bf228e1732935f6f553.jpg,b2e41ce790476bf228e1732935f6f553
7162,datasets/cat_10k/images/b2f7e1c5a24c669663dc7cb6b48f3ba5.jpg,b2f7e1c5a24c669663dc7cb6b48f3ba5
7163,datasets/cat_10k/images/b2fc0a620d855edee196bab6f6b20a5a.jpg,b2fc0a620d855edee196bab6f6b20a5a
7164,datasets/cat_10k/images/b306a72e117bb6358429941b8a968b3e.jpg,b306a72e117bb6358429941b8a968b3e
7165,datasets/cat_10k/images/b30e485a806d0f00de27e17fc152bc88.jpg,b30e485a806d0f00de27e17fc152bc88
7166,datasets/cat_10k/images/b316654a6ec92f2d71b5be85e14e93eb.jpg,b316654a6ec92f2d71b5be85e14e93eb
7167,datasets/cat_10k/images/b31a8ad49ff88eac7e5fc7894e644b70.jpg,b31a8ad49ff88eac7e5fc7894e644b70
7168,datasets/cat_10k/images/b32d052914a21f90a1aa6d435f12b9c9.jpg,b32d052914a21f90a1aa6d435f12b9c9
7169,datasets/cat_10k/images/b336e8483b0dd4f55d6d79df29cd390d.jpg,b336e8483b0dd4f55d6d79df29cd390d
7170,datasets/cat_10k/images/b33ed554920163856b9110464d694153.jpg,b33ed554920163856b9110464d694153
7171,datasets/cat_10k/images/b33fc672954209991445a2565c9c60ca.jpg,b33fc672954209991445a2565c9c60ca
7172,datasets/cat_10k/images/b3404307d55190daca125d8e52b057aa.jpg,b3404307d55190daca125d8e52b057aa
7173,datasets/cat_10k/images/b360aeb650ee4b2088405c4047f0b5f3.jpg,b360aeb650ee4b2088405c4047f0b5f3
7174,datasets/cat_10k/images/b3757b463d5dc791e8f9b86a4a010d54.jpg,b3757b463d5dc791e8f9b86a4a010d54
7175,datasets/cat_10k/images/b381bced6530d474aefd22e4ff9dbb3c.jpg,b381bced6530d474aefd22e4ff9dbb3c
7176,datasets/cat_10k/images/b381ce25c14275f0f8962319e84f5110.jpg,b381ce25c14275f0f8962319e84f5110
7177,datasets/cat_10k/images/b38e9e5a9624d31d17cdac6e20a82035.jpg,b38e9e5a9624d31d17cdac6e20a82035
7178,datasets/cat_10k/images/b3937616a5145d8387976dd180a6d07a.jpg,b3937616a5145d8387976dd180a6d07a
7179,datasets/cat_10k/images/b393afd5a293fc07758d7f1f372d3c00.jpg,b393afd5a293fc07758d7f1f372d3c00
7180,datasets/cat_10k/images/b39713be42c0c80fb2659cc96a9501a3.jpg,b39713be42c0c80fb2659cc96a9501a3
7181,datasets/cat_10k/images/b3975b27c726ef91e2a713625e8e2525.jpg,b3975b27c726ef91e2a713625e8e2525
7182,datasets/cat_10k/images/b39c27dfa2722fb5ab39738e56249cb1.jpg,b39c27dfa2722fb5ab39738e56249cb1
7183,datasets/cat_10k/images/b39fdd288ec83cb607f31e958b92f5d1.jpg,b39fdd288ec83cb607f31e958b92f5d1
7184,datasets/cat_10k/images/b3bc7d0d24720ec1c5835aa6652894f5.jpg,b3bc7d0d24720ec1c5835aa6652894f5
7185,datasets/cat_10k/images/b3bfc4794ae23d897d06776f5eeeaf7a.jpg,b3bfc4794ae23d897d06776f5eeeaf7a
7186,datasets/cat_10k/images/b3bfdda890454ba9821ecae56d97db7f.jpg,b3bfdda890454ba9821ecae56d97db7f
7187,datasets/cat_10k/images/b3c7d262a58b0ea8c15512b52afe1606.jpg,b3c7d262a58b0ea8c15512b52afe1606
7188,datasets/cat_10k/images/b3cd6f918c36951a7e8679f6d78b7da3.jpg,b3cd6f918c36951a7e8679f6d78b7da3
7189,datasets/cat_10k/images/b3d4e1049046e095725637a91fa9f1d9.jpg,b3d4e1049046e095725637a91fa9f1d9
7190,datasets/cat_10k/images/b3d579e7dfd98dd31b141ab1d3a20c0e.jpg,b3d579e7dfd98dd31b141ab1d3a20c0e
7191,datasets/cat_10k/images/b3de395dae0ec655285548afd3404a05.jpg,b3de395dae0ec655285548afd3404a05
7192,datasets/cat_10k/images/b3e0c51713f2b3ce1a9952e8b6290208.jpg,b3e0c51713f2b3ce1a9952e8b6290208
7193,datasets/cat_10k/images/b3e3fecbf59bfeade4874e259a937601.jpg,b3e3fecbf59bfeade4874e259a937601
7194,datasets/cat_10k/images/b3e5bfef10882d53a2cd328bfa65106f.jpg,b3e5bfef10882d53a2cd328bfa65106f
7195,datasets/cat_10k/images/b40ab5f6917d925ee30838c0526dc262.jpg,b40ab5f6917d925ee30838c0526dc262
7196,datasets/cat_10k/images/b40e013677367dfe54370d6dca50c20f.jpg,b40e013677367dfe54370d6dca50c20f
7197,datasets/cat_10k/images/b420b907d4107d1c030fe09a65497c72.jpg,b420b907d4107d1c030fe09a65497c72
7198,datasets/cat_10k/images/b422d1fc6e627f3362bc8fc92369bcc1.jpg,b422d1fc6e627f3362bc8fc92369bcc1
7199,datasets/cat_10k/images/b43894ce7de625ef39d07b36cb10730e.jpg,b43894ce7de625ef39d07b36cb10730e
7200,datasets/cat_10k/images/b43b8114a60011f99bbeaf70fddb178e.jpg,b43b8114a60011f99bbeaf70fddb178e
7201,datasets/cat_10k/images/b43e2d5626655f3f821c6fe9b0e9d6c1.jpg,b43e2d5626655f3f821c6fe9b0e9d6c1
7202,datasets/cat_10k/images/b43e9971f558682f7b1389669b69aa41.jpg,b43e9971f558682f7b1389669b69aa41
7203,datasets/cat_10k/images/b4429da1b2ddbf776663ddfd68d16f09.jpg,b4429da1b2ddbf776663ddfd68d16f09
7204,datasets/cat_10k/images/b44a0d875523d09d6687509bda07ee65.jpg,b44a0d875523d09d6687509bda07ee65
7205,datasets/cat_10k/images/b44adf5555ca86357012089b26157493.jpg,b44adf5555ca86357012089b26157493
7206,datasets/cat_10k/images/b44c7dab7891b851da95aa70bf594263.jpg,b44c7dab7891b851da95aa70bf594263
7207,datasets/cat_10k/images/b45c251d675d8f099b394f1b8becfa19.jpg,b45c251d675d8f099b394f1b8becfa19
7208,datasets/cat_10k/images/b46366736560c060bc3eeacdad5aac7f.jpg,b46366736560c060bc3eeacdad5aac7f
7209,datasets/cat_10k/images/b46d29f806e4a378f38b57acc65f8599.jpg,b46d29f806e4a378f38b57acc65f8599
7210,datasets/cat_10k/images/b46f23753849a7f07365089d7703455c.jpg,b46f23753849a7f07365089d7703455c
7211,datasets/cat_10k/images/b47765be09ab2901101d9ca124e8fd4a.jpg,b47765be09ab2901101d9ca124e8fd4a
7212,datasets/cat_10k/images/b482c61869b716ee68179250c2fb1447.jpg,b482c61869b716ee68179250c2fb1447
7213,datasets/cat_10k/images/b48bc8081ae8276ec5f91d90532925b0.jpg,b48bc8081ae8276ec5f91d90532925b0
7214,datasets/cat_10k/images/b4902cb53d097ff97490e94a73af826a.jpg,b4902cb53d097ff97490e94a73af826a
7215,datasets/cat_10k/images/b490cb52cf5625c85f61ad56462ad3be.jpg,b490cb52cf5625c85f61ad56462ad3be
7216,datasets/cat_10k/images/b49314f26adf6f34385007b12b6d8406.jpg,b49314f26adf6f34385007b12b6d8406
7217,datasets/cat_10k/images/b495f3ac1754c0dfbf9a6eec551f129b.jpg,b495f3ac1754c0dfbf9a6eec551f129b
7218,datasets/cat_10k/images/b4aabfdab84e0fa9ee7e1c5c5787f6c6.jpg,b4aabfdab84e0fa9ee7e1c5c5787f6c6
7219,datasets/cat_10k/images/b4ad15e23a7a2ca385ea373a0d2f2548.jpg,b4ad15e23a7a2ca385ea373a0d2f2548
7220,datasets/cat_10k/images/b4b12701d2c72d0e56d293d218f2ce70.jpg,b4b12701d2c72d0e56d293d218f2ce70
7221,datasets/cat_10k/images/b4b69ec031d9a37cf6d62efbce16d34d.jpg,b4b69ec031d9a37cf6d62efbce16d34d
7222,datasets/cat_10k/images/b4bb0d095ac3a98a9b1e25e53a44d9d9.jpg,b4bb0d095ac3a98a9b1e25e53a44d9d9
7223,datasets/cat_10k/images/b4c0353d0a60fc201521ef982984d448.jpg,b4c0353d0a60fc201521ef982984d448
7224,datasets/cat_10k/images/b4c10c1b9a0eb8938eb5abedaebabe8e.jpg,b4c10c1b9a0eb8938eb5abedaebabe8e
7225,datasets/cat_10k/images/b4ca949b88b4b7bfc0ddecd0630c6103.jpg,b4ca949b88b4b7bfc0ddecd0630c6103
7226,datasets/cat_10k/images/b4caf8776bba88450a6a0bec7a275a94.jpg,b4caf8776bba88450a6a0bec7a275a94
7227,datasets/cat_10k/images/b4ceb90b94465c47288e56c571cb12fb.jpg,b4ceb90b94465c47288e56c571cb12fb
7228,datasets/cat_10k/images/b4cfa3993cca4ad75d6c35bde7284e17.jpg,b4cfa3993cca4ad75d6c35bde7284e17
7229,datasets/cat_10k/images/b4d4be2f12052532347e8b7ca8a6e39d.jpg,b4d4be2f12052532347e8b7ca8a6e39d
7230,datasets/cat_10k/images/b4d4ca662783f3f6e144843bbc5b0db0.jpg,b4d4ca662783f3f6e144843bbc5b0db0
7231,datasets/cat_10k/images/b4d571c61fc7b069e52e5718e1145e14.jpg,b4d571c61fc7b069e52e5718e1145e14
7232,datasets/cat_10k/images/b4d96cabf094a56d23307dd4b5c6146c.jpg,b4d96cabf094a56d23307dd4b5c6146c
7233,datasets/cat_10k/images/b4e35d23ed27e27622c05b3b7c545975.jpg,b4e35d23ed27e27622c05b3b7c545975
7234,datasets/cat_10k/images/b4f4baaaac389d02544b7307078c0757.jpg,b4f4baaaac389d02544b7307078c0757
7235,datasets/cat_10k/images/b4fc78636410d793713dd6e2b1b94eee.jpg,b4fc78636410d793713dd6e2b1b94eee
7236,datasets/cat_10k/images/b501999749deb2de55acf202140cf86a.jpg,b501999749deb2de55acf202140cf86a
7237,datasets/cat_10k/images/b5181f499ae884f8c1b91b3505f7922c.jpg,b5181f499ae884f8c1b91b3505f7922c
7238,datasets/cat_10k/images/b51857c0931997257a6701b340bef7d8.jpg,b51857c0931997257a6701b340bef7d8
7239,datasets/cat_10k/images/b51d56164372b71ce518a35c70c9a757.jpg,b51d56164372b71ce518a35c70c9a757
7240,datasets/cat_10k/images/b5211ebab1d74308a4102cce3ea730b1.jpg,b5211ebab1d74308a4102cce3ea730b1
7241,datasets/cat_10k/images/b528568f5dc1b9960780200d65eb16cc.jpg,b528568f5dc1b9960780200d65eb16cc
7242,datasets/cat_10k/images/b52bd36bbf5cd70925bf9cb2af9d9bf0.jpg,b52bd36bbf5cd70925bf9cb2af9d9bf0
7243,datasets/cat_10k/images/b53148be48ee59699c4bd43a3fbc4bf9.jpg,b53148be48ee59699c4bd43a3fbc4bf9
7244,datasets/cat_10k/images/b531817145171e4cd87b80ebaa7d38fb.jpg,b531817145171e4cd87b80ebaa7d38fb
7245,datasets/cat_10k/images/b53c33c91d1686e426d3576df2d16f13.jpg,b53c33c91d1686e426d3576df2d16f13
7246,datasets/cat_10k/images/b541cbc77b4f4332870f829d0929cbbc.jpg,b541cbc77b4f4332870f829d0929cbbc
7247,datasets/cat_10k/images/b54a04528c385775aef61f05fe7af23f.jpg,b54a04528c385775aef61f05fe7af23f
7248,datasets/cat_10k/images/b54d1e1cf1ef9e994a742467c3a43d91.jpg,b54d1e1cf1ef9e994a742467c3a43d91
7249,datasets/cat_10k/images/b553fb4e313d73834425c7126067a9a7.jpg,b553fb4e313d73834425c7126067a9a7
7250,datasets/cat_10k/images/b55c14577cb5cd2f5e7c8ff6bcd0ac95.jpg,b55c14577cb5cd2f5e7c8ff6bcd0ac95
7251,datasets/cat_10k/images/b55d4d5ed45aa22c1becbc36ed3d0a4a.jpg,b55d4d5ed45aa22c1becbc36ed3d0a4a
7252,datasets/cat_10k/images/b5615378b11d1c5deb17289053edf3a4.jpg,b5615378b11d1c5deb17289053edf3a4
7253,datasets/cat_10k/images/b56189870ea171b97b1bf4e693bfd01b.jpg,b56189870ea171b97b1bf4e693bfd01b
7254,datasets/cat_10k/images/b57c53ffe74c82d00ed96a03b53f2b85.jpg,b57c53ffe74c82d00ed96a03b53f2b85
7255,datasets/cat_10k/images/b581c9c581489a4632617848e4fa7675.jpg,b581c9c581489a4632617848e4fa7675
7256,datasets/cat_10k/images/b581e7388ca9aa8fedf62c6ee93e54cb.jpg,b581e7388ca9aa8fedf62c6ee93e54cb
7257,datasets/cat_10k/images/b583be4e7bffe43e0dea1c6c28485f96.jpg,b583be4e7bffe43e0dea1c6c28485f96
7258,datasets/cat_10k/images/b583e23f90814e4ce6159ffc03576613.jpg,b583e23f90814e4ce6159ffc03576613
7259,datasets/cat_10k/images/b58d240fd593154935296b18b239c84c.jpg,b58d240fd593154935296b18b239c84c
7260,datasets/cat_10k/images/b5a10eeba97a27c0f9070a85421754ce.jpg,b5a10eeba97a27c0f9070a85421754ce
7261,datasets/cat_10k/images/b5a4d630b34dbcff896400a03a5e1572.jpg,b5a4d630b34dbcff896400a03a5e1572
7262,datasets/cat_10k/images/b5a80d7102c8489665223fce0203e4cc.jpg,b5a80d7102c8489665223fce0203e4cc
7263,datasets/cat_10k/images/b5b15ee1a12df289486b178a4ba50f16.jpg,b5b15ee1a12df289486b178a4ba50f16
7264,datasets/cat_10k/images/b5d2d3d6d72a9e130496b52a80e748c6.jpg,b5d2d3d6d72a9e130496b52a80e748c6
7265,datasets/cat_10k/images/b5d4d2291e20e9b540b2029325a46a31.jpg,b5d4d2291e20e9b540b2029325a46a31
7266,datasets/cat_10k/images/b5dbb189da77bc1d8d2e6850157a587c.jpg,b5dbb189da77bc1d8d2e6850157a587c
7267,datasets/cat_10k/images/b5e1a2684c58ebe24949129b6c4dbc10.jpg,b5e1a2684c58ebe24949129b6c4dbc10
7268,datasets/cat_10k/images/b5e2cd1c001133b40dcf8b94322facd2.jpg,b5e2cd1c001133b40dcf8b94322facd2
7269,datasets/cat_10k/images/b5e45ecd438c91fb7e1a4943591329d4.jpg,b5e45ecd438c91fb7e1a4943591329d4
7270,datasets/cat_10k/images/b5edc3031d6e26c3f5e0900d847f6c9b.jpg,b5edc3031d6e26c3f5e0900d847f6c9b
7271,datasets/cat_10k/images/b5f685e501f60e46f498a03b0d33ccd7.jpg,b5f685e501f60e46f498a03b0d33ccd7
7272,datasets/cat_10k/images/b5f8926083a78e89b3b1ce05898ad719.jpg,b5f8926083a78e89b3b1ce05898ad719
7273,datasets/cat_10k/images/b61e5d8f72e6b347579252097a505293.jpg,b61e5d8f72e6b347579252097a505293
7274,datasets/cat_10k/images/b61e9f8462ea6a62d71b8f41d131ea90.jpg,b61e9f8462ea6a62d71b8f41d131ea90
7275,datasets/cat_10k/images/b622eb8bc2b908253088f5baf53fcaa5.jpg,b622eb8bc2b908253088f5baf53fcaa5
7276,datasets/cat_10k/images/b6325cb506aecf6a88120ecbe6c36cc6.jpg,b6325cb506aecf6a88120ecbe6c36cc6
7277,datasets/cat_10k/images/b63285115254d2c337571a6e0eea6b5a.jpg,b63285115254d2c337571a6e0eea6b5a
7278,datasets/cat_10k/images/b638d983a1f2459573ddb262db3ee0bc.jpg,b638d983a1f2459573ddb262db3ee0bc
7279,datasets/cat_10k/images/b643974b66aede7274173078e0abe2d9.jpg,b643974b66aede7274173078e0abe2d9
7280,datasets/cat_10k/images/b64f32e7285c99dd0352bda43c9efd36.jpg,b64f32e7285c99dd0352bda43c9efd36
7281,datasets/cat_10k/images/b653e685e329bd2a0472e64d040f9ae3.jpg,b653e685e329bd2a0472e64d040f9ae3
7282,datasets/cat_10k/images/b6554a6453ee40f492fae05f8533eafb.jpg,b6554a6453ee40f492fae05f8533eafb
7283,datasets/cat_10k/images/b6564f8a2db168764297f382a516e90a.jpg,b6564f8a2db168764297f382a516e90a
7284,datasets/cat_10k/images/b657d9974db984491b4b33acd8645313.jpg,b657d9974db984491b4b33acd8645313
7285,datasets/cat_10k/images/b65e39edeac33d195ed37a438326b2a1.jpg,b65e39edeac33d195ed37a438326b2a1
7286,datasets/cat_10k/images/b6641ba1607a334b5367c4bdffb2f585.jpg,b6641ba1607a334b5367c4bdffb2f585
7287,datasets/cat_10k/images/b66442f4d01a57002cf2fdda98dc4a60.jpg,b66442f4d01a57002cf2fdda98dc4a60
7288,datasets/cat_10k/images/b6653556f4f2434bf717d252cf9c61ba.jpg,b6653556f4f2434bf717d252cf9c61ba
7289,datasets/cat_10k/images/b683b1018debc8479a713267fbd3d7aa.jpg,b683b1018debc8479a713267fbd3d7aa
7290,datasets/cat_10k/images/b69209fc044dae0abc3220f690be7eb0.jpg,b69209fc044dae0abc3220f690be7eb0
7291,datasets/cat_10k/images/b6c4106165e2c9337a3ec7e53458ac04.jpg,b6c4106165e2c9337a3ec7e53458ac04
7292,datasets/cat_10k/images/b6c482b69ccbf43cb7ae7c98715c804f.jpg,b6c482b69ccbf43cb7ae7c98715c804f
7293,datasets/cat_10k/images/b6c9012278682a69c13bb54da9f0e93a.jpg,b6c9012278682a69c13bb54da9f0e93a
7294,datasets/cat_10k/images/b6cb2cf350f07d9cc1ea383a002f8da7.jpg,b6cb2cf350f07d9cc1ea383a002f8da7
7295,datasets/cat_10k/images/b6d51b5b96d566defd3a51639571e6e7.jpg,b6d51b5b96d566defd3a51639571e6e7
7296,datasets/cat_10k/images/b6d51ebbbd75b4f36712279ba894d873.jpg,b6d51ebbbd75b4f36712279ba894d873
7297,datasets/cat_10k/images/b6e67464968cc402a52871c746f2ca5d.jpg,b6e67464968cc402a52871c746f2ca5d
7298,datasets/cat_10k/images/b6e720d14532f91b1a9b19793b70355f.jpg,b6e720d14532f91b1a9b19793b70355f
7299,datasets/cat_10k/images/b6f31a88b921ce7d8d9b4d667c691239.jpg,b6f31a88b921ce7d8d9b4d667c691239
7300,datasets/cat_10k/images/b6fd5829cd8e5a75451f401e36dac075.jpg,b6fd5829cd8e5a75451f401e36dac075
7301,datasets/cat_10k/images/b700341a5b0e7b00700b84057233d0af.jpg,b700341a5b0e7b00700b84057233d0af
7302,datasets/cat_10k/images/b706fd1a0f7b2a338038065d211b8efc.jpg,b706fd1a0f7b2a338038065d211b8efc
7303,datasets/cat_10k/images/b7087ac67e35b229fcb59bcc8cd7f5ed.jpg,b7087ac67e35b229fcb59bcc8cd7f5ed
7304,datasets/cat_10k/images/b70d25c2fe47c6a6a8cc02bdb8bc0454.jpg,b70d25c2fe47c6a6a8cc02bdb8bc0454
7305,datasets/cat_10k/images/b72c243a787220ad0ae1c063023dc2b6.jpg,b72c243a787220ad0ae1c063023dc2b6
7306,datasets/cat_10k/images/b72e3e5a69ca650fa122356a8bdd923c.jpg,b72e3e5a69ca650fa122356a8bdd923c
7307,datasets/cat_10k/images/b73d849e7135b64e95f7893e4be3106f.jpg,b73d849e7135b64e95f7893e4be3106f
7308,datasets/cat_10k/images/b73fdc90fc95be6043389d56fd748d0a.jpg,b73fdc90fc95be6043389d56fd748d0a
7309,datasets/cat_10k/images/b747e7a93c46b51d099ea0287584e772.jpg,b747e7a93c46b51d099ea0287584e772
7310,datasets/cat_10k/images/b75abdb26870ed006d02361ad33cc134.jpg,b75abdb26870ed006d02361ad33cc134
7311,datasets/cat_10k/images/b78ba1dfe853281eb117079e38a8b34d.jpg,b78ba1dfe853281eb117079e38a8b34d
7312,datasets/cat_10k/images/b78fa8e7ae168523bcfa707807221323.jpg,b78fa8e7ae168523bcfa707807221323
7313,datasets/cat_10k/images/b79a2c8b3b0c37f0d07cd18fc6c60c92.jpg,b79a2c8b3b0c37f0d07cd18fc6c60c92
7314,datasets/cat_10k/images/b7a2cb02ae3da8a1aab33d9b46481675.jpg,b7a2cb02ae3da8a1aab33d9b46481675
7315,datasets/cat_10k/images/b7a3261c300235731e69ef7573c28097.jpg,b7a3261c300235731e69ef7573c28097
7316,datasets/cat_10k/images/b7b2eee15e04c5a9fc284b25a80eef5e.jpg,b7b2eee15e04c5a9fc284b25a80eef5e
7317,datasets/cat_10k/images/b7bb419f452147f2456dd53f4cd18ad7.jpg,b7bb419f452147f2456dd53f4cd18ad7
7318,datasets/cat_10k/images/b7be9ac4b0d529a947d825a497631ed8.jpg,b7be9ac4b0d529a947d825a497631ed8
7319,datasets/cat_10k/images/b7c692ed3931a8767843beb57e8fa5a9.jpg,b7c692ed3931a8767843beb57e8fa5a9
7320,datasets/cat_10k/images/b7c78ef01638d6c76e5abb98d26566c5.jpg,b7c78ef01638d6c76e5abb98d26566c5
7321,datasets/cat_10k/images/b7c89f7c3fe47a620d4e0b75b85a6531.jpg,b7c89f7c3fe47a620d4e0b75b85a6531
7322,datasets/cat_10k/images/b7cd764b322319582bf3564e4438802f.jpg,b7cd764b322319582bf3564e4438802f
7323,datasets/cat_10k/images/b7d94fcecb8e3fb8d3fe3e08bf9c2c2a.jpg,b7d94fcecb8e3fb8d3fe3e08bf9c2c2a
7324,datasets/cat_10k/images/b7d9dd7c21aa5a22a464b680315d8f55.jpg,b7d9dd7c21aa5a22a464b680315d8f55
7325,datasets/cat_10k/images/b7e5154482da6bf3d179a45fbabb125f.jpg,b7e5154482da6bf3d179a45fbabb125f
7326,datasets/cat_10k/images/b7eb1058e4aa6e0f11d7358ae207c2d2.jpg,b7eb1058e4aa6e0f11d7358ae207c2d2
7327,datasets/cat_10k/images/b7f2966d0986f86e1a8aa25d9e5e0fcc.jpg,b7f2966d0986f86e1a8aa25d9e5e0fcc
7328,datasets/cat_10k/images/b7f2e0be32640a8154a80fb62ee9d285.jpg,b7f2e0be32640a8154a80fb62ee9d285
7329,datasets/cat_10k/images/b7ff35ce8d6e087e25b6ab1efc619614.jpg,b7ff35ce8d6e087e25b6ab1efc619614
7330,datasets/cat_10k/images/b8024e7dc223f8c7e6a98e1da436c2bd.jpg,b8024e7dc223f8c7e6a98e1da436c2bd
7331,datasets/cat_10k/images/b8104c133db934fa41aaaad26ccfd64a.jpg,b8104c133db934fa41aaaad26ccfd64a
7332,datasets/cat_10k/images/b814a2912848004cc85526f4a9affbb9.jpg,b814a2912848004cc85526f4a9affbb9
7333,datasets/cat_10k/images/b825c6ab5d58ae9eb9c9bb4e8bbd370d.jpg,b825c6ab5d58ae9eb9c9bb4e8bbd370d
7334,datasets/cat_10k/images/b84ff89fe971f8a84023eeae59f1ee0d.jpg,b84ff89fe971f8a84023eeae59f1ee0d
7335,datasets/cat_10k/images/b857ff022c315c6705dc581026497691.jpg,b857ff022c315c6705dc581026497691
7336,datasets/cat_10k/images/b85b36f790cb112236122f33a212ba2a.jpg,b85b36f790cb112236122f33a212ba2a
7337,datasets/cat_10k/images/b86dc21f114ffbe41bc8bac85d1d2aec.jpg,b86dc21f114ffbe41bc8bac85d1d2aec
7338,datasets/cat_10k/images/b86e0319ff00854dd93758b632346272.jpg,b86e0319ff00854dd93758b632346272
7339,datasets/cat_10k/images/b878fad2c9000c4def6f9f4a7ad21414.jpg,b878fad2c9000c4def6f9f4a7ad21414
7340,datasets/cat_10k/images/b87c79822df154aeb5b425844b99d3c1.jpg,b87c79822df154aeb5b425844b99d3c1
7341,datasets/cat_10k/images/b87d734480029b8b9cc60656971f1b30.jpg,b87d734480029b8b9cc60656971f1b30
7342,datasets/cat_10k/images/b88372f759edc244937a66e6b3541d91.jpg,b88372f759edc244937a66e6b3541d91
7343,datasets/cat_10k/images/b883b2215c682a7b30d9c94480054c65.jpg,b883b2215c682a7b30d9c94480054c65
7344,datasets/cat_10k/images/b895de0e9f25ba96d3027d83ee316b34.jpg,b895de0e9f25ba96d3027d83ee316b34
7345,datasets/cat_10k/images/b89819f1b1bcbf21db910c10cd9054c2.jpg,b89819f1b1bcbf21db910c10cd9054c2
7346,datasets/cat_10k/images/b89e221cca934c6e4a3c78747b1a477b.jpg,b89e221cca934c6e4a3c78747b1a477b
7347,datasets/cat_10k/images/b8a0c877ad0deaabb5d907d039ec5e00.jpg,b8a0c877ad0deaabb5d907d039ec5e00
7348,datasets/cat_10k/images/b8a25fd871461290efad9e67e101fc21.jpg,b8a25fd871461290efad9e67e101fc21
7349,datasets/cat_10k/images/b8a51b25c70712cb0bfb8d0e1a5745f3.jpg,b8a51b25c70712cb0bfb8d0e1a5745f3
7350,datasets/cat_10k/images/b8ad344dab8911cb833f01cd98c9e0f7.jpg,b8ad344dab8911cb833f01cd98c9e0f7
7351,datasets/cat_10k/images/b8b231eb58a85a06e255d4d4829ecf47.jpg,b8b231eb58a85a06e255d4d4829ecf47
7352,datasets/cat_10k/images/b8baadb6ec9ee79cf1605dfe43d573af.jpg,b8baadb6ec9ee79cf1605dfe43d573af
7353,datasets/cat_10k/images/b8d635ee7fd6ab44079a7b1be67890b0.jpg,b8d635ee7fd6ab44079a7b1be67890b0
7354,datasets/cat_10k/images/b8da507cec44b49a778c9faf4cea6cd0.jpg,b8da507cec44b49a778c9faf4cea6cd0
7355,datasets/cat_10k/images/b8df013e3859d7470f7aea8ab360b134.jpg,b8df013e3859d7470f7aea8ab360b134
7356,datasets/cat_10k/images/b8e7685972841dcb7e877fb23a2687bd.jpg,b8e7685972841dcb7e877fb23a2687bd
7357,datasets/cat_10k/images/b8eac2511ef2de134c3b09bbfe49c4f7.jpg,b8eac2511ef2de134c3b09bbfe49c4f7
7358,datasets/cat_10k/images/b8ec1dbcb6e37c16e901ea970e899e60.jpg,b8ec1dbcb6e37c16e901ea970e899e60
7359,datasets/cat_10k/images/b8f7b7fe68e161ff1cb5bb49da5d31fb.jpg,b8f7b7fe68e161ff1cb5bb49da5d31fb
7360,datasets/cat_10k/images/b8f8adb908920180e3ba8b9bb66e8166.jpg,b8f8adb908920180e3ba8b9bb66e8166
7361,datasets/cat_10k/images/b8ff8b74846bb250250d4772c4626085.jpg,b8ff8b74846bb250250d4772c4626085
7362,datasets/cat_10k/images/b90508055e4b9263ed4307a84eb37db7.jpg,b90508055e4b9263ed4307a84eb37db7
7363,datasets/cat_10k/images/b91095be7403be4f07149ad2a12b3372.jpg,b91095be7403be4f07149ad2a12b3372
7364,datasets/cat_10k/images/b912f1e594d9d7344fea869c147d8be9.jpg,b912f1e594d9d7344fea869c147d8be9
7365,datasets/cat_10k/images/b92b4a12bd2fa05419435a346c9747b0.jpg,b92b4a12bd2fa05419435a346c9747b0
7366,datasets/cat_10k/images/b92e32c9c693c04eece5ed0109615950.jpg,b92e32c9c693c04eece5ed0109615950
7367,datasets/cat_10k/images/b93526f30067c59e382b26c2ff494186.jpg,b93526f30067c59e382b26c2ff494186
7368,datasets/cat_10k/images/b93ecfde8ace1c0192f0d6abd4ada09a.jpg,b93ecfde8ace1c0192f0d6abd4ada09a
7369,datasets/cat_10k/images/b95935b0fafb974ed99311c2dd79eec9.jpg,b95935b0fafb974ed99311c2dd79eec9
7370,datasets/cat_10k/images/b959791e5cd12a7a2e0479ea15fe16c1.jpg,b959791e5cd12a7a2e0479ea15fe16c1
7371,datasets/cat_10k/images/b95a9924d6bdf554610a06c5cd30ed1e.jpg,b95a9924d6bdf554610a06c5cd30ed1e
7372,datasets/cat_10k/images/b95d2c551b29c7c97072adcc69c149e6.jpg,b95d2c551b29c7c97072adcc69c149e6
7373,datasets/cat_10k/images/b9615af8869a6236773f7392d3d60cca.jpg,b9615af8869a6236773f7392d3d60cca
7374,datasets/cat_10k/images/b96cc87325933c3636a9a83a8796932e.jpg,b96cc87325933c3636a9a83a8796932e
7375,datasets/cat_10k/images/b96d6d309f7fd56d08a4accbed544075.jpg,b96d6d309f7fd56d08a4accbed544075
7376,datasets/cat_10k/images/b96ecad6a256f0cbe07f03564ac55a54.jpg,b96ecad6a256f0cbe07f03564ac55a54
7377,datasets/cat_10k/images/b96f4d978fd2715f333b23e2bb677760.jpg,b96f4d978fd2715f333b23e2bb677760
7378,datasets/cat_10k/images/b97201d6b97d99b02b561e4c72f0a463.jpg,b97201d6b97d99b02b561e4c72f0a463
7379,datasets/cat_10k/images/b978ab85e4ba5d0a86f0bc3a139689a7.jpg,b978ab85e4ba5d0a86f0bc3a139689a7
7380,datasets/cat_10k/images/b97ae831fb15e871c51869e6fffa473c.jpg,b97ae831fb15e871c51869e6fffa473c
7381,datasets/cat_10k/images/b97c70dc5a5c36adfed5dfc61597450c.jpg,b97c70dc5a5c36adfed5dfc61597450c
7382,datasets/cat_10k/images/b97fe543990b67f9adff5cedce61185f.jpg,b97fe543990b67f9adff5cedce61185f
7383,datasets/cat_10k/images/b99095508bee43d4c2c6522d20ad2590.jpg,b99095508bee43d4c2c6522d20ad2590
7384,datasets/cat_10k/images/b99195ef729525311f12d494cfab3d2d.jpg,b99195ef729525311f12d494cfab3d2d
7385,datasets/cat_10k/images/b996778b317b9b90624f6a4a131480c2.jpg,b996778b317b9b90624f6a4a131480c2
7386,datasets/cat_10k/images/b99a48c633a67c0aeb066a3885decab6.jpg,b99a48c633a67c0aeb066a3885decab6
7387,datasets/cat_10k/images/b99cedb6daa312daed60180bedfa744d.jpg,b99cedb6daa312daed60180bedfa744d
7388,datasets/cat_10k/images/b99d9bd07c1c12bd766d309c931d2240.jpg,b99d9bd07c1c12bd766d309c931d2240
7389,datasets/cat_10k/images/b9a2e5f35d6058a79661e85b6ac7c6df.jpg,b9a2e5f35d6058a79661e85b6ac7c6df
7390,datasets/cat_10k/images/b9ade4348510366b3e7170ebf061f842.jpg,b9ade4348510366b3e7170ebf061f842
7391,datasets/cat_10k/images/b9ae034ada377eff2b0cab8f02869835.jpg,b9ae034ada377eff2b0cab8f02869835
7392,datasets/cat_10k/images/b9c8607aea9f2321550e2c75a1cfe474.jpg,b9c8607aea9f2321550e2c75a1cfe474
7393,datasets/cat_10k/images/b9c9fa898743cfbc1b2679788938b10d.jpg,b9c9fa898743cfbc1b2679788938b10d
7394,datasets/cat_10k/images/b9d6575a8a9ac4b7a1c2013029ad4ff3.jpg,b9d6575a8a9ac4b7a1c2013029ad4ff3
7395,datasets/cat_10k/images/b9d9459b4ec66e02abd2179f13b72290.jpg,b9d9459b4ec66e02abd2179f13b72290
7396,datasets/cat_10k/images/b9db4603519aa301e97ed11c305bf65c.jpg,b9db4603519aa301e97ed11c305bf65c
7397,datasets/cat_10k/images/b9edaf2ec6e3fd8514d5b1c845ab6211.jpg,b9edaf2ec6e3fd8514d5b1c845ab6211
7398,datasets/cat_10k/images/b9ee6ed249433aebc00efbd328d28422.jpg,b9ee6ed249433aebc00efbd328d28422
7399,datasets/cat_10k/images/b9f3addef2e5f097c0c5703835a2908f.jpg,b9f3addef2e5f097c0c5703835a2908f
7400,datasets/cat_10k/images/b9f55d30deb1447ed286396168379270.jpg,b9f55d30deb1447ed286396168379270
7401,datasets/cat_10k/images/b9f6c81d8250c9311f5cf4ea59eb4706.jpg,b9f6c81d8250c9311f5cf4ea59eb4706
7402,datasets/cat_10k/images/b9fbf4e85300dbd89d329c8f82386b0c.jpg,b9fbf4e85300dbd89d329c8f82386b0c
7403,datasets/cat_10k/images/b9fe29ce6c8b86816d7065e1900f2968.jpg,b9fe29ce6c8b86816d7065e1900f2968
7404,datasets/cat_10k/images/ba032ca4a6a76841ff6377f3ac8f319b.jpg,ba032ca4a6a76841ff6377f3ac8f319b
7405,datasets/cat_10k/images/ba0385b1c28542926c3fdfb3eae7782d.jpg,ba0385b1c28542926c3fdfb3eae7782d
7406,datasets/cat_10k/images/ba12f3085b026d9ef2bd4060d1c94b6e.jpg,ba12f3085b026d9ef2bd4060d1c94b6e
7407,datasets/cat_10k/images/ba19ec13aa6024f5dafbe05de916507b.jpg,ba19ec13aa6024f5dafbe05de916507b
7408,datasets/cat_10k/images/ba1aeb80bc14112dcb4736ad348c2a16.jpg,ba1aeb80bc14112dcb4736ad348c2a16
7409,datasets/cat_10k/images/ba1d7e3d022490b6fcff82725ba915ef.jpg,ba1d7e3d022490b6fcff82725ba915ef
7410,datasets/cat_10k/images/ba1ddb5cdf8e7aadb9785faf588529c1.jpg,ba1ddb5cdf8e7aadb9785faf588529c1
7411,datasets/cat_10k/images/ba201e58653044f5e7a32d4dd25e5e95.jpg,ba201e58653044f5e7a32d4dd25e5e95
7412,datasets/cat_10k/images/ba23d718429d41710aba3a38521df736.jpg,ba23d718429d41710aba3a38521df736
7413,datasets/cat_10k/images/ba25d1e3ab75e3977a1d9d9c565a3fb1.jpg,ba25d1e3ab75e3977a1d9d9c565a3fb1
7414,datasets/cat_10k/images/ba2c2d8b67084b8bd17a8f56725e3399.jpg,ba2c2d8b67084b8bd17a8f56725e3399
7415,datasets/cat_10k/images/ba2df3ad9ee5a04023368397b0224fa2.jpg,ba2df3ad9ee5a04023368397b0224fa2
7416,datasets/cat_10k/images/ba329126ad29e418e3c80ab228ed5f38.jpg,ba329126ad29e418e3c80ab228ed5f38
7417,datasets/cat_10k/images/ba36126546cc954652a27f8312fa6bf1.jpg,ba36126546cc954652a27f8312fa6bf1
7418,datasets/cat_10k/images/ba399930e0f0c960ad6941b82613a7a7.jpg,ba399930e0f0c960ad6941b82613a7a7
7419,datasets/cat_10k/images/ba3c3a7a4576a1002ea4baba0bc60b3b.jpg,ba3c3a7a4576a1002ea4baba0bc60b3b
7420,datasets/cat_10k/images/ba3ebe43524c957ec3b5298666759294.jpg,ba3ebe43524c957ec3b5298666759294
7421,datasets/cat_10k/images/ba5042f7ce5984eca5fa89461455f684.jpg,ba5042f7ce5984eca5fa89461455f684
7422,datasets/cat_10k/images/ba53e7955949777df142f2bbebd12200.jpg,ba53e7955949777df142f2bbebd12200
7423,datasets/cat_10k/images/ba5e2cbcda7c201301d9c293e56a6a01.jpg,ba5e2cbcda7c201301d9c293e56a6a01
7424,datasets/cat_10k/images/ba628b8eb5c4de91c4db717c94ad0ed0.jpg,ba628b8eb5c4de91c4db717c94ad0ed0
7425,datasets/cat_10k/images/ba725646482e42d33db4796bfdf572d9.jpg,ba725646482e42d33db4796bfdf572d9
7426,datasets/cat_10k/images/ba7d4f4f669ce5d6aec863205cb7ea34.jpg,ba7d4f4f669ce5d6aec863205cb7ea34
7427,datasets/cat_10k/images/ba8c234be767da56b099c894dddfce85.jpg,ba8c234be767da56b099c894dddfce85
7428,datasets/cat_10k/images/baa7a384774d7ede3a88c146c32baa0e.jpg,baa7a384774d7ede3a88c146c32baa0e
7429,datasets/cat_10k/images/bab1b66223e95d7c24d3da889bba6b35.jpg,bab1b66223e95d7c24d3da889bba6b35
7430,datasets/cat_10k/images/bac130faef1e024e6899012760670c40.jpg,bac130faef1e024e6899012760670c40
7431,datasets/cat_10k/images/bacc1261ab8214cedebbf7c4086edf75.jpg,bacc1261ab8214cedebbf7c4086edf75
7432,datasets/cat_10k/images/bacdc24db75cfb7c98039556e399af5f.jpg,bacdc24db75cfb7c98039556e399af5f
7433,datasets/cat_10k/images/bad10feca7b9751abd81ab648b2025f4.jpg,bad10feca7b9751abd81ab648b2025f4
7434,datasets/cat_10k/images/bad7e4526a1a19fdb568f3c13e0fb1c2.jpg,bad7e4526a1a19fdb568f3c13e0fb1c2
7435,datasets/cat_10k/images/bae80f80ca3b740e06421fadbd5ebf61.jpg,bae80f80ca3b740e06421fadbd5ebf61
7436,datasets/cat_10k/images/baee6246c872c9d5e3a69853ad046f5a.jpg,baee6246c872c9d5e3a69853ad046f5a
7437,datasets/cat_10k/images/baf06edbec590afd1818330e0aaabd5c.jpg,baf06edbec590afd1818330e0aaabd5c
7438,datasets/cat_10k/images/baf691a90ae2a87917a615ba24db7218.jpg,baf691a90ae2a87917a615ba24db7218
7439,datasets/cat_10k/images/bb000c1d01e24706780561cb8e48c0df.jpg,bb000c1d01e24706780561cb8e48c0df
7440,datasets/cat_10k/images/bb0b4377d5420f90f3e61747d2b7fc4b.jpg,bb0b4377d5420f90f3e61747d2b7fc4b
7441,datasets/cat_10k/images/bb1374d44a2732218406a762dd208dea.jpg,bb1374d44a2732218406a762dd208dea
7442,datasets/cat_10k/images/bb219ac89c66c9e9b38575b66d900c21.jpg,bb219ac89c66c9e9b38575b66d900c21
7443,datasets/cat_10k/images/bb2488c25f13244604ae1062b81f6f59.jpg,bb2488c25f13244604ae1062b81f6f59
7444,datasets/cat_10k/images/bb24c3acdf543c12ec959e7d9a71856d.jpg,bb24c3acdf543c12ec959e7d9a71856d
7445,datasets/cat_10k/images/bb27ad0b69e6b8f78ff07455c78d4e70.jpg,bb27ad0b69e6b8f78ff07455c78d4e70
7446,datasets/cat_10k/images/bb2af9422a6c4b20d615cbac13c637a3.jpg,bb2af9422a6c4b20d615cbac13c637a3
7447,datasets/cat_10k/images/bb34d9331a03b4b60332ee9c9edea22a.jpg,bb34d9331a03b4b60332ee9c9edea22a
7448,datasets/cat_10k/images/bb43bf42d23d10737a39f13f7dfc9d98.jpg,bb43bf42d23d10737a39f13f7dfc9d98
7449,datasets/cat_10k/images/bb46190dd390946d8fc60a54674701ce.jpg,bb46190dd390946d8fc60a54674701ce
7450,datasets/cat_10k/images/bb498c1f1f0f43d9778f8685793dcdda.jpg,bb498c1f1f0f43d9778f8685793dcdda
7451,datasets/cat_10k/images/bb5556eb9b35049a0deba26b0fc57349.jpg,bb5556eb9b35049a0deba26b0fc57349
7452,datasets/cat_10k/images/bb562365dfff2bd5c8c65bd7351c2c98.jpg,bb562365dfff2bd5c8c65bd7351c2c98
7453,datasets/cat_10k/images/bb58f0e3acea3c3f7a98068164793f96.jpg,bb58f0e3acea3c3f7a98068164793f96
7454,datasets/cat_10k/images/bb626002856d084173809b82236ed616.jpg,bb626002856d084173809b82236ed616
7455,datasets/cat_10k/images/bb79d7530ac6ae54624f15a789ec2d37.jpg,bb79d7530ac6ae54624f15a789ec2d37
7456,datasets/cat_10k/images/bb7a9b23e6b9665f2cdf3d6eb9c55039.jpg,bb7a9b23e6b9665f2cdf3d6eb9c55039
7457,datasets/cat_10k/images/bb7f41cc02fd064c016b0ed3dd48abab.jpg,bb7f41cc02fd064c016b0ed3dd48abab
7458,datasets/cat_10k/images/bb8212c9cc8e7d72431f1e2c387a4511.jpg,bb8212c9cc8e7d72431f1e2c387a4511
7459,datasets/cat_10k/images/bb84b7e47ea0e2c0866bfd0babb74ce9.jpg,bb84b7e47ea0e2c0866bfd0babb74ce9
7460,datasets/cat_10k/images/bb86859c0bd76787bd0be97e4442990d.jpg,bb86859c0bd76787bd0be97e4442990d
7461,datasets/cat_10k/images/bb88a316101f3ec52e1584827f72df85.jpg,bb88a316101f3ec52e1584827f72df85
7462,datasets/cat_10k/images/bb92a74a1aeabd090bf64820307a1b1f.jpg,bb92a74a1aeabd090bf64820307a1b1f
7463,datasets/cat_10k/images/bb97ab530592db41dc0f0daf4ae839fb.jpg,bb97ab530592db41dc0f0daf4ae839fb
7464,datasets/cat_10k/images/bb9fe5b979aaa889f2d198218d38fb61.jpg,bb9fe5b979aaa889f2d198218d38fb61
7465,datasets/cat_10k/images/bba9c64c4ab39c896d5d69428654f456.jpg,bba9c64c4ab39c896d5d69428654f456
7466,datasets/cat_10k/images/bbb2c830fc01058a804e93caeafc302a.jpg,bbb2c830fc01058a804e93caeafc302a
7467,datasets/cat_10k/images/bbb485b8d1773fdaaccad3258c2abd6b.jpg,bbb485b8d1773fdaaccad3258c2abd6b
7468,datasets/cat_10k/images/bbb797a624639246fed4d6237b55aeab.jpg,bbb797a624639246fed4d6237b55aeab
7469,datasets/cat_10k/images/bbc9450b713a2e03faeda94e37379c73.jpg,bbc9450b713a2e03faeda94e37379c73
7470,datasets/cat_10k/images/bbc9a83b3a46277521be931a51b453d8.jpg,bbc9a83b3a46277521be931a51b453d8
7471,datasets/cat_10k/images/bbc9ce5b89a6ab35a6df9807116e63dd.jpg,bbc9ce5b89a6ab35a6df9807116e63dd
7472,datasets/cat_10k/images/bbcabfbea01f12e48fbf241a714d543d.jpg,bbcabfbea01f12e48fbf241a714d543d
7473,datasets/cat_10k/images/bbd88c3bd7b1b77ece714a49b3391109.jpg,bbd88c3bd7b1b77ece714a49b3391109
7474,datasets/cat_10k/images/bbd9604ce6649b592fe01eb76b476156.jpg,bbd9604ce6649b592fe01eb76b476156
7475,datasets/cat_10k/images/bbe10e3936a3f08c02fa991d449f2b8f.jpg,bbe10e3936a3f08c02fa991d449f2b8f
7476,datasets/cat_10k/images/bbe99103a0f3c8a1e0d9c79bf30014e2.jpg,bbe99103a0f3c8a1e0d9c79bf30014e2
7477,datasets/cat_10k/images/bbef0046c95352bc67dd975fc4d9c0dc.jpg,bbef0046c95352bc67dd975fc4d9c0dc
7478,datasets/cat_10k/images/bbf735fb761741e40645223693b0edf4.jpg,bbf735fb761741e40645223693b0edf4
7479,datasets/cat_10k/images/bbfee69a59baf38494243080c5ea06e6.jpg,bbfee69a59baf38494243080c5ea06e6
7480,datasets/cat_10k/images/bc02f68be990baee4a2a358b47df3f81.jpg,bc02f68be990baee4a2a358b47df3f81
7481,datasets/cat_10k/images/bc076acb56c09ea1615cfd8a0b321115.jpg,bc076acb56c09ea1615cfd8a0b321115
7482,datasets/cat_10k/images/bc104b4bf03cd686d54bd30d529fdd66.jpg,bc104b4bf03cd686d54bd30d529fdd66
7483,datasets/cat_10k/images/bc1b9a563a2a59ce0ede8b1eda58be37.jpg,bc1b9a563a2a59ce0ede8b1eda58be37
7484,datasets/cat_10k/images/bc1dd0e3ba69ef3a289328b5165638c9.jpg,bc1dd0e3ba69ef3a289328b5165638c9
7485,datasets/cat_10k/images/bc259f79ce77876c2cd04cb318d57590.jpg,bc259f79ce77876c2cd04cb318d57590
7486,datasets/cat_10k/images/bc2a8a32a1ff62bc7a2ccc84151c24fa.jpg,bc2a8a32a1ff62bc7a2ccc84151c24fa
7487,datasets/cat_10k/images/bc32e57e232b9ed1b08575780968c984.jpg,bc32e57e232b9ed1b08575780968c984
7488,datasets/cat_10k/images/bc4963ea41d4a0fe90d6264b3ded710d.jpg,bc4963ea41d4a0fe90d6264b3ded710d
7489,datasets/cat_10k/images/bc529714ff78b4000f43b92424c57144.jpg,bc529714ff78b4000f43b92424c57144
7490,datasets/cat_10k/images/bc53cc8337fdbd360c4a7d5922436607.jpg,bc53cc8337fdbd360c4a7d5922436607
7491,datasets/cat_10k/images/bc5ee8be0a6a4fc425d80e4403a04a15.jpg,bc5ee8be0a6a4fc425d80e4403a04a15
7492,datasets/cat_10k/images/bc70e9e102e5140b9b16f84e6839c737.jpg,bc70e9e102e5140b9b16f84e6839c737
7493,datasets/cat_10k/images/bc7284d6b29a91a19d5f5bf5e0a99687.jpg,bc7284d6b29a91a19d5f5bf5e0a99687
7494,datasets/cat_10k/images/bc771ddd751ee5095148594c01e17d61.jpg,bc771ddd751ee5095148594c01e17d61
7495,datasets/cat_10k/images/bc79048053f5affe9b855912773301a9.jpg,bc79048053f5affe9b855912773301a9
7496,datasets/cat_10k/images/bc7b366f907395a8bf9e5e538670e32e.jpg,bc7b366f907395a8bf9e5e538670e32e
7497,datasets/cat_10k/images/bc7bcb1996ad1ac47e061b14bfca064c.jpg,bc7bcb1996ad1ac47e061b14bfca064c
7498,datasets/cat_10k/images/bc82bbdb3714e44135414693ecfe2931.jpg,bc82bbdb3714e44135414693ecfe2931
7499,datasets/cat_10k/images/bc86d0103e08a3148ba25913668771de.jpg,bc86d0103e08a3148ba25913668771de
7500,datasets/cat_10k/images/bc882ee40962e6a6edc94bf9359127e6.jpg,bc882ee40962e6a6edc94bf9359127e6
7501,datasets/cat_10k/images/bc968d3769924efb3bd0e6290c96a427.jpg,bc968d3769924efb3bd0e6290c96a427
7502,datasets/cat_10k/images/bca50386bd82ad932e7bb20e0b97deb1.jpg,bca50386bd82ad932e7bb20e0b97deb1
7503,datasets/cat_10k/images/bca7c6117e31a5f2e4c6517f0552755a.jpg,bca7c6117e31a5f2e4c6517f0552755a
7504,datasets/cat_10k/images/bca9a46281717a13791af9a90ec63477.jpg,bca9a46281717a13791af9a90ec63477
7505,datasets/cat_10k/images/bcaea15860939dae66737c8590f434d8.jpg,bcaea15860939dae66737c8590f434d8
7506,datasets/cat_10k/images/bcb28624f3de3185fd254becae34b56b.jpg,bcb28624f3de3185fd254becae34b56b
7507,datasets/cat_10k/images/bcb6f327607984ef4be529aa30e50e3e.jpg,bcb6f327607984ef4be529aa30e50e3e
7508,datasets/cat_10k/images/bcc624734684ab6521c63b12e5da3ec3.jpg,bcc624734684ab6521c63b12e5da3ec3
7509,datasets/cat_10k/images/bccbf3da0132c0ec555f6828038106c7.jpg,bccbf3da0132c0ec555f6828038106c7
7510,datasets/cat_10k/images/bcd1178eaec4d727305e8597360e60ae.jpg,bcd1178eaec4d727305e8597360e60ae
7511,datasets/cat_10k/images/bce177f03d9ea61b4010450a75d1ed58.jpg,bce177f03d9ea61b4010450a75d1ed58
7512,datasets/cat_10k/images/bce4ca80e67267bafc6788b1e9a2e21a.jpg,bce4ca80e67267bafc6788b1e9a2e21a
7513,datasets/cat_10k/images/bcee9485f8e6ba15ec2ac04a49d2384c.jpg,bcee9485f8e6ba15ec2ac04a49d2384c
7514,datasets/cat_10k/images/bcf0a92c3759f1727f432ecdf9d5b587.jpg,bcf0a92c3759f1727f432ecdf9d5b587
7515,datasets/cat_10k/images/bcf1fb282e6c6fc18692330e820084a3.jpg,bcf1fb282e6c6fc18692330e820084a3
7516,datasets/cat_10k/images/bcfa3523941a8e61dc93fa9c2a38d371.jpg,bcfa3523941a8e61dc93fa9c2a38d371
7517,datasets/cat_10k/images/bcfcca70c65be11cf791e31e6954949a.jpg,bcfcca70c65be11cf791e31e6954949a
7518,datasets/cat_10k/images/bd07203c738eb736dd6d2085bb9a3167.jpg,bd07203c738eb736dd6d2085bb9a3167
7519,datasets/cat_10k/images/bd1259d00d90567ad61dea24e72083e3.jpg,bd1259d00d90567ad61dea24e72083e3
7520,datasets/cat_10k/images/bd25af60486b371e96febe3e623ac564.jpg,bd25af60486b371e96febe3e623ac564
7521,datasets/cat_10k/images/bd25e7fc82934ebde2a906b78c756bcd.jpg,bd25e7fc82934ebde2a906b78c756bcd
7522,datasets/cat_10k/images/bd2c523ae319ae524699d878bcb8d80b.jpg,bd2c523ae319ae524699d878bcb8d80b
7523,datasets/cat_10k/images/bd2dd8723c4f5e19503e01e2d8b4b4b9.jpg,bd2dd8723c4f5e19503e01e2d8b4b4b9
7524,datasets/cat_10k/images/bd2fd26f7c81726f2253c6e30c12e76c.jpg,bd2fd26f7c81726f2253c6e30c12e76c
7525,datasets/cat_10k/images/bd405654c4e8a7a3378e2b8d9dda2810.jpg,bd405654c4e8a7a3378e2b8d9dda2810
7526,datasets/cat_10k/images/bd4e47cddd3e0fe9aea3c3e76ed71984.jpg,bd4e47cddd3e0fe9aea3c3e76ed71984
7527,datasets/cat_10k/images/bd513e512326855d6bcba33277e571ae.jpg,bd513e512326855d6bcba33277e571ae
7528,datasets/cat_10k/images/bd60e1193d9d37fe6859d683c1194664.jpg,bd60e1193d9d37fe6859d683c1194664
7529,datasets/cat_10k/images/bd619caa2fc911d0fc2c76ea1204f41f.jpg,bd619caa2fc911d0fc2c76ea1204f41f
7530,datasets/cat_10k/images/bd6545a138212d4c5b19a6b52c12ba8c.jpg,bd6545a138212d4c5b19a6b52c12ba8c
7531,datasets/cat_10k/images/bd7112368e0ca8de732d5e5c023492a8.jpg,bd7112368e0ca8de732d5e5c023492a8
7532,datasets/cat_10k/images/bd7d2a1464cba434fbe3a1ef1bf37cf0.jpg,bd7d2a1464cba434fbe3a1ef1bf37cf0
7533,datasets/cat_10k/images/bd8e31b1bb3bccf8b42db7d323001873.jpg,bd8e31b1bb3bccf8b42db7d323001873
7534,datasets/cat_10k/images/bd9335bf39e6908e51971e2eacdc4a19.jpg,bd9335bf39e6908e51971e2eacdc4a19
7535,datasets/cat_10k/images/bd9d14532c21bdc81b1bee24db1a9b4e.jpg,bd9d14532c21bdc81b1bee24db1a9b4e
7536,datasets/cat_10k/images/bdad90ba3cc974dbfbe6e9f5b3cfea81.jpg,bdad90ba3cc974dbfbe6e9f5b3cfea81
7537,datasets/cat_10k/images/bdae21f5bfff4838ec57cf6605e0fa5e.jpg,bdae21f5bfff4838ec57cf6605e0fa5e
7538,datasets/cat_10k/images/bdb69009e423312c85685e0731a44bc1.jpg,bdb69009e423312c85685e0731a44bc1
7539,datasets/cat_10k/images/bdb83a89547890aae7f4d789b8b4a0cd.jpg,bdb83a89547890aae7f4d789b8b4a0cd
7540,datasets/cat_10k/images/bdc7bbb36acfd23aeff421ce396432d6.jpg,bdc7bbb36acfd23aeff421ce396432d6
7541,datasets/cat_10k/images/bdc880a35189c1dce1af566ee43fb6d1.jpg,bdc880a35189c1dce1af566ee43fb6d1
7542,datasets/cat_10k/images/bdca8f8ab8766f076c200af22f4af9bc.jpg,bdca8f8ab8766f076c200af22f4af9bc
7543,datasets/cat_10k/images/bdcb698377cdc71f3af4ae508556a01e.jpg,bdcb698377cdc71f3af4ae508556a01e
7544,datasets/cat_10k/images/bdd4f4d026fca6efa8526cf29626c5c5.jpg,bdd4f4d026fca6efa8526cf29626c5c5
7545,datasets/cat_10k/images/bdd69667782017828929ee22e8d6df41.jpg,bdd69667782017828929ee22e8d6df41
7546,datasets/cat_10k/images/bddaeabfb68450c97f97c936fa988401.jpg,bddaeabfb68450c97f97c936fa988401
7547,datasets/cat_10k/images/bde081de5e71aeabc08a38403723992a.jpg,bde081de5e71aeabc08a38403723992a
7548,datasets/cat_10k/images/bde54e3cc3b0697e270fd875e3b17f0f.jpg,bde54e3cc3b0697e270fd875e3b17f0f
7549,datasets/cat_10k/images/bdece37295527b8af3ed2b0717de5b27.jpg,bdece37295527b8af3ed2b0717de5b27
7550,datasets/cat_10k/images/bdf416a394b1bf88d055cf5016edcc46.jpg,bdf416a394b1bf88d055cf5016edcc46
7551,datasets/cat_10k/images/bdf6ef5f6ca68d70d4e7046977d9e94f.jpg,bdf6ef5f6ca68d70d4e7046977d9e94f
7552,datasets/cat_10k/images/be00069cc9f988bda4817e7c8d1bfd3b.jpg,be00069cc9f988bda4817e7c8d1bfd3b
7553,datasets/cat_10k/images/be014b11792521aa3b394f37b85c6777.jpg,be014b11792521aa3b394f37b85c6777
7554,datasets/cat_10k/images/be0744001c22a4d700837fbf2596f3e6.jpg,be0744001c22a4d700837fbf2596f3e6
7555,datasets/cat_10k/images/be0aeae32028c135de015408deae95c7.jpg,be0aeae32028c135de015408deae95c7
7556,datasets/cat_10k/images/be12423af70881ba7385f5827ca02d15.jpg,be12423af70881ba7385f5827ca02d15
7557,datasets/cat_10k/images/be1e77c341f2535e746d42f1e9558108.jpg,be1e77c341f2535e746d42f1e9558108
7558,datasets/cat_10k/images/be25e365fc64a945596d2c5906ff80a6.jpg,be25e365fc64a945596d2c5906ff80a6
7559,datasets/cat_10k/images/be44ac34891b2ff27cfe94ea9f1d6d2e.jpg,be44ac34891b2ff27cfe94ea9f1d6d2e
7560,datasets/cat_10k/images/be535c2b658dd5e47ad02e9570da5f89.jpg,be535c2b658dd5e47ad02e9570da5f89
7561,datasets/cat_10k/images/be5d213c92599672ade2dea1d9ca2c38.jpg,be5d213c92599672ade2dea1d9ca2c38
7562,datasets/cat_10k/images/be6442500714ee3890112dce56c40789.jpg,be6442500714ee3890112dce56c40789
7563,datasets/cat_10k/images/be699b19f9b4ffd0d7d26c7f872ea5cc.jpg,be699b19f9b4ffd0d7d26c7f872ea5cc
7564,datasets/cat_10k/images/be6e50a034fa54633df5007949e65eae.jpg,be6e50a034fa54633df5007949e65eae
7565,datasets/cat_10k/images/be7686713d1d060003484961b22bc628.jpg,be7686713d1d060003484961b22bc628
7566,datasets/cat_10k/images/be778063a35cb56082fb298d559e65a5.jpg,be778063a35cb56082fb298d559e65a5
7567,datasets/cat_10k/images/be79d3c037efd5efd7644809457a9535.jpg,be79d3c037efd5efd7644809457a9535
7568,datasets/cat_10k/images/be7a36c8da0599c69a8126991857956c.jpg,be7a36c8da0599c69a8126991857956c
7569,datasets/cat_10k/images/be7aa458356fd41702fba9d9738fdf54.jpg,be7aa458356fd41702fba9d9738fdf54
7570,datasets/cat_10k/images/be7db160e5e5ad2e9903fa5ba0025765.jpg,be7db160e5e5ad2e9903fa5ba0025765
7571,datasets/cat_10k/images/be8837939f567c1f16fbe310b75be17e.jpg,be8837939f567c1f16fbe310b75be17e
7572,datasets/cat_10k/images/be9d33242ecb7e2179f20cdb636d77a3.jpg,be9d33242ecb7e2179f20cdb636d77a3
7573,datasets/cat_10k/images/bea7e635e2ae6d7f68bf46f0f1e163c5.jpg,bea7e635e2ae6d7f68bf46f0f1e163c5
7574,datasets/cat_10k/images/bea84bb7c7d10ad0bbba5160a742c97a.jpg,bea84bb7c7d10ad0bbba5160a742c97a
7575,datasets/cat_10k/images/beaee5ba1c1454afcaaf3b29489ce505.jpg,beaee5ba1c1454afcaaf3b29489ce505
7576,datasets/cat_10k/images/beb5bc2e524addbd71aed8f9e23e45bd.jpg,beb5bc2e524addbd71aed8f9e23e45bd
7577,datasets/cat_10k/images/beb861cb4ebe216de545a61aedd3711b.jpg,beb861cb4ebe216de545a61aedd3711b
7578,datasets/cat_10k/images/bebae3afd5fed1b6fb801834edcef79e.jpg,bebae3afd5fed1b6fb801834edcef79e
7579,datasets/cat_10k/images/bed0227a78316f0df5fb8074c475de6d.jpg,bed0227a78316f0df5fb8074c475de6d
7580,datasets/cat_10k/images/bed35993a0a372e422f279fd8bd924d9.jpg,bed35993a0a372e422f279fd8bd924d9
7581,datasets/cat_10k/images/bed9955e8478d14c4b39d39855540b40.jpg,bed9955e8478d14c4b39d39855540b40
7582,datasets/cat_10k/images/beda8592025cfeaac759c9a5320c542c.jpg,beda8592025cfeaac759c9a5320c542c
7583,datasets/cat_10k/images/bededa85487b9ccb07c9ee9ab773e648.jpg,bededa85487b9ccb07c9ee9ab773e648
7584,datasets/cat_10k/images/beeb11a82fe93f6a1dbc98789b1947a6.jpg,beeb11a82fe93f6a1dbc98789b1947a6
7585,datasets/cat_10k/images/beee9f31266c9cf506cedc9072f4c251.jpg,beee9f31266c9cf506cedc9072f4c251
7586,datasets/cat_10k/images/bf03108cc9ba062d824ac50a241118fa.jpg,bf03108cc9ba062d824ac50a241118fa
7587,datasets/cat_10k/images/bf0669b8e5e3f36179c09cc52f6a7fc7.jpg,bf0669b8e5e3f36179c09cc52f6a7fc7
7588,datasets/cat_10k/images/bf14fd413817f5fb3c6d6c5319ddc90e.jpg,bf14fd413817f5fb3c6d6c5319ddc90e
7589,datasets/cat_10k/images/bf2ddecfa117d5bd1a599a8aea905e99.jpg,bf2ddecfa117d5bd1a599a8aea905e99
7590,datasets/cat_10k/images/bf2f2ec5fb09990573f4735252cbfd29.jpg,bf2f2ec5fb09990573f4735252cbfd29
7591,datasets/cat_10k/images/bf322827358a282b29cbe6f1d8930d9e.jpg,bf322827358a282b29cbe6f1d8930d9e
7592,datasets/cat_10k/images/bf337a9719bd98896a36de245e6bb91a.jpg,bf337a9719bd98896a36de245e6bb91a
7593,datasets/cat_10k/images/bf36fec9fdd530c522a5be4d86897f1d.jpg,bf36fec9fdd530c522a5be4d86897f1d
7594,datasets/cat_10k/images/bf3e7399a0c4c87add39a84bdbec3056.jpg,bf3e7399a0c4c87add39a84bdbec3056
7595,datasets/cat_10k/images/bf4193dd7730e87bab7c20377aab40d5.jpg,bf4193dd7730e87bab7c20377aab40d5
7596,datasets/cat_10k/images/bf431a997cc86ea6fd5678c69a402efa.jpg,bf431a997cc86ea6fd5678c69a402efa
7597,datasets/cat_10k/images/bf44916883b322a49e6bc187d4af9647.jpg,bf44916883b322a49e6bc187d4af9647
7598,datasets/cat_10k/images/bf645a796727b4fadc57e8580a79d9cf.jpg,bf645a796727b4fadc57e8580a79d9cf
7599,datasets/cat_10k/images/bf680996716410dc0ce9392552bd40b4.jpg,bf680996716410dc0ce9392552bd40b4
7600,datasets/cat_10k/images/bf6ca7802879ed11e672a4fbd5498697.jpg,bf6ca7802879ed11e672a4fbd5498697
7601,datasets/cat_10k/images/bf6eaafe37a25f4311eb49f1376c4cc6.jpg,bf6eaafe37a25f4311eb49f1376c4cc6
7602,datasets/cat_10k/images/bf7e748875985f413d392dffe47fb61f.jpg,bf7e748875985f413d392dffe47fb61f
7603,datasets/cat_10k/images/bf86998fb98f9076dd4ce22562d23e10.jpg,bf86998fb98f9076dd4ce22562d23e10
7604,datasets/cat_10k/images/bf9cb3a49c77c752567d50c778d518cc.jpg,bf9cb3a49c77c752567d50c778d518cc
7605,datasets/cat_10k/images/bfa049dd922bf7120fc3a2582054e816.jpg,bfa049dd922bf7120fc3a2582054e816
7606,datasets/cat_10k/images/bfa75f8e16fd2244c9d0fc9e3cf6a19b.jpg,bfa75f8e16fd2244c9d0fc9e3cf6a19b
7607,datasets/cat_10k/images/bfb6730bd022e44a1b091a373563d63d.jpg,bfb6730bd022e44a1b091a373563d63d
7608,datasets/cat_10k/images/bfbbc267d0aaa376533584dad63bc375.jpg,bfbbc267d0aaa376533584dad63bc375
7609,datasets/cat_10k/images/bfcd49a98d0ff38ef554a1cd4e82f0f7.jpg,bfcd49a98d0ff38ef554a1cd4e82f0f7
7610,datasets/cat_10k/images/bfd50c49d558ca8dba9da8fa07eafa47.jpg,bfd50c49d558ca8dba9da8fa07eafa47
7611,datasets/cat_10k/images/bfd5150135553b7e104bfed29bc19ddd.jpg,bfd5150135553b7e104bfed29bc19ddd
7612,datasets/cat_10k/images/bfd752b186e22e384c59c9aeb1dfe48c.jpg,bfd752b186e22e384c59c9aeb1dfe48c
7613,datasets/cat_10k/images/bfddcc127c184f7ff1c2777372d2a846.jpg,bfddcc127c184f7ff1c2777372d2a846
7614,datasets/cat_10k/images/bff519ea0df302d6fdf358979163953c.jpg,bff519ea0df302d6fdf358979163953c
7615,datasets/cat_10k/images/bff6761711f9e1c1c4c528fab081b925.jpg,bff6761711f9e1c1c4c528fab081b925
7616,datasets/cat_10k/images/bff9d3cb0beb5dd07b9c58ce34d478d4.jpg,bff9d3cb0beb5dd07b9c58ce34d478d4
7617,datasets/cat_10k/images/bffc5838551d8e0c6560d3674fb5caa4.jpg,bffc5838551d8e0c6560d3674fb5caa4
7618,datasets/cat_10k/images/c0148ee9c3dd29e74cdbc69880495b26.jpg,c0148ee9c3dd29e74cdbc69880495b26
7619,datasets/cat_10k/images/c015bf49a1c263ed8ab8d476acf8b5d9.jpg,c015bf49a1c263ed8ab8d476acf8b5d9
7620,datasets/cat_10k/images/c015cf3072ef84008a664d4ed0a64300.jpg,c015cf3072ef84008a664d4ed0a64300
7621,datasets/cat_10k/images/c0274fedaa2db6e3e22a0957e91259d1.jpg,c0274fedaa2db6e3e22a0957e91259d1
7622,datasets/cat_10k/images/c02809d9318f10bc89168c322cb16cc4.jpg,c02809d9318f10bc89168c322cb16cc4
7623,datasets/cat_10k/images/c0288f18c81a6fb6b3eea8d34e86aa3b.jpg,c0288f18c81a6fb6b3eea8d34e86aa3b
7624,datasets/cat_10k/images/c02b3e8b7c651ecdecfe54cc3c08998a.jpg,c02b3e8b7c651ecdecfe54cc3c08998a
7625,datasets/cat_10k/images/c02bad721b0ffe3509aaed60fcc7ee87.jpg,c02bad721b0ffe3509aaed60fcc7ee87
7626,datasets/cat_10k/images/c02e2e9860b4b1e7ae0ab5a909bc1e24.jpg,c02e2e9860b4b1e7ae0ab5a909bc1e24
7627,datasets/cat_10k/images/c03c484a4267f9c97b1d25b791144c53.jpg,c03c484a4267f9c97b1d25b791144c53
7628,datasets/cat_10k/images/c03e6021d4f967b11881b78e2d401082.jpg,c03e6021d4f967b11881b78e2d401082
7629,datasets/cat_10k/images/c045abcba8c4ced926562611adb7a7a1.jpg,c045abcba8c4ced926562611adb7a7a1
7630,datasets/cat_10k/images/c04e90f6e11600fe557304ea3adaac5c.jpg,c04e90f6e11600fe557304ea3adaac5c
7631,datasets/cat_10k/images/c054236777996997a2d6fd6da74ec0a8.jpg,c054236777996997a2d6fd6da74ec0a8
7632,datasets/cat_10k/images/c057baadf84cd0bef4ea46689f03fd23.jpg,c057baadf84cd0bef4ea46689f03fd23
7633,datasets/cat_10k/images/c0609bfb2489e213f391fc1638d58b98.jpg,c0609bfb2489e213f391fc1638d58b98
7634,datasets/cat_10k/images/c06332c5f7a614e4ccc1d61c008b3eeb.jpg,c06332c5f7a614e4ccc1d61c008b3eeb
7635,datasets/cat_10k/images/c068e178e3c248cc69f8ad24c5e7e1e4.jpg,c068e178e3c248cc69f8ad24c5e7e1e4
7636,datasets/cat_10k/images/c06c3e9eae16a149b11f6c963c92db74.jpg,c06c3e9eae16a149b11f6c963c92db74
7637,datasets/cat_10k/images/c0745a1cd73c595f21a0ab07def9f66a.jpg,c0745a1cd73c595f21a0ab07def9f66a
7638,datasets/cat_10k/images/c07ca6c33d792fd8ed0834735cea7655.jpg,c07ca6c33d792fd8ed0834735cea7655
7639,datasets/cat_10k/images/c08845cfea128359b92795b1020dff9d.jpg,c08845cfea128359b92795b1020dff9d
7640,datasets/cat_10k/images/c096ff5e076f6381f6eaa65687b9d82e.jpg,c096ff5e076f6381f6eaa65687b9d82e
7641,datasets/cat_10k/images/c09a4fb3fe61611e76c4dd7f45da0c5f.jpg,c09a4fb3fe61611e76c4dd7f45da0c5f
7642,datasets/cat_10k/images/c09e9f4b79aea57eb4c152725c1356c3.jpg,c09e9f4b79aea57eb4c152725c1356c3
7643,datasets/cat_10k/images/c09ffd115330c6e2979bdc664f93e001.jpg,c09ffd115330c6e2979bdc664f93e001
7644,datasets/cat_10k/images/c0afdfb505172a806028eab345b490a0.jpg,c0afdfb505172a806028eab345b490a0
7645,datasets/cat_10k/images/c0b0f50ac455e6c76144c828296f9438.jpg,c0b0f50ac455e6c76144c828296f9438
7646,datasets/cat_10k/images/c0b2c6350dbb17d9500c9a682ea79ab2.jpg,c0b2c6350dbb17d9500c9a682ea79ab2
7647,datasets/cat_10k/images/c0c4bedd3d57d10d40e64d8cc9263a5b.jpg,c0c4bedd3d57d10d40e64d8cc9263a5b
7648,datasets/cat_10k/images/c0d1f704c3525c674c91e82456f1a0ba.jpg,c0d1f704c3525c674c91e82456f1a0ba
7649,datasets/cat_10k/images/c0d242122b839edca60e6183f8d259d9.jpg,c0d242122b839edca60e6183f8d259d9
7650,datasets/cat_10k/images/c0dbf756bf90777a94ce23ac5116ba83.jpg,c0dbf756bf90777a94ce23ac5116ba83
7651,datasets/cat_10k/images/c0de3a504319bb7c05c141295bafc41a.jpg,c0de3a504319bb7c05c141295bafc41a
7652,datasets/cat_10k/images/c0ea1604e759a8fd2fc9be8eb8299783.jpg,c0ea1604e759a8fd2fc9be8eb8299783
7653,datasets/cat_10k/images/c0ed43ca111fced7e2147b8f45097bae.jpg,c0ed43ca111fced7e2147b8f45097bae
7654,datasets/cat_10k/images/c0f93d83b7c0e0efc237ccfdd0f55d0b.jpg,c0f93d83b7c0e0efc237ccfdd0f55d0b
7655,datasets/cat_10k/images/c0fed4b8a00231a0eb8fa2b1bd2eab88.jpg,c0fed4b8a00231a0eb8fa2b1bd2eab88
7656,datasets/cat_10k/images/c1079824908fb2507cafb5df7b01814e.jpg,c1079824908fb2507cafb5df7b01814e
7657,datasets/cat_10k/images/c119f6d09750ea6b9f43cddc9b852978.jpg,c119f6d09750ea6b9f43cddc9b852978
7658,datasets/cat_10k/images/c11bc708d2d65daf23f699b772890695.jpg,c11bc708d2d65daf23f699b772890695
7659,datasets/cat_10k/images/c128efe29799cfe87a830f436e7bff20.jpg,c128efe29799cfe87a830f436e7bff20
7660,datasets/cat_10k/images/c12a687cf41309379d49832b023d7d7d.jpg,c12a687cf41309379d49832b023d7d7d
7661,datasets/cat_10k/images/c12edc8753a66493d35646ac89482ab1.jpg,c12edc8753a66493d35646ac89482ab1
7662,datasets/cat_10k/images/c14f4076bb8d69569a721aee54e094de.jpg,c14f4076bb8d69569a721aee54e094de
7663,datasets/cat_10k/images/c15064fb2ee3e7389ad144a16008d8e5.jpg,c15064fb2ee3e7389ad144a16008d8e5
7664,datasets/cat_10k/images/c171e30e283bed6ee6c32192c8f35569.jpg,c171e30e283bed6ee6c32192c8f35569
7665,datasets/cat_10k/images/c179966782df6472e49baf7eb3e92c9c.jpg,c179966782df6472e49baf7eb3e92c9c
7666,datasets/cat_10k/images/c179b03f38826f249c59276e794cf59c.jpg,c179b03f38826f249c59276e794cf59c
7667,datasets/cat_10k/images/c17c7a1ae3912d3f7fabb52947d7c823.jpg,c17c7a1ae3912d3f7fabb52947d7c823
7668,datasets/cat_10k/images/c18040ed08f9df7d4b4b677635b5bf26.jpg,c18040ed08f9df7d4b4b677635b5bf26
7669,datasets/cat_10k/images/c18d5e0ad3dff8ed6cf484a155eb0a6a.jpg,c18d5e0ad3dff8ed6cf484a155eb0a6a
7670,datasets/cat_10k/images/c19314c249f0d0a81a5610893a071857.jpg,c19314c249f0d0a81a5610893a071857
7671,datasets/cat_10k/images/c19403aae521f1ac524c18da1a5119a0.jpg,c19403aae521f1ac524c18da1a5119a0
7672,datasets/cat_10k/images/c198e55e05310c47fe0ef3b631509e67.jpg,c198e55e05310c47fe0ef3b631509e67
7673,datasets/cat_10k/images/c19a45f2762d34a9dd4553963ebdca55.jpg,c19a45f2762d34a9dd4553963ebdca55
7674,datasets/cat_10k/images/c19b94198625fec5ce80a33fa47499c0.jpg,c19b94198625fec5ce80a33fa47499c0
7675,datasets/cat_10k/images/c1aced3eebd543a6697f320a0ec8a11b.jpg,c1aced3eebd543a6697f320a0ec8a11b
7676,datasets/cat_10k/images/c1b6c184a95960af02fb8c469ae2e695.jpg,c1b6c184a95960af02fb8c469ae2e695
7677,datasets/cat_10k/images/c1bcbaa889f83bb9519966abe7423b7a.jpg,c1bcbaa889f83bb9519966abe7423b7a
7678,datasets/cat_10k/images/c1c17fa4d09fe18a3e3fbaf19c1f0dcf.jpg,c1c17fa4d09fe18a3e3fbaf19c1f0dcf
7679,datasets/cat_10k/images/c1d7ff9751c834be60351a528c6d65f8.jpg,c1d7ff9751c834be60351a528c6d65f8
7680,datasets/cat_10k/images/c1dcc631ea619b48dd5dce8149322c72.jpg,c1dcc631ea619b48dd5dce8149322c72
7681,datasets/cat_10k/images/c1e02efb90d0513ad374a6c1b253a53f.jpg,c1e02efb90d0513ad374a6c1b253a53f
7682,datasets/cat_10k/images/c1e298069e2db261d0394c338f3b6191.jpg,c1e298069e2db261d0394c338f3b6191
7683,datasets/cat_10k/images/c1e4db2e6349994645aaa4b5260db2a2.jpg,c1e4db2e6349994645aaa4b5260db2a2
7684,datasets/cat_10k/images/c1e65db8bd56b987cf03463363007ea9.jpg,c1e65db8bd56b987cf03463363007ea9
7685,datasets/cat_10k/images/c1f3dd3df0101b95052ab12b6906473b.jpg,c1f3dd3df0101b95052ab12b6906473b
7686,datasets/cat_10k/images/c1f43c3226d25ec3d55bcc0ada020295.jpg,c1f43c3226d25ec3d55bcc0ada020295
7687,datasets/cat_10k/images/c1f5273335bea772c469369fbb6fc0b5.jpg,c1f5273335bea772c469369fbb6fc0b5
7688,datasets/cat_10k/images/c2075d0d93f6ca816d5b8973ebf59e35.jpg,c2075d0d93f6ca816d5b8973ebf59e35
7689,datasets/cat_10k/images/c20dc611093194292df83c13fe3c6bc3.jpg,c20dc611093194292df83c13fe3c6bc3
7690,datasets/cat_10k/images/c21d478015a38c44bee917ef2c4366a8.jpg,c21d478015a38c44bee917ef2c4366a8
7691,datasets/cat_10k/images/c220efffee4740d0cc188bc6f4b572ef.jpg,c220efffee4740d0cc188bc6f4b572ef
7692,datasets/cat_10k/images/c223075401381077cad4ee570a708188.jpg,c223075401381077cad4ee570a708188
7693,datasets/cat_10k/images/c22dc27d1a69d2baa89a6df3e419a718.jpg,c22dc27d1a69d2baa89a6df3e419a718
7694,datasets/cat_10k/images/c234783d609c5ce617679e284d0fd76d.jpg,c234783d609c5ce617679e284d0fd76d
7695,datasets/cat_10k/images/c23e6a26c7be89f8803fc41fc0a12a8d.jpg,c23e6a26c7be89f8803fc41fc0a12a8d
7696,datasets/cat_10k/images/c24ad0bc39027bebe59e9183f348a2ff.jpg,c24ad0bc39027bebe59e9183f348a2ff
7697,datasets/cat_10k/images/c25fc9ec4c1af3ce5a974c7179ac9aec.jpg,c25fc9ec4c1af3ce5a974c7179ac9aec
7698,datasets/cat_10k/images/c2625e2ebe99dbdbc4933d5c4f2c3cbb.jpg,c2625e2ebe99dbdbc4933d5c4f2c3cbb
7699,datasets/cat_10k/images/c2643c7e23becc51b39f3f8af6e05e4f.jpg,c2643c7e23becc51b39f3f8af6e05e4f
7700,datasets/cat_10k/images/c26afc4a340ae4f25ee3924d38134c66.jpg,c26afc4a340ae4f25ee3924d38134c66
7701,datasets/cat_10k/images/c26cd1b95cb66ee9d08fdb8b26545604.jpg,c26cd1b95cb66ee9d08fdb8b26545604
7702,datasets/cat_10k/images/c27c6295ddc8d8f6aab1386a5de6b83f.jpg,c27c6295ddc8d8f6aab1386a5de6b83f
7703,datasets/cat_10k/images/c28237074af5e8fc8a11b0f5913c26e7.jpg,c28237074af5e8fc8a11b0f5913c26e7
7704,datasets/cat_10k/images/c29250ad7a4dcfa35e54c98f20635287.jpg,c29250ad7a4dcfa35e54c98f20635287
7705,datasets/cat_10k/images/c292c41006beea4302f68fa7c1f41163.jpg,c292c41006beea4302f68fa7c1f41163
7706,datasets/cat_10k/images/c2a3dcf17cd1c18041611e1a31b0c1d0.jpg,c2a3dcf17cd1c18041611e1a31b0c1d0
7707,datasets/cat_10k/images/c2a4bef6aa3455829c96186b3ce37789.jpg,c2a4bef6aa3455829c96186b3ce37789
7708,datasets/cat_10k/images/c2ad37bf32b2e2c6600543ede8252521.jpg,c2ad37bf32b2e2c6600543ede8252521
7709,datasets/cat_10k/images/c2ad974cef845cded57bc58e9a251237.jpg,c2ad974cef845cded57bc58e9a251237
7710,datasets/cat_10k/images/c2b2248c8b1aec16dd3016af494e0bc8.jpg,c2b2248c8b1aec16dd3016af494e0bc8
7711,datasets/cat_10k/images/c2bea8d56efeb14ed2f48f182d9b0c2a.jpg,c2bea8d56efeb14ed2f48f182d9b0c2a
7712,datasets/cat_10k/images/c2bf51ef83f9112ae177ffe902511e7e.jpg,c2bf51ef83f9112ae177ffe902511e7e
7713,datasets/cat_10k/images/c2c164deb7a4d3a3d773645cc8f9f75d.jpg,c2c164deb7a4d3a3d773645cc8f9f75d
7714,datasets/cat_10k/images/c2cbb59e99cbe07778a3e1ec3fa6d65f.jpg,c2cbb59e99cbe07778a3e1ec3fa6d65f
7715,datasets/cat_10k/images/c2e12746994ba88be6e38bb64e214081.jpg,c2e12746994ba88be6e38bb64e214081
7716,datasets/cat_10k/images/c2e4c04a30fccfd61ee59f8e40b8dc70.jpg,c2e4c04a30fccfd61ee59f8e40b8dc70
7717,datasets/cat_10k/images/c2e4f7f1e9265ef3c36b2e762b7a6ef8.jpg,c2e4f7f1e9265ef3c36b2e762b7a6ef8
7718,datasets/cat_10k/images/c2eb8dd216212ccd780d3667c1b819a7.jpg,c2eb8dd216212ccd780d3667c1b819a7
7719,datasets/cat_10k/images/c2f1ce877942dff334b3682874040a8a.jpg,c2f1ce877942dff334b3682874040a8a
7720,datasets/cat_10k/images/c301baffbfe6b41532d660c1a899963a.jpg,c301baffbfe6b41532d660c1a899963a
7721,datasets/cat_10k/images/c3065e5e4ef0cd3b0a498958f53fae86.jpg,c3065e5e4ef0cd3b0a498958f53fae86
7722,datasets/cat_10k/images/c320aa7bcdfa1b579b537c53e0f456e5.jpg,c320aa7bcdfa1b579b537c53e0f456e5
7723,datasets/cat_10k/images/c32dc142bc0551109e659c19148ae625.jpg,c32dc142bc0551109e659c19148ae625
7724,datasets/cat_10k/images/c32dcee629415e323218c8b1d9dc7362.jpg,c32dcee629415e323218c8b1d9dc7362
7725,datasets/cat_10k/images/c32e2c41fe27a6f3f1c31bc6462f70dd.jpg,c32e2c41fe27a6f3f1c31bc6462f70dd
7726,datasets/cat_10k/images/c33d0c99c29037ea270217c91902e578.jpg,c33d0c99c29037ea270217c91902e578
7727,datasets/cat_10k/images/c33ed9741c6782dd7f460ecdb4b4793d.jpg,c33ed9741c6782dd7f460ecdb4b4793d
7728,datasets/cat_10k/images/c33f7d3d01b33bd6350b1ee39d9c4522.jpg,c33f7d3d01b33bd6350b1ee39d9c4522
7729,datasets/cat_10k/images/c34558bec37c8d074e8bf84357fe0ba8.jpg,c34558bec37c8d074e8bf84357fe0ba8
7730,datasets/cat_10k/images/c34b8c5582ceddc7af8354417f3ef8f4.jpg,c34b8c5582ceddc7af8354417f3ef8f4
7731,datasets/cat_10k/images/c34bd74965d6ccdbcc32a8bbe59d0eb8.jpg,c34bd74965d6ccdbcc32a8bbe59d0eb8
7732,datasets/cat_10k/images/c351861bcae890fb864f7977fe0605e8.jpg,c351861bcae890fb864f7977fe0605e8
7733,datasets/cat_10k/images/c359987dc39520e0da78f155d6625835.jpg,c359987dc39520e0da78f155d6625835
7734,datasets/cat_10k/images/c35ae1b8ff00de27973617be4e442391.jpg,c35ae1b8ff00de27973617be4e442391
7735,datasets/cat_10k/images/c35d124b41780ec0d39b0a36bfb04b04.jpg,c35d124b41780ec0d39b0a36bfb04b04
7736,datasets/cat_10k/images/c35e666fe709b87d9b6a571580e63e98.jpg,c35e666fe709b87d9b6a571580e63e98
7737,datasets/cat_10k/images/c35f57762e5864b4e428648447feb730.jpg,c35f57762e5864b4e428648447feb730
7738,datasets/cat_10k/images/c361ecaa8a6e2c0f58b8994e1b3eba97.jpg,c361ecaa8a6e2c0f58b8994e1b3eba97
7739,datasets/cat_10k/images/c3653dd0f2d3f52cd9473d6031978d7d.jpg,c3653dd0f2d3f52cd9473d6031978d7d
7740,datasets/cat_10k/images/c366aa6a886758e30ec41ddbc76e09a9.jpg,c366aa6a886758e30ec41ddbc76e09a9
7741,datasets/cat_10k/images/c371e9933a940d099ba6dbe0970cbce3.jpg,c371e9933a940d099ba6dbe0970cbce3
7742,datasets/cat_10k/images/c3789adcc25497eb0841d8d032cf8011.jpg,c3789adcc25497eb0841d8d032cf8011
7743,datasets/cat_10k/images/c37fae12311a742c4a776bcf13de0562.jpg,c37fae12311a742c4a776bcf13de0562
7744,datasets/cat_10k/images/c394ce858b06b486c95f19779fc07c1d.jpg,c394ce858b06b486c95f19779fc07c1d
7745,datasets/cat_10k/images/c3ab482a603ca93ae46c4539d8d66a58.jpg,c3ab482a603ca93ae46c4539d8d66a58
7746,datasets/cat_10k/images/c3accbda924731dad9a8d658a82bb540.jpg,c3accbda924731dad9a8d658a82bb540
7747,datasets/cat_10k/images/c3b41e1e7a69e33a1611c865be51b1bd.jpg,c3b41e1e7a69e33a1611c865be51b1bd
7748,datasets/cat_10k/images/c3ce96ef1835bed10c26cbd99a5a72f2.jpg,c3ce96ef1835bed10c26cbd99a5a72f2
7749,datasets/cat_10k/images/c3d54aa2c975f290aa02edb70a9ad1ea.jpg,c3d54aa2c975f290aa02edb70a9ad1ea
7750,datasets/cat_10k/images/c3d644579939d2afe167fde9d6a063b2.jpg,c3d644579939d2afe167fde9d6a063b2
7751,datasets/cat_10k/images/c3e7932a38f39e1b132961f34c984de5.jpg,c3e7932a38f39e1b132961f34c984de5
7752,datasets/cat_10k/images/c3fa00cf65a24cc86287a60cc090e421.jpg,c3fa00cf65a24cc86287a60cc090e421
7753,datasets/cat_10k/images/c3fc2e4e28864148e9b1c4e0fbb54b87.jpg,c3fc2e4e28864148e9b1c4e0fbb54b87
7754,datasets/cat_10k/images/c408448e4647f6a732c54718bb7a7af6.jpg,c408448e4647f6a732c54718bb7a7af6
7755,datasets/cat_10k/images/c4127c56eddd7b30b46546c9584ca41f.jpg,c4127c56eddd7b30b46546c9584ca41f
7756,datasets/cat_10k/images/c4266342bb5c3ce01905ad07e1d3779c.jpg,c4266342bb5c3ce01905ad07e1d3779c
7757,datasets/cat_10k/images/c42f713c1ada0ffa63359902a82eec95.jpg,c42f713c1ada0ffa63359902a82eec95
7758,datasets/cat_10k/images/c434eeb7cfad5820e27bf2e9e24f0e5e.jpg,c434eeb7cfad5820e27bf2e9e24f0e5e
7759,datasets/cat_10k/images/c44e627cb1815f25059990c4c3102f4e.jpg,c44e627cb1815f25059990c4c3102f4e
7760,datasets/cat_10k/images/c4537a7e60b4a1c471eb5c8692e08f5d.jpg,c4537a7e60b4a1c471eb5c8692e08f5d
7761,datasets/cat_10k/images/c453fa1c80686dd54e8a7232f4dc646b.jpg,c453fa1c80686dd54e8a7232f4dc646b
7762,datasets/cat_10k/images/c455a44c590662c1a2a0394494d12fc5.jpg,c455a44c590662c1a2a0394494d12fc5
7763,datasets/cat_10k/images/c45a406588f814fd03247f8742a73ac2.jpg,c45a406588f814fd03247f8742a73ac2
7764,datasets/cat_10k/images/c45c82df5a772cabb74b7ef71753e512.jpg,c45c82df5a772cabb74b7ef71753e512
7765,datasets/cat_10k/images/c45d041a1447dfae7f0fe07af53287d5.jpg,c45d041a1447dfae7f0fe07af53287d5
7766,datasets/cat_10k/images/c45e60be36460fad9992845310d9fded.jpg,c45e60be36460fad9992845310d9fded
7767,datasets/cat_10k/images/c471a8788e14a49dcb273f33b704d8e0.jpg,c471a8788e14a49dcb273f33b704d8e0
7768,datasets/cat_10k/images/c4728344690d829510698de6e206ccfe.jpg,c4728344690d829510698de6e206ccfe
7769,datasets/cat_10k/images/c4793c726b6ce9a2c92ab1e0a137c522.jpg,c4793c726b6ce9a2c92ab1e0a137c522
7770,datasets/cat_10k/images/c47acef2c9b4b7f269a9a8dcd670b235.jpg,c47acef2c9b4b7f269a9a8dcd670b235
7771,datasets/cat_10k/images/c4886dcca1123057b2dc599030631cd6.jpg,c4886dcca1123057b2dc599030631cd6
7772,datasets/cat_10k/images/c4895383f87db8b029077328168bf900.jpg,c4895383f87db8b029077328168bf900
7773,datasets/cat_10k/images/c48f42ae5adf71ffbdbee6d29b37cd5f.jpg,c48f42ae5adf71ffbdbee6d29b37cd5f
7774,datasets/cat_10k/images/c496c95bc9f1d4c2f67a0a9baeaccf53.jpg,c496c95bc9f1d4c2f67a0a9baeaccf53
7775,datasets/cat_10k/images/c496f2f915da714e5dd52aa3d6203940.jpg,c496f2f915da714e5dd52aa3d6203940
7776,datasets/cat_10k/images/c497a0a2937b570ec5065605339f944a.jpg,c497a0a2937b570ec5065605339f944a
7777,datasets/cat_10k/images/c49921bdf68faff08846102ef0e2ba34.jpg,c49921bdf68faff08846102ef0e2ba34
7778,datasets/cat_10k/images/c499473bf76328174a609124607e68ba.jpg,c499473bf76328174a609124607e68ba
7779,datasets/cat_10k/images/c49a4dfa3ea67a096dd1ceea9e9d2940.jpg,c49a4dfa3ea67a096dd1ceea9e9d2940
7780,datasets/cat_10k/images/c4a333687226a6a93ce4dd2dd7b3c497.jpg,c4a333687226a6a93ce4dd2dd7b3c497
7781,datasets/cat_10k/images/c4a844d79e32f1913ec7d81e468b3903.jpg,c4a844d79e32f1913ec7d81e468b3903
7782,datasets/cat_10k/images/c4b034043d5a591e204d050f7ab9024e.jpg,c4b034043d5a591e204d050f7ab9024e
7783,datasets/cat_10k/images/c4bc6ba563ea6583bfb25e0a4b34d4f3.jpg,c4bc6ba563ea6583bfb25e0a4b34d4f3
7784,datasets/cat_10k/images/c4c03df18e8d46e68a6be922ccdfb2c9.jpg,c4c03df18e8d46e68a6be922ccdfb2c9
7785,datasets/cat_10k/images/c4cdc2e72a75124ce0cae773e5023771.jpg,c4cdc2e72a75124ce0cae773e5023771
7786,datasets/cat_10k/images/c4d14b56876f131545d3a83dee2f8a40.jpg,c4d14b56876f131545d3a83dee2f8a40
7787,datasets/cat_10k/images/c4d492d9f47714079816362ff9a08c66.jpg,c4d492d9f47714079816362ff9a08c66
7788,datasets/cat_10k/images/c4db4c4adb84b745e816246053fb761b.jpg,c4db4c4adb84b745e816246053fb761b
7789,datasets/cat_10k/images/c4df6f47bb8362060947a35cdea29f8a.jpg,c4df6f47bb8362060947a35cdea29f8a
7790,datasets/cat_10k/images/c4e4c9179f632411acd6c3b98fc82e9f.jpg,c4e4c9179f632411acd6c3b98fc82e9f
7791,datasets/cat_10k/images/c4e5253850c7b3e1352f5afc791ec18c.jpg,c4e5253850c7b3e1352f5afc791ec18c
7792,datasets/cat_10k/images/c4f108150b261910c6c8127a72581e0a.jpg,c4f108150b261910c6c8127a72581e0a
7793,datasets/cat_10k/images/c4ffdf332392a429e1103ed5dd0f6d65.jpg,c4ffdf332392a429e1103ed5dd0f6d65
7794,datasets/cat_10k/images/c517edf7988ead932a1865a12ec008ac.jpg,c517edf7988ead932a1865a12ec008ac
7795,datasets/cat_10k/images/c52322ef0b4186cc0e1fc8c52cfc68ce.jpg,c52322ef0b4186cc0e1fc8c52cfc68ce
7796,datasets/cat_10k/images/c52349955a366055b99c6280ed879627.jpg,c52349955a366055b99c6280ed879627
7797,datasets/cat_10k/images/c529e6666e43e0b8b78cdb8495e19a62.jpg,c529e6666e43e0b8b78cdb8495e19a62
7798,datasets/cat_10k/images/c5345d03bdad731384d06f8ae9afb0c4.jpg,c5345d03bdad731384d06f8ae9afb0c4
7799,datasets/cat_10k/images/c53de2149855d8f8f379527182f1ed41.jpg,c53de2149855d8f8f379527182f1ed41
7800,datasets/cat_10k/images/c53fa80cdf20b428a7376f3a160364a0.jpg,c53fa80cdf20b428a7376f3a160364a0
7801,datasets/cat_10k/images/c5425c222a1dfac815e53d142b783370.jpg,c5425c222a1dfac815e53d142b783370
7802,datasets/cat_10k/images/c543c37feed1d1ec751095b7fed5ea03.jpg,c543c37feed1d1ec751095b7fed5ea03
7803,datasets/cat_10k/images/c547a65ca072394c19b5d99e0d69c297.jpg,c547a65ca072394c19b5d99e0d69c297
7804,datasets/cat_10k/images/c54b745d7c876fce6b7e91f99ea76226.jpg,c54b745d7c876fce6b7e91f99ea76226
7805,datasets/cat_10k/images/c564da4236283fa6bb38785477e3fb0c.jpg,c564da4236283fa6bb38785477e3fb0c
7806,datasets/cat_10k/images/c565b87d8d043a260a8abb1c720dce32.jpg,c565b87d8d043a260a8abb1c720dce32
7807,datasets/cat_10k/images/c56e6cfbc8dbea928a90e116d25eafcb.jpg,c56e6cfbc8dbea928a90e116d25eafcb
7808,datasets/cat_10k/images/c570c7233f1c3a8643edf7d6a9925f45.jpg,c570c7233f1c3a8643edf7d6a9925f45
7809,datasets/cat_10k/images/c577e195032f170f25471d4902125278.jpg,c577e195032f170f25471d4902125278
7810,datasets/cat_10k/images/c57e10cffaa155084058a77669b96cbf.jpg,c57e10cffaa155084058a77669b96cbf
7811,datasets/cat_10k/images/c581cb0472b61f2d440667f8023f4b42.jpg,c581cb0472b61f2d440667f8023f4b42
7812,datasets/cat_10k/images/c58b6c543bbead7860068f0ef2d4c1c6.jpg,c58b6c543bbead7860068f0ef2d4c1c6
7813,datasets/cat_10k/images/c58f27d17f95ed1a61e5355f4c57e70e.jpg,c58f27d17f95ed1a61e5355f4c57e70e
7814,datasets/cat_10k/images/c59070797ba21e8cc1dce3731d94db5e.jpg,c59070797ba21e8cc1dce3731d94db5e
7815,datasets/cat_10k/images/c5968f33c06168e86d878da5e74620a1.jpg,c5968f33c06168e86d878da5e74620a1
7816,datasets/cat_10k/images/c59c75ea6cad472e2e71216fba33b889.jpg,c59c75ea6cad472e2e71216fba33b889
7817,datasets/cat_10k/images/c59f36a2c3512533b864629096228e40.jpg,c59f36a2c3512533b864629096228e40
7818,datasets/cat_10k/images/c5a02e3b6c48965ecd54450bb4ee169c.jpg,c5a02e3b6c48965ecd54450bb4ee169c
7819,datasets/cat_10k/images/c5a427e22db97925475734c7e2c5c37e.jpg,c5a427e22db97925475734c7e2c5c37e
7820,datasets/cat_10k/images/c5b29c70c7b0b6d5a919c26d28b21c7a.jpg,c5b29c70c7b0b6d5a919c26d28b21c7a
7821,datasets/cat_10k/images/c5b7506ae65906ce130cfc96d573b546.jpg,c5b7506ae65906ce130cfc96d573b546
7822,datasets/cat_10k/images/c5b954add094e26ba0ddb98463a4ff56.jpg,c5b954add094e26ba0ddb98463a4ff56
7823,datasets/cat_10k/images/c5b9794aa7d55d0460199a88bcb0f70e.jpg,c5b9794aa7d55d0460199a88bcb0f70e
7824,datasets/cat_10k/images/c5bc3f3b3bc8e86172c7f68a6bfbf3be.jpg,c5bc3f3b3bc8e86172c7f68a6bfbf3be
7825,datasets/cat_10k/images/c5c3bbfabfa5bb9015bcdd0e7f659452.jpg,c5c3bbfabfa5bb9015bcdd0e7f659452
7826,datasets/cat_10k/images/c5c83fa616e5d874068cb20e569838fa.jpg,c5c83fa616e5d874068cb20e569838fa
7827,datasets/cat_10k/images/c5cb61057c4feff2302779e879ee0f50.jpg,c5cb61057c4feff2302779e879ee0f50
7828,datasets/cat_10k/images/c5d669ce9c93daf4e075e379f40078d0.jpg,c5d669ce9c93daf4e075e379f40078d0
7829,datasets/cat_10k/images/c5e0a38973207d6ccdadb9beb8c04347.jpg,c5e0a38973207d6ccdadb9beb8c04347
7830,datasets/cat_10k/images/c5e14ff3ac192f30b61a2f72c13b1d60.jpg,c5e14ff3ac192f30b61a2f72c13b1d60
7831,datasets/cat_10k/images/c5e4a9b74bf92a68e521d741daf3c5ac.jpg,c5e4a9b74bf92a68e521d741daf3c5ac
7832,datasets/cat_10k/images/c5e4fe359e426f14da2080ee49465afc.jpg,c5e4fe359e426f14da2080ee49465afc
7833,datasets/cat_10k/images/c5fd0010661faef3e760d4a76cc7d7fb.jpg,c5fd0010661faef3e760d4a76cc7d7fb
7834,datasets/cat_10k/images/c603ca66250ab73ec4c5a7d5a880e55b.jpg,c603ca66250ab73ec4c5a7d5a880e55b
7835,datasets/cat_10k/images/c6063f864c38f909b2534d1ed54e6f10.jpg,c6063f864c38f909b2534d1ed54e6f10
7836,datasets/cat_10k/images/c6128a8b6518145adffccc1bcbd9bcbc.jpg,c6128a8b6518145adffccc1bcbd9bcbc
7837,datasets/cat_10k/images/c61e218209e8977f160e90aeab0b34b0.jpg,c61e218209e8977f160e90aeab0b34b0
7838,datasets/cat_10k/images/c61f17dff5c9198e5f120ae48488abbb.jpg,c61f17dff5c9198e5f120ae48488abbb
7839,datasets/cat_10k/images/c6227fd4c62bca2bec2a2785b64365e8.jpg,c6227fd4c62bca2bec2a2785b64365e8
7840,datasets/cat_10k/images/c63a8909d14652fc37c40a110cd15742.jpg,c63a8909d14652fc37c40a110cd15742
7841,datasets/cat_10k/images/c63e14a135970248ca96e33e275f2959.jpg,c63e14a135970248ca96e33e275f2959
7842,datasets/cat_10k/images/c65003964b76349ef03bca0cced01fc1.jpg,c65003964b76349ef03bca0cced01fc1
7843,datasets/cat_10k/images/c651ad1b5e1df64bcc2674e707464fbf.jpg,c651ad1b5e1df64bcc2674e707464fbf
7844,datasets/cat_10k/images/c65c70e494f3131862a3e524909b6584.jpg,c65c70e494f3131862a3e524909b6584
7845,datasets/cat_10k/images/c65fd58884e010c0f3d434e5189dec84.jpg,c65fd58884e010c0f3d434e5189dec84
7846,datasets/cat_10k/images/c6667a5776331c5dc9dec0fb607a17ac.jpg,c6667a5776331c5dc9dec0fb607a17ac
7847,datasets/cat_10k/images/c66c92c15983359aa22908b92627ae10.jpg,c66c92c15983359aa22908b92627ae10
7848,datasets/cat_10k/images/c676862d09c6ed3ca40e866a9eb13ee0.jpg,c676862d09c6ed3ca40e866a9eb13ee0
7849,datasets/cat_10k/images/c67e4cfe7b0c31304b9e498a4701db70.jpg,c67e4cfe7b0c31304b9e498a4701db70
7850,datasets/cat_10k/images/c6809c3cf00eeedd23adf6d0467d3f70.jpg,c6809c3cf00eeedd23adf6d0467d3f70
7851,datasets/cat_10k/images/c681812ebc8ce8546faba4e9cc86ebaa.jpg,c681812ebc8ce8546faba4e9cc86ebaa
7852,datasets/cat_10k/images/c6851632d412e28ec951418a011cb830.jpg,c6851632d412e28ec951418a011cb830
7853,datasets/cat_10k/images/c68aa8fe06e09afa6df8c1c7126e9ff7.jpg,c68aa8fe06e09afa6df8c1c7126e9ff7
7854,datasets/cat_10k/images/c69fe9d3eacfd5f41ea9457937b890d5.jpg,c69fe9d3eacfd5f41ea9457937b890d5
7855,datasets/cat_10k/images/c6ae2871a8778d8760c23a1f335e0cae.jpg,c6ae2871a8778d8760c23a1f335e0cae
7856,datasets/cat_10k/images/c6bdf521e8fed5a387ea02b567a4a965.jpg,c6bdf521e8fed5a387ea02b567a4a965
7857,datasets/cat_10k/images/c6c0cd9b25c5300eab9ad24cfc3884a5.jpg,c6c0cd9b25c5300eab9ad24cfc3884a5
7858,datasets/cat_10k/images/c6d80a55c912d371a8d856bd888fc8e2.jpg,c6d80a55c912d371a8d856bd888fc8e2
7859,datasets/cat_10k/images/c6e2119fc8086adf7418052b36405978.jpg,c6e2119fc8086adf7418052b36405978
7860,datasets/cat_10k/images/c6e5952eadf0c7e7d17fa32896fb1624.jpg,c6e5952eadf0c7e7d17fa32896fb1624
7861,datasets/cat_10k/images/c6e913e9a242b093870ec7cfb2392a22.jpg,c6e913e9a242b093870ec7cfb2392a22
7862,datasets/cat_10k/images/c6eaf8d021714b0c1ba488901be492b8.jpg,c6eaf8d021714b0c1ba488901be492b8
7863,datasets/cat_10k/images/c6ee86156663790605e3af6bdd69487e.jpg,c6ee86156663790605e3af6bdd69487e
7864,datasets/cat_10k/images/c6f03c47c26505273f8d8592e59b0aa8.jpg,c6f03c47c26505273f8d8592e59b0aa8
7865,datasets/cat_10k/images/c6f4abea5dbda784ce19589432c3eb4e.jpg,c6f4abea5dbda784ce19589432c3eb4e
7866,datasets/cat_10k/images/c6f84e6ef9fc4deb3b098ab9fc20f4d5.jpg,c6f84e6ef9fc4deb3b098ab9fc20f4d5
7867,datasets/cat_10k/images/c6f853bf1bc0a029d34cb275548ee09d.jpg,c6f853bf1bc0a029d34cb275548ee09d
7868,datasets/cat_10k/images/c702445ac657057aa3fd11c8e06f7096.jpg,c702445ac657057aa3fd11c8e06f7096
7869,datasets/cat_10k/images/c70f67f073c22cc3d22434bbcf83236a.jpg,c70f67f073c22cc3d22434bbcf83236a
7870,datasets/cat_10k/images/c7161555f16478e501cd83655b418245.jpg,c7161555f16478e501cd83655b418245
7871,datasets/cat_10k/images/c71695a49ea3f553db5003f071506b3c.jpg,c71695a49ea3f553db5003f071506b3c
7872,datasets/cat_10k/images/c71d609a0bb952c3a2106c9fb6fa921a.jpg,c71d609a0bb952c3a2106c9fb6fa921a
7873,datasets/cat_10k/images/c721b579c194e974980bc2b1c168d78d.jpg,c721b579c194e974980bc2b1c168d78d
7874,datasets/cat_10k/images/c72b62981df8d027ef04304171abac57.jpg,c72b62981df8d027ef04304171abac57
7875,datasets/cat_10k/images/c72f74125d5bfcffccbf74b7237ea7a1.jpg,c72f74125d5bfcffccbf74b7237ea7a1
7876,datasets/cat_10k/images/c730555a7adbabba0f780c17d311fba4.jpg,c730555a7adbabba0f780c17d311fba4
7877,datasets/cat_10k/images/c732c22a7003162b3602d39b48c2d672.jpg,c732c22a7003162b3602d39b48c2d672
7878,datasets/cat_10k/images/c7339e7a747fe72b4654fca65acf15fe.jpg,c7339e7a747fe72b4654fca65acf15fe
7879,datasets/cat_10k/images/c741325c9b08055666a86c92bed231b2.jpg,c741325c9b08055666a86c92bed231b2
7880,datasets/cat_10k/images/c74764e0464b77ef4f0370d27028e1d3.jpg,c74764e0464b77ef4f0370d27028e1d3
7881,datasets/cat_10k/images/c74898b68a410f75fe54918088d75679.jpg,c74898b68a410f75fe54918088d75679
7882,datasets/cat_10k/images/c75315d021e6a27bb5c313fc3c3cf52f.jpg,c75315d021e6a27bb5c313fc3c3cf52f
7883,datasets/cat_10k/images/c75f9d02051e4a42e34e04b1083936c9.jpg,c75f9d02051e4a42e34e04b1083936c9
7884,datasets/cat_10k/images/c7600d8a1831e873f1e15853a1bbc104.jpg,c7600d8a1831e873f1e15853a1bbc104
7885,datasets/cat_10k/images/c76fd6d2dbd814329dd25b8535b6d1d2.jpg,c76fd6d2dbd814329dd25b8535b6d1d2
7886,datasets/cat_10k/images/c77d29225a77ae835a35802a4606ad44.jpg,c77d29225a77ae835a35802a4606ad44
7887,datasets/cat_10k/images/c78625b6a3d7e0e0810493fcdf467523.jpg,c78625b6a3d7e0e0810493fcdf467523
7888,datasets/cat_10k/images/c786b67f985ca9fd26d2e7cc2f4d512d.jpg,c786b67f985ca9fd26d2e7cc2f4d512d
7889,datasets/cat_10k/images/c78948d9d7b9449c79c6d8edc3d29c93.jpg,c78948d9d7b9449c79c6d8edc3d29c93
7890,datasets/cat_10k/images/c7914b93482f188f135c1cf8a8afc381.jpg,c7914b93482f188f135c1cf8a8afc381
7891,datasets/cat_10k/images/c791d489966f39163f228f0cb2fb56ec.jpg,c791d489966f39163f228f0cb2fb56ec
7892,datasets/cat_10k/images/c7a10e2b03452f2692873b2190694fc3.jpg,c7a10e2b03452f2692873b2190694fc3
7893,datasets/cat_10k/images/c7b3e6eceab7046bbe881a21238141fc.jpg,c7b3e6eceab7046bbe881a21238141fc
7894,datasets/cat_10k/images/c7c3d2d0db2ac1d42176f27b13099a2d.jpg,c7c3d2d0db2ac1d42176f27b13099a2d
7895,datasets/cat_10k/images/c7cf1d36820f5c304eeac9462ad123f0.jpg,c7cf1d36820f5c304eeac9462ad123f0
7896,datasets/cat_10k/images/c7d1f838fdf21766e9eae4937030b1ef.jpg,c7d1f838fdf21766e9eae4937030b1ef
7897,datasets/cat_10k/images/c7d5ec7e851f1e940e3b7ada37f976c7.jpg,c7d5ec7e851f1e940e3b7ada37f976c7
7898,datasets/cat_10k/images/c7e010f6770243dd3ec0b812d4fa6e26.jpg,c7e010f6770243dd3ec0b812d4fa6e26
7899,datasets/cat_10k/images/c7e75f25c01708c0c3221f5892445fea.jpg,c7e75f25c01708c0c3221f5892445fea
7900,datasets/cat_10k/images/c7f94d4c5da3d2a3c9ae861d792e10f0.jpg,c7f94d4c5da3d2a3c9ae861d792e10f0
7901,datasets/cat_10k/images/c7f9b8ddcfcd138435d94e5ca6000c67.jpg,c7f9b8ddcfcd138435d94e5ca6000c67
7902,datasets/cat_10k/images/c80024bb0c3add0b1ce4caeae7e2cd1e.jpg,c80024bb0c3add0b1ce4caeae7e2cd1e
7903,datasets/cat_10k/images/c81047de08580267e31e0048bab219f4.jpg,c81047de08580267e31e0048bab219f4
7904,datasets/cat_10k/images/c81185d85aabc4822da058b0e710097b.jpg,c81185d85aabc4822da058b0e710097b
7905,datasets/cat_10k/images/c81361b2981d4af72b31c909ad4bbb3a.jpg,c81361b2981d4af72b31c909ad4bbb3a
7906,datasets/cat_10k/images/c8143516399125ddb5fb5c71d7131bf2.jpg,c8143516399125ddb5fb5c71d7131bf2
7907,datasets/cat_10k/images/c81735afcf54ed4c8c2f618f011dcd58.jpg,c81735afcf54ed4c8c2f618f011dcd58
7908,datasets/cat_10k/images/c81d711295ce3362211aa6b045d26290.jpg,c81d711295ce3362211aa6b045d26290
7909,datasets/cat_10k/images/c827ab115e9c3a6b4e390b02a9f451c0.jpg,c827ab115e9c3a6b4e390b02a9f451c0
7910,datasets/cat_10k/images/c8309115f8a619aa436a92dc44384673.jpg,c8309115f8a619aa436a92dc44384673
7911,datasets/cat_10k/images/c839b3415f9e4f4df62631ed6f67381d.jpg,c839b3415f9e4f4df62631ed6f67381d
7912,datasets/cat_10k/images/c84947654591e99f620c56420eff526d.jpg,c84947654591e99f620c56420eff526d
7913,datasets/cat_10k/images/c84cf586f9e00047776f9e4355788e87.jpg,c84cf586f9e00047776f9e4355788e87
7914,datasets/cat_10k/images/c8519ebd4e035c7acf4c5845bd8e16e8.jpg,c8519ebd4e035c7acf4c5845bd8e16e8
7915,datasets/cat_10k/images/c854ea5bb06177cfbcffbfefe6832644.jpg,c854ea5bb06177cfbcffbfefe6832644
7916,datasets/cat_10k/images/c85575ea651178f715eabc84d02683a7.jpg,c85575ea651178f715eabc84d02683a7
7917,datasets/cat_10k/images/c857e5f78b2d9615cc84be7f632e04d0.jpg,c857e5f78b2d9615cc84be7f632e04d0
7918,datasets/cat_10k/images/c85c94124932ba13cff74ecf4c40ff4a.jpg,c85c94124932ba13cff74ecf4c40ff4a
7919,datasets/cat_10k/images/c85e1e3b7d2a6b23f13e35c2167c4861.jpg,c85e1e3b7d2a6b23f13e35c2167c4861
7920,datasets/cat_10k/images/c8652157018d9df90a7489068b182da3.jpg,c8652157018d9df90a7489068b182da3
7921,datasets/cat_10k/images/c876b9a0d7fa2bc55b7a4068b8741f79.jpg,c876b9a0d7fa2bc55b7a4068b8741f79
7922,datasets/cat_10k/images/c88140c0526798a28482f74ac6347e8d.jpg,c88140c0526798a28482f74ac6347e8d
7923,datasets/cat_10k/images/c885e6ab3a44499ce7528168eb918e30.jpg,c885e6ab3a44499ce7528168eb918e30
7924,datasets/cat_10k/images/c88d74c6f3a3730a6bf55e226e874c40.jpg,c88d74c6f3a3730a6bf55e226e874c40
7925,datasets/cat_10k/images/c88f7257d3ae27d550195e54abf91c2d.jpg,c88f7257d3ae27d550195e54abf91c2d
7926,datasets/cat_10k/images/c8912bbc385b422c9e05d4de8371c71a.jpg,c8912bbc385b422c9e05d4de8371c71a
7927,datasets/cat_10k/images/c89682c36ec7a30d3fde3eedc1431c25.jpg,c89682c36ec7a30d3fde3eedc1431c25
7928,datasets/cat_10k/images/c8a10dcc7def9233f9f92db8da20189a.jpg,c8a10dcc7def9233f9f92db8da20189a
7929,datasets/cat_10k/images/c8a21244de4eebbdae6859f3421b5c5e.jpg,c8a21244de4eebbdae6859f3421b5c5e
7930,datasets/cat_10k/images/c8a75360719ce9a04fd262ab151a2bad.jpg,c8a75360719ce9a04fd262ab151a2bad
7931,datasets/cat_10k/images/c8ab34f115ad716ac96a106c3921e494.jpg,c8ab34f115ad716ac96a106c3921e494
7932,datasets/cat_10k/images/c8ad03442770760ee4e624838598c75c.jpg,c8ad03442770760ee4e624838598c75c
7933,datasets/cat_10k/images/c8b43199b1913d2b5d085bc5f821a0da.jpg,c8b43199b1913d2b5d085bc5f821a0da
7934,datasets/cat_10k/images/c8b6ec01300db65a5d72962bc8a77bb3.jpg,c8b6ec01300db65a5d72962bc8a77bb3
7935,datasets/cat_10k/images/c8b7167e47f55e3ec6bf464a40ae6b35.jpg,c8b7167e47f55e3ec6bf464a40ae6b35
7936,datasets/cat_10k/images/c8b8aec8ced3e0e48fa0b2ce8e1a2ca9.jpg,c8b8aec8ced3e0e48fa0b2ce8e1a2ca9
7937,datasets/cat_10k/images/c8b94af418d43da5f880de0ca4b294d7.jpg,c8b94af418d43da5f880de0ca4b294d7
7938,datasets/cat_10k/images/c8ca108d86136dc8b34949df5b23a388.jpg,c8ca108d86136dc8b34949df5b23a388
7939,datasets/cat_10k/images/c8d18150e9f5a59dc55ad709a1e3c002.jpg,c8d18150e9f5a59dc55ad709a1e3c002
7940,datasets/cat_10k/images/c8db1edab57f729b411d837b6520f92f.jpg,c8db1edab57f729b411d837b6520f92f
7941,datasets/cat_10k/images/c8dd4515febb832f0f71bb55545fa13b.jpg,c8dd4515febb832f0f71bb55545fa13b
7942,datasets/cat_10k/images/c8dfe6c7ef05b3bf417071389e4c3445.jpg,c8dfe6c7ef05b3bf417071389e4c3445
7943,datasets/cat_10k/images/c8e93da3ff53dd3eccd3d8cf37d63785.jpg,c8e93da3ff53dd3eccd3d8cf37d63785
7944,datasets/cat_10k/images/c8ebf016aadbd88f7d02e49cd7a8cba3.jpg,c8ebf016aadbd88f7d02e49cd7a8cba3
7945,datasets/cat_10k/images/c8ef93bef5601586c30dc96bc817228e.jpg,c8ef93bef5601586c30dc96bc817228e
7946,datasets/cat_10k/images/c8f6301f3cc164f57643462f9d0e5094.jpg,c8f6301f3cc164f57643462f9d0e5094
7947,datasets/cat_10k/images/c8fb981d603fed635618322c6eed5508.jpg,c8fb981d603fed635618322c6eed5508
7948,datasets/cat_10k/images/c9141224564c72485eb2508eb479678f.jpg,c9141224564c72485eb2508eb479678f
7949,datasets/cat_10k/images/c920a51062b98ed3d163d50f876f967a.jpg,c920a51062b98ed3d163d50f876f967a
7950,datasets/cat_10k/images/c931773e34c4fd892146bac5b687ef21.jpg,c931773e34c4fd892146bac5b687ef21
7951,datasets/cat_10k/images/c939c8497aff9f3264a1dc872f898cfd.jpg,c939c8497aff9f3264a1dc872f898cfd
7952,datasets/cat_10k/images/c93e21c95810a1b561b0bb1228518c18.jpg,c93e21c95810a1b561b0bb1228518c18
7953,datasets/cat_10k/images/c940b5ac9f8ff3c0ca6bb03760123a02.jpg,c940b5ac9f8ff3c0ca6bb03760123a02
7954,datasets/cat_10k/images/c94957fbe97a4cc8f49b29aef9c2ff2a.jpg,c94957fbe97a4cc8f49b29aef9c2ff2a
7955,datasets/cat_10k/images/c94dbbb92964ab30511386b59c438668.jpg,c94dbbb92964ab30511386b59c438668
7956,datasets/cat_10k/images/c951efb8800b02f8aa6e4becdd3c4f02.jpg,c951efb8800b02f8aa6e4becdd3c4f02
7957,datasets/cat_10k/images/c957c2e5b8eb0d8a56cf1110fb7a33f3.jpg,c957c2e5b8eb0d8a56cf1110fb7a33f3
7958,datasets/cat_10k/images/c95c19a310606ea8c21f780e70498004.jpg,c95c19a310606ea8c21f780e70498004
7959,datasets/cat_10k/images/c969afaee1c913c9e849bf7196fc66e2.jpg,c969afaee1c913c9e849bf7196fc66e2
7960,datasets/cat_10k/images/c971887d1c96f1fd444c90d1f57cf994.jpg,c971887d1c96f1fd444c90d1f57cf994
7961,datasets/cat_10k/images/c975579f82eab70a962e451c4f8025ff.jpg,c975579f82eab70a962e451c4f8025ff
7962,datasets/cat_10k/images/c97ab30e4ebfb9d1586b494d6c914777.jpg,c97ab30e4ebfb9d1586b494d6c914777
7963,datasets/cat_10k/images/c97c50e27c22c7d02f0671d8957ccbfb.jpg,c97c50e27c22c7d02f0671d8957ccbfb
7964,datasets/cat_10k/images/c98109324a37ce242a0a4508f1be17e3.jpg,c98109324a37ce242a0a4508f1be17e3
7965,datasets/cat_10k/images/c981e609441443c35dd5c7b98e6e3892.jpg,c981e609441443c35dd5c7b98e6e3892
7966,datasets/cat_10k/images/c98500ab9f19b20ca11d05a1e7ae4678.jpg,c98500ab9f19b20ca11d05a1e7ae4678
7967,datasets/cat_10k/images/c986842f6343a0512756b43c8751dfc1.jpg,c986842f6343a0512756b43c8751dfc1
7968,datasets/cat_10k/images/c98fd642d89921b6f97fdf75954a980f.jpg,c98fd642d89921b6f97fdf75954a980f
7969,datasets/cat_10k/images/c9953f3e3743696ac5c48aa13248c8d1.jpg,c9953f3e3743696ac5c48aa13248c8d1
7970,datasets/cat_10k/images/c9982c4297a5fcdb68060d38943c499b.jpg,c9982c4297a5fcdb68060d38943c499b
7971,datasets/cat_10k/images/c99e8b558bda3922946010afe48c098c.jpg,c99e8b558bda3922946010afe48c098c
7972,datasets/cat_10k/images/c9a26b7525655be8cc19289b0543ca48.jpg,c9a26b7525655be8cc19289b0543ca48
7973,datasets/cat_10k/images/c9a6a7c3fba61d6b538e5fb2b5e75220.jpg,c9a6a7c3fba61d6b538e5fb2b5e75220
7974,datasets/cat_10k/images/c9a743d012edcc2735e157ec00608111.jpg,c9a743d012edcc2735e157ec00608111
7975,datasets/cat_10k/images/c9aeacfca09768e10e4f46e3ab121359.jpg,c9aeacfca09768e10e4f46e3ab121359
7976,datasets/cat_10k/images/c9b09d9291a8b26f8e30feefd0909bd4.jpg,c9b09d9291a8b26f8e30feefd0909bd4
7977,datasets/cat_10k/images/c9b7d54c5b25e1e486114ed642c753ef.jpg,c9b7d54c5b25e1e486114ed642c753ef
7978,datasets/cat_10k/images/c9cd36365dcc16162f4e405d601242ad.jpg,c9cd36365dcc16162f4e405d601242ad
7979,datasets/cat_10k/images/c9d1b863694f993724401c9e143d88e8.jpg,c9d1b863694f993724401c9e143d88e8
7980,datasets/cat_10k/images/c9d36400ef6ee4ab1a135d1ae444e85d.jpg,c9d36400ef6ee4ab1a135d1ae444e85d
7981,datasets/cat_10k/images/c9e2ee4028caa015ecfb870bcec92db9.jpg,c9e2ee4028caa015ecfb870bcec92db9
7982,datasets/cat_10k/images/c9efc4467b32b1c3a8e6b8e4131be9be.jpg,c9efc4467b32b1c3a8e6b8e4131be9be
7983,datasets/cat_10k/images/c9f6fef8aa6a3f6b4338689c47eb5e6a.jpg,c9f6fef8aa6a3f6b4338689c47eb5e6a
7984,datasets/cat_10k/images/c9f7e8b533b9b4c6f580a2c72dab1dcf.jpg,c9f7e8b533b9b4c6f580a2c72dab1dcf
7985,datasets/cat_10k/images/c9f8be0fa362c3b3ae661e3aaf39e818.jpg,c9f8be0fa362c3b3ae661e3aaf39e818
7986,datasets/cat_10k/images/ca041e65a1c1b96149304338eaa2e2a3.jpg,ca041e65a1c1b96149304338eaa2e2a3
7987,datasets/cat_10k/images/ca077df75cfc5b703579e0297d00ed5a.jpg,ca077df75cfc5b703579e0297d00ed5a
7988,datasets/cat_10k/images/ca094998e61c8d2e8d02299f3f48ea2f.jpg,ca094998e61c8d2e8d02299f3f48ea2f
7989,datasets/cat_10k/images/ca0b12d5a245890640b3274467735db6.jpg,ca0b12d5a245890640b3274467735db6
7990,datasets/cat_10k/images/ca0fd776507924a9b1802eb91d691eeb.jpg,ca0fd776507924a9b1802eb91d691eeb
7991,datasets/cat_10k/images/ca11d7e9d2117f0f87eccad651a92849.jpg,ca11d7e9d2117f0f87eccad651a92849
7992,datasets/cat_10k/images/ca176ebd0d1137e9073ffdcd34334405.jpg,ca176ebd0d1137e9073ffdcd34334405
7993,datasets/cat_10k/images/ca2237459cc5716d7030fa9e97bfd838.jpg,ca2237459cc5716d7030fa9e97bfd838
7994,datasets/cat_10k/images/ca26b60df1eebc330f3bfa44945ad100.jpg,ca26b60df1eebc330f3bfa44945ad100
7995,datasets/cat_10k/images/ca2ae372d4f6993e3d67f28964b4f747.jpg,ca2ae372d4f6993e3d67f28964b4f747
7996,datasets/cat_10k/images/ca3d7f6b4b8652b6b653d73be240b331.jpg,ca3d7f6b4b8652b6b653d73be240b331
7997,datasets/cat_10k/images/ca52ef7d137273424926599abb117197.jpg,ca52ef7d137273424926599abb117197
7998,datasets/cat_10k/images/ca5de980a72a512ba36db4870fa4ecb0.jpg,ca5de980a72a512ba36db4870fa4ecb0
7999,datasets/cat_10k/images/ca60e99a8204b1767c39b3d9ddcd6376.jpg,ca60e99a8204b1767c39b3d9ddcd6376
8000,datasets/cat_10k/images/ca6d677ed42565b6fa0d09f3931d7e30.jpg,ca6d677ed42565b6fa0d09f3931d7e30
8001,datasets/cat_10k/images/ca73f838fc1f5e8d9485a64e20347932.jpg,ca73f838fc1f5e8d9485a64e20347932
8002,datasets/cat_10k/images/ca76ae76f9602b931e3cd3cf4bd0738c.jpg,ca76ae76f9602b931e3cd3cf4bd0738c
8003,datasets/cat_10k/images/ca853264de58d973a919c4f47bbb0daa.jpg,ca853264de58d973a919c4f47bbb0daa
8004,datasets/cat_10k/images/ca8adab25de56c29bfa549878c97609f.jpg,ca8adab25de56c29bfa549878c97609f
8005,datasets/cat_10k/images/ca8bca934f3b4146418fb271c3be9189.jpg,ca8bca934f3b4146418fb271c3be9189
8006,datasets/cat_10k/images/ca9356213f49a40a7dfa7c105986074c.jpg,ca9356213f49a40a7dfa7c105986074c
8007,datasets/cat_10k/images/ca98b10df19e7dd32c7546cdd8e4688f.jpg,ca98b10df19e7dd32c7546cdd8e4688f
8008,datasets/cat_10k/images/caa4a1bb53d8581cb3eb9fda61af0f49.jpg,caa4a1bb53d8581cb3eb9fda61af0f49
8009,datasets/cat_10k/images/caa774fbfcb934807a3e50ad73686971.jpg,caa774fbfcb934807a3e50ad73686971
8010,datasets/cat_10k/images/caaa4b485c5291ac8a0b3ab7a72e2276.jpg,caaa4b485c5291ac8a0b3ab7a72e2276
8011,datasets/cat_10k/images/caabdc7c3e59f17b41b4f821d45e5571.jpg,caabdc7c3e59f17b41b4f821d45e5571
8012,datasets/cat_10k/images/cab13dfecd447c266ec32ce91c2d0f45.jpg,cab13dfecd447c266ec32ce91c2d0f45
8013,datasets/cat_10k/images/cac18897acd65a6652672e5e2e7aaf95.jpg,cac18897acd65a6652672e5e2e7aaf95
8014,datasets/cat_10k/images/cac6810d1a30ff80e8058b881410cad1.jpg,cac6810d1a30ff80e8058b881410cad1
8015,datasets/cat_10k/images/cac9cebe3f6eebf1035dae3c636f3301.jpg,cac9cebe3f6eebf1035dae3c636f3301
8016,datasets/cat_10k/images/cacd943f3c6438b20823be2558f464a4.jpg,cacd943f3c6438b20823be2558f464a4
8017,datasets/cat_10k/images/cad1bc0f07e070797ec0c22a174a2b64.jpg,cad1bc0f07e070797ec0c22a174a2b64
8018,datasets/cat_10k/images/cae29ffe126a81fa1836c0313b2a2ad4.jpg,cae29ffe126a81fa1836c0313b2a2ad4
8019,datasets/cat_10k/images/cae95f2bb65663dd645bfd261226934b.jpg,cae95f2bb65663dd645bfd261226934b
8020,datasets/cat_10k/images/caead9142f4e9fb3b3160bc508dfc6ff.jpg,caead9142f4e9fb3b3160bc508dfc6ff
8021,datasets/cat_10k/images/caee8166efbbe5db7aa9364b8e953ea4.jpg,caee8166efbbe5db7aa9364b8e953ea4
8022,datasets/cat_10k/images/caf2c4300f661d429f3096270aa1a530.jpg,caf2c4300f661d429f3096270aa1a530
8023,datasets/cat_10k/images/caf797855ace15bc9389089c265a5265.jpg,caf797855ace15bc9389089c265a5265
8024,datasets/cat_10k/images/cb0891464b280f1c62db5cde49a5ab13.jpg,cb0891464b280f1c62db5cde49a5ab13
8025,datasets/cat_10k/images/cb108ca39aeb2bd218bfc7cd7245768f.jpg,cb108ca39aeb2bd218bfc7cd7245768f
8026,datasets/cat_10k/images/cb2ec08777be63b18cb73010af3800d0.jpg,cb2ec08777be63b18cb73010af3800d0
8027,datasets/cat_10k/images/cb41cdc939e1a9f8aa99465bddc534b5.jpg,cb41cdc939e1a9f8aa99465bddc534b5
8028,datasets/cat_10k/images/cb4297bd356aab9831fe9fdd432f4739.jpg,cb4297bd356aab9831fe9fdd432f4739
8029,datasets/cat_10k/images/cb456e81113ead2971688d71ead4a0ec.jpg,cb456e81113ead2971688d71ead4a0ec
8030,datasets/cat_10k/images/cb542a9fa5fd36e8b2f316c1f3a0fdaf.jpg,cb542a9fa5fd36e8b2f316c1f3a0fdaf
8031,datasets/cat_10k/images/cb583ff0f992fbe018220f14486c38e2.jpg,cb583ff0f992fbe018220f14486c38e2
8032,datasets/cat_10k/images/cb6478db058c18c519d5d6ea654412b4.jpg,cb6478db058c18c519d5d6ea654412b4
8033,datasets/cat_10k/images/cb6ef917d529f96c6ab6ac67ad60b950.jpg,cb6ef917d529f96c6ab6ac67ad60b950
8034,datasets/cat_10k/images/cb6f0b6e0307dcc9a3c2d9315fd57721.jpg,cb6f0b6e0307dcc9a3c2d9315fd57721
8035,datasets/cat_10k/images/cb74af9000e86f49c49094d7a8cec8ff.jpg,cb74af9000e86f49c49094d7a8cec8ff
8036,datasets/cat_10k/images/cb7c85820aa1e4e8c3a615db87f8e2e5.jpg,cb7c85820aa1e4e8c3a615db87f8e2e5
8037,datasets/cat_10k/images/cb7d3e41c40785ba82d73a1c357f45d5.jpg,cb7d3e41c40785ba82d73a1c357f45d5
8038,datasets/cat_10k/images/cb95aa1a705d38d53e7ceea66ddd4f91.jpg,cb95aa1a705d38d53e7ceea66ddd4f91
8039,datasets/cat_10k/images/cb97c65cbbfb6560000433cac066c8ac.jpg,cb97c65cbbfb6560000433cac066c8ac
8040,datasets/cat_10k/images/cb9b9230a3e5096d5c2d1b099e774c8a.jpg,cb9b9230a3e5096d5c2d1b099e774c8a
8041,datasets/cat_10k/images/cba54e54c863aef4582f60ab300fbe71.jpg,cba54e54c863aef4582f60ab300fbe71
8042,datasets/cat_10k/images/cba929d78dc3c970c4fd488763fe10fb.jpg,cba929d78dc3c970c4fd488763fe10fb
8043,datasets/cat_10k/images/cbaba4714303002867ba4da45a64ab10.jpg,cbaba4714303002867ba4da45a64ab10
8044,datasets/cat_10k/images/cbb394c126dc4d7a9fcfea8390d991f0.jpg,cbb394c126dc4d7a9fcfea8390d991f0
8045,datasets/cat_10k/images/cbb5cad9a5bacd3babc00213f11a89a2.jpg,cbb5cad9a5bacd3babc00213f11a89a2
8046,datasets/cat_10k/images/cbbad83ecd139d2fde70f7365ac21656.jpg,cbbad83ecd139d2fde70f7365ac21656
8047,datasets/cat_10k/images/cbbec7c6cbf84a9348194b0f19d594c8.jpg,cbbec7c6cbf84a9348194b0f19d594c8
8048,datasets/cat_10k/images/cbbf186b08982502ca54b3dd49f02263.jpg,cbbf186b08982502ca54b3dd49f02263
8049,datasets/cat_10k/images/cbbfa19866f01303b78e353fa7e711d9.jpg,cbbfa19866f01303b78e353fa7e711d9
8050,datasets/cat_10k/images/cbc0d86f956bee18056022d9b25e8ec1.jpg,cbc0d86f956bee18056022d9b25e8ec1
8051,datasets/cat_10k/images/cbd5aa08ad2c2960c736cf709e58d06b.jpg,cbd5aa08ad2c2960c736cf709e58d06b
8052,datasets/cat_10k/images/cbdc4fd4017a1b4fdb34b0346378b0f6.jpg,cbdc4fd4017a1b4fdb34b0346378b0f6
8053,datasets/cat_10k/images/cbdc609c323e74906b19ada69ba5fc6f.jpg,cbdc609c323e74906b19ada69ba5fc6f
8054,datasets/cat_10k/images/cbde9d8f3295e86bbf5a30c36319c1d5.jpg,cbde9d8f3295e86bbf5a30c36319c1d5
8055,datasets/cat_10k/images/cbe85c1df529e5e25092b1bf6d6129a7.jpg,cbe85c1df529e5e25092b1bf6d6129a7
8056,datasets/cat_10k/images/cbebb38d8fbdbeecc6ed92441c7123d9.jpg,cbebb38d8fbdbeecc6ed92441c7123d9
8057,datasets/cat_10k/images/cbecdd015b0744be7bf3706bc52840ea.jpg,cbecdd015b0744be7bf3706bc52840ea
8058,datasets/cat_10k/images/cbef8f2c365187f60cf1aec6c2fd54e4.jpg,cbef8f2c365187f60cf1aec6c2fd54e4
8059,datasets/cat_10k/images/cbf751d19c07796bc1c8a579a407d104.jpg,cbf751d19c07796bc1c8a579a407d104
8060,datasets/cat_10k/images/cbf95437e1880e8592547c162e9cbf4a.jpg,cbf95437e1880e8592547c162e9cbf4a
8061,datasets/cat_10k/images/cc02f0884977b5e414b6692804f6b1f5.jpg,cc02f0884977b5e414b6692804f6b1f5
8062,datasets/cat_10k/images/cc0a622d437eced5acc31b212c35220a.jpg,cc0a622d437eced5acc31b212c35220a
8063,datasets/cat_10k/images/cc0c0d1b8855f4d02e265c031204f017.jpg,cc0c0d1b8855f4d02e265c031204f017
8064,datasets/cat_10k/images/cc1500f06d343ea603a6494d7ed856a3.jpg,cc1500f06d343ea603a6494d7ed856a3
8065,datasets/cat_10k/images/cc1add975c0909aa802604b8f8e6f48e.jpg,cc1add975c0909aa802604b8f8e6f48e
8066,datasets/cat_10k/images/cc1b1fb161f380bf1ba4925aa440bf65.jpg,cc1b1fb161f380bf1ba4925aa440bf65
8067,datasets/cat_10k/images/cc1b22bbe846a4513e484adce755393f.jpg,cc1b22bbe846a4513e484adce755393f
8068,datasets/cat_10k/images/cc1f2f43e792c61c54c59622246c8b11.jpg,cc1f2f43e792c61c54c59622246c8b11
8069,datasets/cat_10k/images/cc208b6162dfe3e10b27bd786523ffa0.jpg,cc208b6162dfe3e10b27bd786523ffa0
8070,datasets/cat_10k/images/cc236a7ccaee9f15448f48bdd83cbfbd.jpg,cc236a7ccaee9f15448f48bdd83cbfbd
8071,datasets/cat_10k/images/cc2595abd5207e5a0e790882272fc384.jpg,cc2595abd5207e5a0e790882272fc384
8072,datasets/cat_10k/images/cc2725c42d41c8a5eb62f11ed4295ec4.jpg,cc2725c42d41c8a5eb62f11ed4295ec4
8073,datasets/cat_10k/images/cc44d235b026e60046c22ae74339134d.jpg,cc44d235b026e60046c22ae74339134d
8074,datasets/cat_10k/images/cc536b52957af49a1d50a16f26c3b7e8.jpg,cc536b52957af49a1d50a16f26c3b7e8
8075,datasets/cat_10k/images/cc56fa8eb0b9a0c4ce42509d21513a26.jpg,cc56fa8eb0b9a0c4ce42509d21513a26
8076,datasets/cat_10k/images/cc5f59071b100c31480326150ca4a7bb.jpg,cc5f59071b100c31480326150ca4a7bb
8077,datasets/cat_10k/images/cc60fab062bb32c9584815edb3461e4d.jpg,cc60fab062bb32c9584815edb3461e4d
8078,datasets/cat_10k/images/cc63c40b0885b76bf4f6d7aec2cada07.jpg,cc63c40b0885b76bf4f6d7aec2cada07
8079,datasets/cat_10k/images/cc67c15a48e6b3ffe48d319a25f65556.jpg,cc67c15a48e6b3ffe48d319a25f65556
8080,datasets/cat_10k/images/cc6ec2543f8123366227f8a695a30fac.jpg,cc6ec2543f8123366227f8a695a30fac
8081,datasets/cat_10k/images/cc7460e23d28db15ac40e8737f3499ba.jpg,cc7460e23d28db15ac40e8737f3499ba
8082,datasets/cat_10k/images/cc798a87e27b9e8a3b04b784d1902179.jpg,cc798a87e27b9e8a3b04b784d1902179
8083,datasets/cat_10k/images/cc7feb8e14f7e0db45a329be330d7dfb.jpg,cc7feb8e14f7e0db45a329be330d7dfb
8084,datasets/cat_10k/images/cc8b41a36c63a12812c5ee246b14338c.jpg,cc8b41a36c63a12812c5ee246b14338c
8085,datasets/cat_10k/images/cc8f058448fac8df857c0f327b8b139f.jpg,cc8f058448fac8df857c0f327b8b139f
8086,datasets/cat_10k/images/cc97bf65ddee6186a554ce5ac46f02c2.jpg,cc97bf65ddee6186a554ce5ac46f02c2
8087,datasets/cat_10k/images/cc9eda82426afd45abe8983ff561a87c.jpg,cc9eda82426afd45abe8983ff561a87c
8088,datasets/cat_10k/images/cca0e8311f6bfcdbc3806d3dc3e647ae.jpg,cca0e8311f6bfcdbc3806d3dc3e647ae
8089,datasets/cat_10k/images/cca2e0cf77b1bb203e33e7851bffcaaf.jpg,cca2e0cf77b1bb203e33e7851bffcaaf
8090,datasets/cat_10k/images/cca9e3ffac4d5122e8b09c9e7e53b34a.jpg,cca9e3ffac4d5122e8b09c9e7e53b34a
8091,datasets/cat_10k/images/ccb15b4c86a90b1515918cb95724efbf.jpg,ccb15b4c86a90b1515918cb95724efbf
8092,datasets/cat_10k/images/ccc15a8c548653a6506c9cf120fe9f8a.jpg,ccc15a8c548653a6506c9cf120fe9f8a
8093,datasets/cat_10k/images/cccccca5970b5ebad83d63bfcd7bf467.jpg,cccccca5970b5ebad83d63bfcd7bf467
8094,datasets/cat_10k/images/ccd74b199db0260c0eced057bd98c0bb.jpg,ccd74b199db0260c0eced057bd98c0bb
8095,datasets/cat_10k/images/ccd7d3e74b8cad015089477885745c5d.jpg,ccd7d3e74b8cad015089477885745c5d
8096,datasets/cat_10k/images/ccde2a5eb4746ce20cf98dc72b44cfad.jpg,ccde2a5eb4746ce20cf98dc72b44cfad
8097,datasets/cat_10k/images/ccf2c95509e67354323609a9d1dfff38.jpg,ccf2c95509e67354323609a9d1dfff38
8098,datasets/cat_10k/images/ccfef147e75bbf089cd20ee89483ebcf.jpg,ccfef147e75bbf089cd20ee89483ebcf
8099,datasets/cat_10k/images/ccff064eb514be484b6478b85e45870f.jpg,ccff064eb514be484b6478b85e45870f
8100,datasets/cat_10k/images/cd16017ff487aa9d57864d02adc040c9.jpg,cd16017ff487aa9d57864d02adc040c9
8101,datasets/cat_10k/images/cd197391d8c0c1d670d4d3707da744b5.jpg,cd197391d8c0c1d670d4d3707da744b5
8102,datasets/cat_10k/images/cd1c38ffa74563c1d5a421441a25011a.jpg,cd1c38ffa74563c1d5a421441a25011a
8103,datasets/cat_10k/images/cd217a68c482769e458f61e4a4c400d1.jpg,cd217a68c482769e458f61e4a4c400d1
8104,datasets/cat_10k/images/cd2211678ca7678b2ea1c2c1117276fe.jpg,cd2211678ca7678b2ea1c2c1117276fe
8105,datasets/cat_10k/images/cd22e52f8dd0ec42ddc72f0a17991864.jpg,cd22e52f8dd0ec42ddc72f0a17991864
8106,datasets/cat_10k/images/cd38c6e77d05fe5ee2e4b21d67a53aeb.jpg,cd38c6e77d05fe5ee2e4b21d67a53aeb
8107,datasets/cat_10k/images/cd4f1fbbee63889a7bcd696a2a8001f8.jpg,cd4f1fbbee63889a7bcd696a2a8001f8
8108,datasets/cat_10k/images/cd57c8764ebf7611ac30b0b4516f6a38.jpg,cd57c8764ebf7611ac30b0b4516f6a38
8109,datasets/cat_10k/images/cd60b23fefa33d2ea4c1d437a78d2a5b.jpg,cd60b23fefa33d2ea4c1d437a78d2a5b
8110,datasets/cat_10k/images/cd68783b9e4059458cdc4b2d07e5f714.jpg,cd68783b9e4059458cdc4b2d07e5f714
8111,datasets/cat_10k/images/cd6f943500aa5feb68ee1778cc7f22a2.jpg,cd6f943500aa5feb68ee1778cc7f22a2
8112,datasets/cat_10k/images/cd7034c290cf6789ec6a571abe967072.jpg,cd7034c290cf6789ec6a571abe967072
8113,datasets/cat_10k/images/cd786ca229ba9c8aea0f4ecb7bfcd03a.jpg,cd786ca229ba9c8aea0f4ecb7bfcd03a
8114,datasets/cat_10k/images/cd7a03cb7444b1361a998f09c29886d6.jpg,cd7a03cb7444b1361a998f09c29886d6
8115,datasets/cat_10k/images/cd7c4e1bc20fd5383b43f145cfee9fc0.jpg,cd7c4e1bc20fd5383b43f145cfee9fc0
8116,datasets/cat_10k/images/cd8bf204e51889aad5f0b9611eb66617.jpg,cd8bf204e51889aad5f0b9611eb66617
8117,datasets/cat_10k/images/cd8c9d4d6ec2879d90d2d23f723cd465.jpg,cd8c9d4d6ec2879d90d2d23f723cd465
8118,datasets/cat_10k/images/cd8ef9a8a165556726fb3045c4e03708.jpg,cd8ef9a8a165556726fb3045c4e03708
8119,datasets/cat_10k/images/cd9cbf1e38dcda7b4484d4101f80aaf5.jpg,cd9cbf1e38dcda7b4484d4101f80aaf5
8120,datasets/cat_10k/images/cd9d295b7704c7dd34e237df5f05045b.jpg,cd9d295b7704c7dd34e237df5f05045b
8121,datasets/cat_10k/images/cda85d3619e1489c0fd1328d7d97a3c1.jpg,cda85d3619e1489c0fd1328d7d97a3c1
8122,datasets/cat_10k/images/cdb150c0df25b716d69cff5cdc219266.jpg,cdb150c0df25b716d69cff5cdc219266
8123,datasets/cat_10k/images/cdc020fba203eb8aefcf6613a717d3bb.jpg,cdc020fba203eb8aefcf6613a717d3bb
8124,datasets/cat_10k/images/cdc100676eb2cb2c74e4469e9d1df81b.jpg,cdc100676eb2cb2c74e4469e9d1df81b
8125,datasets/cat_10k/images/cdc5c46bc38b2f78e4aadf57aa1c9b29.jpg,cdc5c46bc38b2f78e4aadf57aa1c9b29
8126,datasets/cat_10k/images/cdc645a6b7324c0c812f2b237a1be33d.jpg,cdc645a6b7324c0c812f2b237a1be33d
8127,datasets/cat_10k/images/cdc84db1283132ed418543fa5c1346c2.jpg,cdc84db1283132ed418543fa5c1346c2
8128,datasets/cat_10k/images/cdd986cfdf2c314abbbc60e70b34e8bb.jpg,cdd986cfdf2c314abbbc60e70b34e8bb
8129,datasets/cat_10k/images/cde14619dca579078b73e2588866c304.jpg,cde14619dca579078b73e2588866c304
8130,datasets/cat_10k/images/cde4750339230a510267ed45009aed53.jpg,cde4750339230a510267ed45009aed53
8131,datasets/cat_10k/images/cde5aa8a8643685e06731e1e203923ef.jpg,cde5aa8a8643685e06731e1e203923ef
8132,datasets/cat_10k/images/cde5ed3470a29d6e5af1992e9cc8a4ad.jpg,cde5ed3470a29d6e5af1992e9cc8a4ad
8133,datasets/cat_10k/images/cde87f64ee44bcb3dbca5bfd04d7f626.jpg,cde87f64ee44bcb3dbca5bfd04d7f626
8134,datasets/cat_10k/images/cdeb7f0ca37dbdee1f2fa7d51401f036.jpg,cdeb7f0ca37dbdee1f2fa7d51401f036
8135,datasets/cat_10k/images/cdec73d555091bb3f16894ab366de508.jpg,cdec73d555091bb3f16894ab366de508
8136,datasets/cat_10k/images/cdee7716eb23d46b8dacb3df42d5814d.jpg,cdee7716eb23d46b8dacb3df42d5814d
8137,datasets/cat_10k/images/cdef5d60579d7a7998899a8a5b0d91b7.jpg,cdef5d60579d7a7998899a8a5b0d91b7
8138,datasets/cat_10k/images/cdf0ee46105bb2eb9cce8c2ac79f19cb.jpg,cdf0ee46105bb2eb9cce8c2ac79f19cb
8139,datasets/cat_10k/images/ce06362fd620d66dc4ebab1193ce8d61.jpg,ce06362fd620d66dc4ebab1193ce8d61
8140,datasets/cat_10k/images/ce082838bab18e6825b00479fcf1e5e9.jpg,ce082838bab18e6825b00479fcf1e5e9
8141,datasets/cat_10k/images/ce13e001c97c3081d2feb3d8a55626a6.jpg,ce13e001c97c3081d2feb3d8a55626a6
8142,datasets/cat_10k/images/ce167158d3d1d6b06e6e05f15cf87f61.jpg,ce167158d3d1d6b06e6e05f15cf87f61
8143,datasets/cat_10k/images/ce366612165367c0792a90278384b40c.jpg,ce366612165367c0792a90278384b40c
8144,datasets/cat_10k/images/ce394a33ff032bc7b7402a96f5ba7918.jpg,ce394a33ff032bc7b7402a96f5ba7918
8145,datasets/cat_10k/images/ce3bf125cca27a29180267e99240eb4b.jpg,ce3bf125cca27a29180267e99240eb4b
8146,datasets/cat_10k/images/ce3c92b67eec340c079de8b1ad934d6e.jpg,ce3c92b67eec340c079de8b1ad934d6e
8147,datasets/cat_10k/images/ce44a8c19d54d104b4375dff513bd566.jpg,ce44a8c19d54d104b4375dff513bd566
8148,datasets/cat_10k/images/ce45a0021b6e02b63785c32c7c771f55.jpg,ce45a0021b6e02b63785c32c7c771f55
8149,datasets/cat_10k/images/ce480670e0f8be2432a69a0292293a62.jpg,ce480670e0f8be2432a69a0292293a62
8150,datasets/cat_10k/images/ce4f2eb7fb01de704d76904fcb9a13a3.jpg,ce4f2eb7fb01de704d76904fcb9a13a3
8151,datasets/cat_10k/images/ce5a2d6759e09889bbd637b15299f879.jpg,ce5a2d6759e09889bbd637b15299f879
8152,datasets/cat_10k/images/ce5a41d7d2bc3b25cbbf968919708f1d.jpg,ce5a41d7d2bc3b25cbbf968919708f1d
8153,datasets/cat_10k/images/ce5d181a16a9b8c5a78142019b76cc21.jpg,ce5d181a16a9b8c5a78142019b76cc21
8154,datasets/cat_10k/images/ce639f648b0a3612fbe972c87453d5c9.jpg,ce639f648b0a3612fbe972c87453d5c9
8155,datasets/cat_10k/images/ce643a66e3f14ddb05f0b6a7e078e5ff.jpg,ce643a66e3f14ddb05f0b6a7e078e5ff
8156,datasets/cat_10k/images/ce65051f4d0a61950f6861327e44028d.jpg,ce65051f4d0a61950f6861327e44028d
8157,datasets/cat_10k/images/ce6d8080e46f3eb9f1a8d180700f8c13.jpg,ce6d8080e46f3eb9f1a8d180700f8c13
8158,datasets/cat_10k/images/ce6de7fc086aac0cc10f2de8d7d802b9.jpg,ce6de7fc086aac0cc10f2de8d7d802b9
8159,datasets/cat_10k/images/ce80ec7fd2ed0830bab91678a0134335.jpg,ce80ec7fd2ed0830bab91678a0134335
8160,datasets/cat_10k/images/ce9a0b49082fb14b94bbe15e1319bf81.jpg,ce9a0b49082fb14b94bbe15e1319bf81
8161,datasets/cat_10k/images/ce9febe9e813e98313cfdbbb4ba3570d.jpg,ce9febe9e813e98313cfdbbb4ba3570d
8162,datasets/cat_10k/images/ceb06b4e233c4d26e9caa92fca6c9870.jpg,ceb06b4e233c4d26e9caa92fca6c9870
8163,datasets/cat_10k/images/cec3ed6a60518ee3f235910d279ce299.jpg,cec3ed6a60518ee3f235910d279ce299
8164,datasets/cat_10k/images/cec844b68376efd1f7be804dc003da11.jpg,cec844b68376efd1f7be804dc003da11
8165,datasets/cat_10k/images/cee7fc72d1eaf6ba9345d5c14d180e2a.jpg,cee7fc72d1eaf6ba9345d5c14d180e2a
8166,datasets/cat_10k/images/cee9b95b033cbedf692ad16ad02fe594.jpg,cee9b95b033cbedf692ad16ad02fe594
8167,datasets/cat_10k/images/cef643802c38cd1824ca724b242a2d6e.jpg,cef643802c38cd1824ca724b242a2d6e
8168,datasets/cat_10k/images/cefd0e3f9e639f3ec2d60dcf324a1dee.jpg,cefd0e3f9e639f3ec2d60dcf324a1dee
8169,datasets/cat_10k/images/ceffbe95e97d7ccb20c8415b77b34e03.jpg,ceffbe95e97d7ccb20c8415b77b34e03
8170,datasets/cat_10k/images/cf00b18956600300df4149d7e535986a.jpg,cf00b18956600300df4149d7e535986a
8171,datasets/cat_10k/images/cf0f53384574a17a4079240660424e02.jpg,cf0f53384574a17a4079240660424e02
8172,datasets/cat_10k/images/cf1470f18ed36eb88bbedb4e1ed5d51b.jpg,cf1470f18ed36eb88bbedb4e1ed5d51b
8173,datasets/cat_10k/images/cf1809227652543e372e29dab549bb19.jpg,cf1809227652543e372e29dab549bb19
8174,datasets/cat_10k/images/cf1966512ce6d0952c7581eced982bb5.jpg,cf1966512ce6d0952c7581eced982bb5
8175,datasets/cat_10k/images/cf245276b6dc59a9ff297169a4dbf28c.jpg,cf245276b6dc59a9ff297169a4dbf28c
8176,datasets/cat_10k/images/cf2506667c9ca11562b3bf4357ffa3a7.jpg,cf2506667c9ca11562b3bf4357ffa3a7
8177,datasets/cat_10k/images/cf297f416f1f88192b89096034efb39c.jpg,cf297f416f1f88192b89096034efb39c
8178,datasets/cat_10k/images/cf2a376580c31acd7e2eebfcfc2e79e1.jpg,cf2a376580c31acd7e2eebfcfc2e79e1
8179,datasets/cat_10k/images/cf2cdc5791ef3d01eeb2774e1f1924fe.jpg,cf2cdc5791ef3d01eeb2774e1f1924fe
8180,datasets/cat_10k/images/cf2f1081d29b4f9c89bc97a07249a6a6.jpg,cf2f1081d29b4f9c89bc97a07249a6a6
8181,datasets/cat_10k/images/cf3e74cc49f4846ef422385369993aa4.jpg,cf3e74cc49f4846ef422385369993aa4
8182,datasets/cat_10k/images/cf4aeae44e8c8ae0075c1699baf76855.jpg,cf4aeae44e8c8ae0075c1699baf76855
8183,datasets/cat_10k/images/cf51c23729af6e0a272e8d5e0e7d2807.jpg,cf51c23729af6e0a272e8d5e0e7d2807
8184,datasets/cat_10k/images/cf5e8c6b4d4e2262bb754a70a4fa4756.jpg,cf5e8c6b4d4e2262bb754a70a4fa4756
8185,datasets/cat_10k/images/cf6ab54e07bf71d6a53d8f04dc0fe240.jpg,cf6ab54e07bf71d6a53d8f04dc0fe240
8186,datasets/cat_10k/images/cf6ae3d8f1e56707d5df1be1da69086b.jpg,cf6ae3d8f1e56707d5df1be1da69086b
8187,datasets/cat_10k/images/cf6bf76511eba19b7eb3ac2bf552cc7e.jpg,cf6bf76511eba19b7eb3ac2bf552cc7e
8188,datasets/cat_10k/images/cf751c6897f87f3e986b9437c6b31c5b.jpg,cf751c6897f87f3e986b9437c6b31c5b
8189,datasets/cat_10k/images/cf7ae19ee433ad441927dcc71eb1fd62.jpg,cf7ae19ee433ad441927dcc71eb1fd62
8190,datasets/cat_10k/images/cf8659e3827ce4087910b0af5d3a692d.jpg,cf8659e3827ce4087910b0af5d3a692d
8191,datasets/cat_10k/images/cf88ef05da0903d99fef8a229284a3ad.jpg,cf88ef05da0903d99fef8a229284a3ad
8192,datasets/cat_10k/images/cf8e8dfbf86a68dd4a2418b33b0567b1.jpg,cf8e8dfbf86a68dd4a2418b33b0567b1
8193,datasets/cat_10k/images/cf94194c7082f8e7df076b5b8925af26.jpg,cf94194c7082f8e7df076b5b8925af26
8194,datasets/cat_10k/images/cf9742cd948139a62e5eb7ff9bcea7bd.jpg,cf9742cd948139a62e5eb7ff9bcea7bd
8195,datasets/cat_10k/images/cf9e290e7aac27fd3da9c0e94c66db49.jpg,cf9e290e7aac27fd3da9c0e94c66db49
8196,datasets/cat_10k/images/cfa1483c079d750e2d377be4a3c71bd9.jpg,cfa1483c079d750e2d377be4a3c71bd9
8197,datasets/cat_10k/images/cfadc6f1c8477a47339b78fb57cb33a0.jpg,cfadc6f1c8477a47339b78fb57cb33a0
8198,datasets/cat_10k/images/cfb24930d8791c47c1494f73d308963d.jpg,cfb24930d8791c47c1494f73d308963d
8199,datasets/cat_10k/images/cfb2bbfc30a6cc455152a59f6f659731.jpg,cfb2bbfc30a6cc455152a59f6f659731
8200,datasets/cat_10k/images/cfb2be27ef8a813654e08a8ad1c3daf8.jpg,cfb2be27ef8a813654e08a8ad1c3daf8
8201,datasets/cat_10k/images/cfb9620bcd30cf6cc6f38fa322bfbd40.jpg,cfb9620bcd30cf6cc6f38fa322bfbd40
8202,datasets/cat_10k/images/cfbbc4760747986c74fbbd8c98c9bca0.jpg,cfbbc4760747986c74fbbd8c98c9bca0
8203,datasets/cat_10k/images/cfd57e11a3a29dfcefb72934e0ecc5be.jpg,cfd57e11a3a29dfcefb72934e0ecc5be
8204,datasets/cat_10k/images/cfd8a649cc930775a8a1bc37b29f208b.jpg,cfd8a649cc930775a8a1bc37b29f208b
8205,datasets/cat_10k/images/cfecb18893f8d05a446761bedc4b57eb.jpg,cfecb18893f8d05a446761bedc4b57eb
8206,datasets/cat_10k/images/cff19b5099806afe090bd18e51c80746.jpg,cff19b5099806afe090bd18e51c80746
8207,datasets/cat_10k/images/cff1c4bf6caf9a81e392d8475ba7a4e0.jpg,cff1c4bf6caf9a81e392d8475ba7a4e0
8208,datasets/cat_10k/images/cff3187afd9e6c277c494b39f9221c1d.jpg,cff3187afd9e6c277c494b39f9221c1d
8209,datasets/cat_10k/images/d00354bd4b3275ec6240f03a6c5b849e.jpg,d00354bd4b3275ec6240f03a6c5b849e
8210,datasets/cat_10k/images/d0120e325c64307484c6852547d1243b.jpg,d0120e325c64307484c6852547d1243b
8211,datasets/cat_10k/images/d01a7219fcc93167c7d8a23bd2f17a62.jpg,d01a7219fcc93167c7d8a23bd2f17a62
8212,datasets/cat_10k/images/d01fa2cbeb68bc986397943f18f248c0.jpg,d01fa2cbeb68bc986397943f18f248c0
8213,datasets/cat_10k/images/d02038d848831875b5156bd4f51d7c78.jpg,d02038d848831875b5156bd4f51d7c78
8214,datasets/cat_10k/images/d02625393366e231b5e7aa38518aba70.jpg,d02625393366e231b5e7aa38518aba70
8215,datasets/cat_10k/images/d02daef922466c059538931509cd4f45.jpg,d02daef922466c059538931509cd4f45
8216,datasets/cat_10k/images/d03fbfd2e555bea2967af7e49bb03dc1.jpg,d03fbfd2e555bea2967af7e49bb03dc1
8217,datasets/cat_10k/images/d045f200b4e99c59b2c4c3b33c189227.jpg,d045f200b4e99c59b2c4c3b33c189227
8218,datasets/cat_10k/images/d046dfee31780ad2ff2302ccd55c73dc.jpg,d046dfee31780ad2ff2302ccd55c73dc
8219,datasets/cat_10k/images/d05045db370844ec58e1074deb760042.jpg,d05045db370844ec58e1074deb760042
8220,datasets/cat_10k/images/d05861f118bd6affb991b9ed19793986.jpg,d05861f118bd6affb991b9ed19793986
8221,datasets/cat_10k/images/d05ac37c34abd0ca425aa740d3951885.jpg,d05ac37c34abd0ca425aa740d3951885
8222,datasets/cat_10k/images/d05b80bba279c578b0a1f26d6d4cb1c7.jpg,d05b80bba279c578b0a1f26d6d4cb1c7
8223,datasets/cat_10k/images/d066905d93a7eded19ca7427f89ae253.jpg,d066905d93a7eded19ca7427f89ae253
8224,datasets/cat_10k/images/d067fb11df752788ea3cf108a6c15ef5.jpg,d067fb11df752788ea3cf108a6c15ef5
8225,datasets/cat_10k/images/d07a71d9f54fb423578fc216666ddb1b.jpg,d07a71d9f54fb423578fc216666ddb1b
8226,datasets/cat_10k/images/d07dedec820321ce979c94323c969d33.jpg,d07dedec820321ce979c94323c969d33
8227,datasets/cat_10k/images/d08952602879721ceee720e260a79e5c.jpg,d08952602879721ceee720e260a79e5c
8228,datasets/cat_10k/images/d08cfa52c4518d92588cddc019e3a591.jpg,d08cfa52c4518d92588cddc019e3a591
8229,datasets/cat_10k/images/d0928d709483f5d36cf67161265384da.jpg,d0928d709483f5d36cf67161265384da
8230,datasets/cat_10k/images/d09ac6ea445cffb6a0671b958e736376.jpg,d09ac6ea445cffb6a0671b958e736376
8231,datasets/cat_10k/images/d09b6040f91c9bf6141d8740f9eb97d9.jpg,d09b6040f91c9bf6141d8740f9eb97d9
8232,datasets/cat_10k/images/d09e5dd18966462a46d9cdf448a93f64.jpg,d09e5dd18966462a46d9cdf448a93f64
8233,datasets/cat_10k/images/d0a1154edb49253703c5d188fe9ad342.jpg,d0a1154edb49253703c5d188fe9ad342
8234,datasets/cat_10k/images/d0a2c9534a757f7b90471e6aed603aad.jpg,d0a2c9534a757f7b90471e6aed603aad
8235,datasets/cat_10k/images/d0ba374f33be48ed3cd12bfc49318199.jpg,d0ba374f33be48ed3cd12bfc49318199
8236,datasets/cat_10k/images/d0bace32c67802e1d920159d20ca5398.jpg,d0bace32c67802e1d920159d20ca5398
8237,datasets/cat_10k/images/d0cb034cee50d382aa669f3505b7d09b.jpg,d0cb034cee50d382aa669f3505b7d09b
8238,datasets/cat_10k/images/d0cb860caedf716bf9de4d34cd7577c0.jpg,d0cb860caedf716bf9de4d34cd7577c0
8239,datasets/cat_10k/images/d0cccbaa0d60da44106f6b15ff03df9a.jpg,d0cccbaa0d60da44106f6b15ff03df9a
8240,datasets/cat_10k/images/d0db4456dd320739a4c4fe52274e7810.jpg,d0db4456dd320739a4c4fe52274e7810
8241,datasets/cat_10k/images/d0dd3af59037df21dbebaa551ccf271e.jpg,d0dd3af59037df21dbebaa551ccf271e
8242,datasets/cat_10k/images/d0dd8e9c7e1c4233fd8f455e2e72c8bb.jpg,d0dd8e9c7e1c4233fd8f455e2e72c8bb
8243,datasets/cat_10k/images/d0e45a98cc10068fa7172fb574cf0462.jpg,d0e45a98cc10068fa7172fb574cf0462
8244,datasets/cat_10k/images/d0eaac652b6955ccea5518831a65cd2a.jpg,d0eaac652b6955ccea5518831a65cd2a
8245,datasets/cat_10k/images/d0eb5dba1743326d7dbc853750a4fae9.jpg,d0eb5dba1743326d7dbc853750a4fae9
8246,datasets/cat_10k/images/d0ecc5b5dba8ab7d242d8179409c305d.jpg,d0ecc5b5dba8ab7d242d8179409c305d
8247,datasets/cat_10k/images/d0f51056877b2583d4d3853e0630a04d.jpg,d0f51056877b2583d4d3853e0630a04d
8248,datasets/cat_10k/images/d1017836b78adb841cd6c38b7f165063.jpg,d1017836b78adb841cd6c38b7f165063
8249,datasets/cat_10k/images/d103cf2c19bb3c3e6922e4acfcf8c888.jpg,d103cf2c19bb3c3e6922e4acfcf8c888
8250,datasets/cat_10k/images/d10f89e1e9b1287e57e67af1e3d6233e.jpg,d10f89e1e9b1287e57e67af1e3d6233e
8251,datasets/cat_10k/images/d11cccecb5d2555c153d5d917beeaeef.jpg,d11cccecb5d2555c153d5d917beeaeef
8252,datasets/cat_10k/images/d1277a4ef1f77b2bada8e1ee390067f7.jpg,d1277a4ef1f77b2bada8e1ee390067f7
8253,datasets/cat_10k/images/d127a652663d46bed0c9b2b69faf60a7.jpg,d127a652663d46bed0c9b2b69faf60a7
8254,datasets/cat_10k/images/d131b9fe3838d607f87f916e9aba318d.jpg,d131b9fe3838d607f87f916e9aba318d
8255,datasets/cat_10k/images/d13a034ce54b48d377911f87f4398501.jpg,d13a034ce54b48d377911f87f4398501
8256,datasets/cat_10k/images/d1475ae9e669ec4285344f567385b897.jpg,d1475ae9e669ec4285344f567385b897
8257,datasets/cat_10k/images/d14aca52135629f3f71d4fdd2ef775ac.jpg,d14aca52135629f3f71d4fdd2ef775ac
8258,datasets/cat_10k/images/d14ba25e8c9377f0da3aa15a5229d50b.jpg,d14ba25e8c9377f0da3aa15a5229d50b
8259,datasets/cat_10k/images/d15475cc84b2d720111dcd4f66b58141.jpg,d15475cc84b2d720111dcd4f66b58141
8260,datasets/cat_10k/images/d15ae85a03528b6fdf015997de46de0b.jpg,d15ae85a03528b6fdf015997de46de0b
8261,datasets/cat_10k/images/d15f3be009c9a3e126391f9f50b350e5.jpg,d15f3be009c9a3e126391f9f50b350e5
8262,datasets/cat_10k/images/d16b30d258a10ddbf12c46cc3b51b34a.jpg,d16b30d258a10ddbf12c46cc3b51b34a
8263,datasets/cat_10k/images/d16c388ebf629e70e5ee8a07e1e656ea.jpg,d16c388ebf629e70e5ee8a07e1e656ea
8264,datasets/cat_10k/images/d16d1cdcf84d46d9caec9799d19c16e6.jpg,d16d1cdcf84d46d9caec9799d19c16e6
8265,datasets/cat_10k/images/d17ac1c172289155d6ae6a3aaf757b91.jpg,d17ac1c172289155d6ae6a3aaf757b91
8266,datasets/cat_10k/images/d19afe6b65cc17979b01d9e74d32f817.jpg,d19afe6b65cc17979b01d9e74d32f817
8267,datasets/cat_10k/images/d1b3b6434ef7afcfbc386cbe563f3ba1.jpg,d1b3b6434ef7afcfbc386cbe563f3ba1
8268,datasets/cat_10k/images/d1b7f2d97c0aeb1ea690905d0a48e3df.jpg,d1b7f2d97c0aeb1ea690905d0a48e3df
8269,datasets/cat_10k/images/d1c6461def47a18347b7bf66bc66d0bf.jpg,d1c6461def47a18347b7bf66bc66d0bf
8270,datasets/cat_10k/images/d1cb87bf0902de157a4d5630c24759a4.jpg,d1cb87bf0902de157a4d5630c24759a4
8271,datasets/cat_10k/images/d1d30568aeb5b7a0fffd80c4d9b5470d.jpg,d1d30568aeb5b7a0fffd80c4d9b5470d
8272,datasets/cat_10k/images/d1e48ffdb2f0ea079e2fb37952a912d8.jpg,d1e48ffdb2f0ea079e2fb37952a912d8
8273,datasets/cat_10k/images/d1f317d9db778963068a9766bd6f9241.jpg,d1f317d9db778963068a9766bd6f9241
8274,datasets/cat_10k/images/d1f5787d98e890b323ad898866a5cb89.jpg,d1f5787d98e890b323ad898866a5cb89
8275,datasets/cat_10k/images/d20084b39eb3106d4e3ade170417023f.jpg,d20084b39eb3106d4e3ade170417023f
8276,datasets/cat_10k/images/d201d1955f4b38d1ebd6baa9bd43904e.jpg,d201d1955f4b38d1ebd6baa9bd43904e
8277,datasets/cat_10k/images/d2058b61e5b8c3a0db6eeb06d54bb7a8.jpg,d2058b61e5b8c3a0db6eeb06d54bb7a8
8278,datasets/cat_10k/images/d20e50e2ecd667357db832cec02246bf.jpg,d20e50e2ecd667357db832cec02246bf
8279,datasets/cat_10k/images/d21f921b1a517317783ba03d98cc19ef.jpg,d21f921b1a517317783ba03d98cc19ef
8280,datasets/cat_10k/images/d221bb85359738f6bac575085909a020.jpg,d221bb85359738f6bac575085909a020
8281,datasets/cat_10k/images/d22e188fd1296a80445b649a74b52d6e.jpg,d22e188fd1296a80445b649a74b52d6e
8282,datasets/cat_10k/images/d22e3be51a553049a7ae942dfc610088.jpg,d22e3be51a553049a7ae942dfc610088
8283,datasets/cat_10k/images/d22fdc8aee6c0177f947efb73d29bb48.jpg,d22fdc8aee6c0177f947efb73d29bb48
8284,datasets/cat_10k/images/d230c50e6a2aed383c8c33b9a7d02cb3.jpg,d230c50e6a2aed383c8c33b9a7d02cb3
8285,datasets/cat_10k/images/d233f5877c7de663c933ad86a58b452f.jpg,d233f5877c7de663c933ad86a58b452f
8286,datasets/cat_10k/images/d234eaa78c4828f8989f58e53a7abf31.jpg,d234eaa78c4828f8989f58e53a7abf31
8287,datasets/cat_10k/images/d2362469823ca6114437e8acf7ea4d2c.jpg,d2362469823ca6114437e8acf7ea4d2c
8288,datasets/cat_10k/images/d23c61724073320082f5836392769a01.jpg,d23c61724073320082f5836392769a01
8289,datasets/cat_10k/images/d23ec8ccba9724bfed547f0ac945202e.jpg,d23ec8ccba9724bfed547f0ac945202e
8290,datasets/cat_10k/images/d2440f85cb2f4e06e406f7faa9a34c5a.jpg,d2440f85cb2f4e06e406f7faa9a34c5a
8291,datasets/cat_10k/images/d247160c04b19b0142f978ff1017ca5e.jpg,d247160c04b19b0142f978ff1017ca5e
8292,datasets/cat_10k/images/d25aa6bc7b6bb565f584e7a99cb82555.jpg,d25aa6bc7b6bb565f584e7a99cb82555
8293,datasets/cat_10k/images/d26104075a1d63509f741a6f816cd34b.jpg,d26104075a1d63509f741a6f816cd34b
8294,datasets/cat_10k/images/d266cc0d7c1da73d36b7bca954cdd122.jpg,d266cc0d7c1da73d36b7bca954cdd122
8295,datasets/cat_10k/images/d26d12c4d52f32f7293423313ae5632a.jpg,d26d12c4d52f32f7293423313ae5632a
8296,datasets/cat_10k/images/d2739f65380be467ed3ba85d1064e0c8.jpg,d2739f65380be467ed3ba85d1064e0c8
8297,datasets/cat_10k/images/d2786912becc91108357ea54116b01c1.jpg,d2786912becc91108357ea54116b01c1
8298,datasets/cat_10k/images/d27aa3ef5f54baa317022ebf006abceb.jpg,d27aa3ef5f54baa317022ebf006abceb
8299,datasets/cat_10k/images/d27e532670899729b6bff0b6074e5e16.jpg,d27e532670899729b6bff0b6074e5e16
8300,datasets/cat_10k/images/d27e9254892ee0a6dc2ef123dbb1760d.jpg,d27e9254892ee0a6dc2ef123dbb1760d
8301,datasets/cat_10k/images/d280e642b425a5b899aff318b12b6a77.jpg,d280e642b425a5b899aff318b12b6a77
8302,datasets/cat_10k/images/d282cc887593da0dac329153cca70feb.jpg,d282cc887593da0dac329153cca70feb
8303,datasets/cat_10k/images/d285ed25099ac4e4e31154257f19d320.jpg,d285ed25099ac4e4e31154257f19d320
8304,datasets/cat_10k/images/d2911633adfd1131d3afc335e5f94fe7.jpg,d2911633adfd1131d3afc335e5f94fe7
8305,datasets/cat_10k/images/d29568453b3112ad42948dd9027d76a9.jpg,d29568453b3112ad42948dd9027d76a9
8306,datasets/cat_10k/images/d29a0fb6c56d00b71565f040e338f85b.jpg,d29a0fb6c56d00b71565f040e338f85b
8307,datasets/cat_10k/images/d29bada5a4834dfd1f637e3cf4fe5ce9.jpg,d29bada5a4834dfd1f637e3cf4fe5ce9
8308,datasets/cat_10k/images/d29d9d592f1e880d7960122e9fca9f78.jpg,d29d9d592f1e880d7960122e9fca9f78
8309,datasets/cat_10k/images/d2a78682db9ee9376f2f339e755b33a7.jpg,d2a78682db9ee9376f2f339e755b33a7
8310,datasets/cat_10k/images/d2a7b612777628b247ce748c84613797.jpg,d2a7b612777628b247ce748c84613797
8311,datasets/cat_10k/images/d2bcb4b361e3534ee70f80936256f9f3.jpg,d2bcb4b361e3534ee70f80936256f9f3
8312,datasets/cat_10k/images/d2c1d01f8d88fa7706593c18fc55f928.jpg,d2c1d01f8d88fa7706593c18fc55f928
8313,datasets/cat_10k/images/d2c449612d59f6ef67bf2e4256a227f0.jpg,d2c449612d59f6ef67bf2e4256a227f0
8314,datasets/cat_10k/images/d2c5761045c0f4e64c316e4bdd0e7378.jpg,d2c5761045c0f4e64c316e4bdd0e7378
8315,datasets/cat_10k/images/d2cbad8124e149cc16400ff64bfd1a63.jpg,d2cbad8124e149cc16400ff64bfd1a63
8316,datasets/cat_10k/images/d2cce828bfcd32fe720ad2a3ccf48872.jpg,d2cce828bfcd32fe720ad2a3ccf48872
8317,datasets/cat_10k/images/d2d03b091c57af8b6afe63f400603fa3.jpg,d2d03b091c57af8b6afe63f400603fa3
8318,datasets/cat_10k/images/d2d35bf15dcd9f651cf279dae8b77cbf.jpg,d2d35bf15dcd9f651cf279dae8b77cbf
8319,datasets/cat_10k/images/d2db25bc1245e46bb08e3b6f0223d284.jpg,d2db25bc1245e46bb08e3b6f0223d284
8320,datasets/cat_10k/images/d2dd21b4cb9518f559a29eeaa33419fa.jpg,d2dd21b4cb9518f559a29eeaa33419fa
8321,datasets/cat_10k/images/d2e282fe5d971bafa3ded714d6e9756e.jpg,d2e282fe5d971bafa3ded714d6e9756e
8322,datasets/cat_10k/images/d2ece6790ccb64756837d5772daf0e15.jpg,d2ece6790ccb64756837d5772daf0e15
8323,datasets/cat_10k/images/d2ed099e171c3bc6ed411fcf6e45fc33.jpg,d2ed099e171c3bc6ed411fcf6e45fc33
8324,datasets/cat_10k/images/d2eed73b8f42d37410a88e31c30f1f99.jpg,d2eed73b8f42d37410a88e31c30f1f99
8325,datasets/cat_10k/images/d303459c3804bf0e1a793bb76a740d94.jpg,d303459c3804bf0e1a793bb76a740d94
8326,datasets/cat_10k/images/d3043ef68f6c2d0a42e61d7f08f1a2ee.jpg,d3043ef68f6c2d0a42e61d7f08f1a2ee
8327,datasets/cat_10k/images/d31c2080eb1f0bef1a179e66f79765d1.jpg,d31c2080eb1f0bef1a179e66f79765d1
8328,datasets/cat_10k/images/d32a553da1d143a87b76334056c2b8d6.jpg,d32a553da1d143a87b76334056c2b8d6
8329,datasets/cat_10k/images/d32dae165fec1838cc6d66b90ff4ba7f.jpg,d32dae165fec1838cc6d66b90ff4ba7f
8330,datasets/cat_10k/images/d333b65e732373f40fff6be87d0fcb5e.jpg,d333b65e732373f40fff6be87d0fcb5e
8331,datasets/cat_10k/images/d3382e2fe3d5d202075d3450622d401d.jpg,d3382e2fe3d5d202075d3450622d401d
8332,datasets/cat_10k/images/d3423229754875373700b92e098891e1.jpg,d3423229754875373700b92e098891e1
8333,datasets/cat_10k/images/d34b0426a66bcef60cb8adbfa0978a39.jpg,d34b0426a66bcef60cb8adbfa0978a39
8334,datasets/cat_10k/images/d3515be4a963936d8e664f9dae774b3c.jpg,d3515be4a963936d8e664f9dae774b3c
8335,datasets/cat_10k/images/d357cc158a77a7c86074aba355fd01e6.jpg,d357cc158a77a7c86074aba355fd01e6
8336,datasets/cat_10k/images/d364d94c83b43bc1a111bd3f3b9f667f.jpg,d364d94c83b43bc1a111bd3f3b9f667f
8337,datasets/cat_10k/images/d3651234cd09f9501efde1c1c753cdf5.jpg,d3651234cd09f9501efde1c1c753cdf5
8338,datasets/cat_10k/images/d36add757952bc07480226b145acc7a9.jpg,d36add757952bc07480226b145acc7a9
8339,datasets/cat_10k/images/d36bd7215b1cec726020500b6126de59.jpg,d36bd7215b1cec726020500b6126de59
8340,datasets/cat_10k/images/d36c9a864c55bc38bc389403fcefeadb.jpg,d36c9a864c55bc38bc389403fcefeadb
8341,datasets/cat_10k/images/d37fcd25e789ebebb2d97450ac3b747a.jpg,d37fcd25e789ebebb2d97450ac3b747a
8342,datasets/cat_10k/images/d38391bcf61c6e38cc0e86c9e5fdf10b.jpg,d38391bcf61c6e38cc0e86c9e5fdf10b
8343,datasets/cat_10k/images/d38414b5dde1c0150c13858709d3ef6b.jpg,d38414b5dde1c0150c13858709d3ef6b
8344,datasets/cat_10k/images/d386073a6d926f4f5955e69181b74390.jpg,d386073a6d926f4f5955e69181b74390
8345,datasets/cat_10k/images/d387ee4e05c266303fe1899428eaa672.jpg,d387ee4e05c266303fe1899428eaa672
8346,datasets/cat_10k/images/d38aba5df0d02f93dce6bdab908186ea.jpg,d38aba5df0d02f93dce6bdab908186ea
8347,datasets/cat_10k/images/d38b0e8c5dc2626c57142d7a1302259d.jpg,d38b0e8c5dc2626c57142d7a1302259d
8348,datasets/cat_10k/images/d38ba9f573ecb737da405c040cbc451c.jpg,d38ba9f573ecb737da405c040cbc451c
8349,datasets/cat_10k/images/d3a07300ec52adfbea7accc5e32975ed.jpg,d3a07300ec52adfbea7accc5e32975ed
8350,datasets/cat_10k/images/d3b105d9874a274dc9f7d71c138f24ed.jpg,d3b105d9874a274dc9f7d71c138f24ed
8351,datasets/cat_10k/images/d3b1a3bf21412ced2202b02bb36f9bfa.jpg,d3b1a3bf21412ced2202b02bb36f9bfa
8352,datasets/cat_10k/images/d3b295f40e639417e972b19af94a0962.jpg,d3b295f40e639417e972b19af94a0962
8353,datasets/cat_10k/images/d3b9e16b491810c35e57042a9615a40d.jpg,d3b9e16b491810c35e57042a9615a40d
8354,datasets/cat_10k/images/d3c13ff97a50a18c7ad52f1365c4a140.jpg,d3c13ff97a50a18c7ad52f1365c4a140
8355,datasets/cat_10k/images/d3c66c530d6754e61d238e2969a2bc1a.jpg,d3c66c530d6754e61d238e2969a2bc1a
8356,datasets/cat_10k/images/d3c8ad8ffb785508477a9a0f8e997b0b.jpg,d3c8ad8ffb785508477a9a0f8e997b0b
8357,datasets/cat_10k/images/d3cb1b54cd7ab4241810fca1b8f3b2f2.jpg,d3cb1b54cd7ab4241810fca1b8f3b2f2
8358,datasets/cat_10k/images/d3ccfa7ccb9e2cc7640ed2abeeb37ff2.jpg,d3ccfa7ccb9e2cc7640ed2abeeb37ff2
8359,datasets/cat_10k/images/d3d74c20c5c82d7bd8117dec18609e88.jpg,d3d74c20c5c82d7bd8117dec18609e88
8360,datasets/cat_10k/images/d3d9a0c27e99c91fed7b469bf5d1b465.jpg,d3d9a0c27e99c91fed7b469bf5d1b465
8361,datasets/cat_10k/images/d3db5cc5cd9eb94a68a718d5ccc1b65c.jpg,d3db5cc5cd9eb94a68a718d5ccc1b65c
8362,datasets/cat_10k/images/d3df6d99e59ca883580b428a96e9670c.jpg,d3df6d99e59ca883580b428a96e9670c
8363,datasets/cat_10k/images/d3e7b343f4f1de6102a4c69d405bab3c.jpg,d3e7b343f4f1de6102a4c69d405bab3c
8364,datasets/cat_10k/images/d3ed012533927cd14ded34ea3eade375.jpg,d3ed012533927cd14ded34ea3eade375
8365,datasets/cat_10k/images/d3ee30144f106bb8cfa0039aa890aee5.jpg,d3ee30144f106bb8cfa0039aa890aee5
8366,datasets/cat_10k/images/d40e54dfe4a28acd1611c611750a785e.jpg,d40e54dfe4a28acd1611c611750a785e
8367,datasets/cat_10k/images/d41708fe0816999926997ca73812dad5.jpg,d41708fe0816999926997ca73812dad5
8368,datasets/cat_10k/images/d41f187c9e94e78f131b12863fd0c8af.jpg,d41f187c9e94e78f131b12863fd0c8af
8369,datasets/cat_10k/images/d422f5057211f1a3e90f8321d71448aa.jpg,d422f5057211f1a3e90f8321d71448aa
8370,datasets/cat_10k/images/d423d3dde474e554458d1d299ee40187.jpg,d423d3dde474e554458d1d299ee40187
8371,datasets/cat_10k/images/d425ac4d03ec138de658c2a50bcdcd9a.jpg,d425ac4d03ec138de658c2a50bcdcd9a
8372,datasets/cat_10k/images/d425ba84e540971d47e4418221f12e63.jpg,d425ba84e540971d47e4418221f12e63
8373,datasets/cat_10k/images/d44b67e338e6a3c4dc6fa1f92520f946.jpg,d44b67e338e6a3c4dc6fa1f92520f946
8374,datasets/cat_10k/images/d451e249e59a439e46ff484187168983.jpg,d451e249e59a439e46ff484187168983
8375,datasets/cat_10k/images/d452976fdf945c2ac73e3c6959855827.jpg,d452976fdf945c2ac73e3c6959855827
8376,datasets/cat_10k/images/d453a1e48045d3bdbe352a302b93a305.jpg,d453a1e48045d3bdbe352a302b93a305
8377,datasets/cat_10k/images/d46d1756ca0c476c80d6d2b3dcc6387f.jpg,d46d1756ca0c476c80d6d2b3dcc6387f
8378,datasets/cat_10k/images/d47774991997ae7b8c6680add27741f3.jpg,d47774991997ae7b8c6680add27741f3
8379,datasets/cat_10k/images/d488c3d449d6031498ceff8c3ee2c56f.jpg,d488c3d449d6031498ceff8c3ee2c56f
8380,datasets/cat_10k/images/d4a69f4913574a16c543758e57781c97.jpg,d4a69f4913574a16c543758e57781c97
8381,datasets/cat_10k/images/d4a96c581515773b5649f0fd519cd45b.jpg,d4a96c581515773b5649f0fd519cd45b
8382,datasets/cat_10k/images/d4b1f6b4f813e65ca5af3f84bcd70e6e.jpg,d4b1f6b4f813e65ca5af3f84bcd70e6e
8383,datasets/cat_10k/images/d4cdcf6475a4af0c4e6c68d01760f6b8.jpg,d4cdcf6475a4af0c4e6c68d01760f6b8
8384,datasets/cat_10k/images/d4cea98bced0ff2881ffa54ced5096fa.jpg,d4cea98bced0ff2881ffa54ced5096fa
8385,datasets/cat_10k/images/d4ced89cd063f6fd58131dcb366ed05b.jpg,d4ced89cd063f6fd58131dcb366ed05b
8386,datasets/cat_10k/images/d4d04025228de375a501c40f282d7f63.jpg,d4d04025228de375a501c40f282d7f63
8387,datasets/cat_10k/images/d4d041234a92a6edba06d7449404ad09.jpg,d4d041234a92a6edba06d7449404ad09
8388,datasets/cat_10k/images/d4e9027a7533e7b8c84eb5ca775c5259.jpg,d4e9027a7533e7b8c84eb5ca775c5259
8389,datasets/cat_10k/images/d4eddf03c768d2e4d1b7c5c934c3d3ab.jpg,d4eddf03c768d2e4d1b7c5c934c3d3ab
8390,datasets/cat_10k/images/d4f2115db0c9f6af88ce7f91f7778812.jpg,d4f2115db0c9f6af88ce7f91f7778812
8391,datasets/cat_10k/images/d4fbe42ffb65acce8b10dd5cc20b8d57.jpg,d4fbe42ffb65acce8b10dd5cc20b8d57
8392,datasets/cat_10k/images/d5148dcb3e7ad363b1a9d6eba62cbe85.jpg,d5148dcb3e7ad363b1a9d6eba62cbe85
8393,datasets/cat_10k/images/d525b4608b9801840e2e86e5f5cc9395.jpg,d525b4608b9801840e2e86e5f5cc9395
8394,datasets/cat_10k/images/d52da860622ea21cfa7f063a1174c5c8.jpg,d52da860622ea21cfa7f063a1174c5c8
8395,datasets/cat_10k/images/d55354bfb24e567f523f44de9f40523b.jpg,d55354bfb24e567f523f44de9f40523b
8396,datasets/cat_10k/images/d5552cb03c18485e6d0a040f5e686ba6.jpg,d5552cb03c18485e6d0a040f5e686ba6
8397,datasets/cat_10k/images/d5596a45333c52be523ab609705b4e1c.jpg,d5596a45333c52be523ab609705b4e1c
8398,datasets/cat_10k/images/d55c31c70e1dd7e4b17bc7e77b49f0f9.jpg,d55c31c70e1dd7e4b17bc7e77b49f0f9
8399,datasets/cat_10k/images/d560f9b94dacea05c7944fc81b3bc562.jpg,d560f9b94dacea05c7944fc81b3bc562
8400,datasets/cat_10k/images/d56569a5d31e97b4a8fa159f0d2dab1e.jpg,d56569a5d31e97b4a8fa159f0d2dab1e
8401,datasets/cat_10k/images/d5730e9f7e60d1165d314997fb7a21a4.jpg,d5730e9f7e60d1165d314997fb7a21a4
8402,datasets/cat_10k/images/d576cbf7004d50cb991c61c5477c0b96.jpg,d576cbf7004d50cb991c61c5477c0b96
8403,datasets/cat_10k/images/d5831efa6ed32ba01c8798ffb71d13ed.jpg,d5831efa6ed32ba01c8798ffb71d13ed
8404,datasets/cat_10k/images/d5835769e3a3f69489f902ff6d7f4f53.jpg,d5835769e3a3f69489f902ff6d7f4f53
8405,datasets/cat_10k/images/d5972e6155e604193ea93b459edf16c7.jpg,d5972e6155e604193ea93b459edf16c7
8406,datasets/cat_10k/images/d5987d525141e26a7cc1f1c53c77f12a.jpg,d5987d525141e26a7cc1f1c53c77f12a
8407,datasets/cat_10k/images/d5a684dc65935cd2c71d44a50b0c3853.jpg,d5a684dc65935cd2c71d44a50b0c3853
8408,datasets/cat_10k/images/d5b0bc2683f665250720154fd74e0774.jpg,d5b0bc2683f665250720154fd74e0774
8409,datasets/cat_10k/images/d5b34afebab132b03e6584fafa0b0d4e.jpg,d5b34afebab132b03e6584fafa0b0d4e
8410,datasets/cat_10k/images/d5b42633b4dfa0775229f5667c23745c.jpg,d5b42633b4dfa0775229f5667c23745c
8411,datasets/cat_10k/images/d5b8062cbbe99fcda83a5ff4f93a80e4.jpg,d5b8062cbbe99fcda83a5ff4f93a80e4
8412,datasets/cat_10k/images/d5c1829282ad380e3828ccb604125fc4.jpg,d5c1829282ad380e3828ccb604125fc4
8413,datasets/cat_10k/images/d5c3457f872b86d415f9eddf42df914a.jpg,d5c3457f872b86d415f9eddf42df914a
8414,datasets/cat_10k/images/d5c5e49baf3d8c1f69f6b9335e2e316a.jpg,d5c5e49baf3d8c1f69f6b9335e2e316a
8415,datasets/cat_10k/images/d5c90bde24bc00cd6d18d5528dfa56fc.jpg,d5c90bde24bc00cd6d18d5528dfa56fc
8416,datasets/cat_10k/images/d5c9348e7e9b7a0d3b229988851ea988.jpg,d5c9348e7e9b7a0d3b229988851ea988
8417,datasets/cat_10k/images/d5ce33ef4408ec7f9e2a67dc7cda5a95.jpg,d5ce33ef4408ec7f9e2a67dc7cda5a95
8418,datasets/cat_10k/images/d5d2faf84e4126708aa3e2ad7cf5031b.jpg,d5d2faf84e4126708aa3e2ad7cf5031b
8419,datasets/cat_10k/images/d5d6208622c4bc66abfc6b15f56ca9a1.jpg,d5d6208622c4bc66abfc6b15f56ca9a1
8420,datasets/cat_10k/images/d5eb61148b7d6d17a79afc5ce1dba5af.jpg,d5eb61148b7d6d17a79afc5ce1dba5af
8421,datasets/cat_10k/images/d5ed5a6ef58f3bdaf3b0421dfc3afc1d.jpg,d5ed5a6ef58f3bdaf3b0421dfc3afc1d
8422,datasets/cat_10k/images/d5ed70e062847caf0eba9dfc8a816684.jpg,d5ed70e062847caf0eba9dfc8a816684
8423,datasets/cat_10k/images/d5efb6dc8559f4ccc2d664f758dd2d00.jpg,d5efb6dc8559f4ccc2d664f758dd2d00
8424,datasets/cat_10k/images/d600feb0c8f9b4a9e223ba6bd5dc5339.jpg,d600feb0c8f9b4a9e223ba6bd5dc5339
8425,datasets/cat_10k/images/d602df22c713db45accf602171fa2e98.jpg,d602df22c713db45accf602171fa2e98
8426,datasets/cat_10k/images/d60a855de16187fe6a6724e4e07e752d.jpg,d60a855de16187fe6a6724e4e07e752d
8427,datasets/cat_10k/images/d60b1157339a84276e8089d6adee01d9.jpg,d60b1157339a84276e8089d6adee01d9
8428,datasets/cat_10k/images/d61acbefcf260c4b9034a9e5f46fac46.jpg,d61acbefcf260c4b9034a9e5f46fac46
8429,datasets/cat_10k/images/d626c0a040b5b097479bf230d0dbf00f.jpg,d626c0a040b5b097479bf230d0dbf00f
8430,datasets/cat_10k/images/d63094f2b2a1a380645164f4a9c64d78.jpg,d63094f2b2a1a380645164f4a9c64d78
8431,datasets/cat_10k/images/d636b0baad7764b22c2700c98b287f93.jpg,d636b0baad7764b22c2700c98b287f93
8432,datasets/cat_10k/images/d63957ff5a8d3f2e3721f94908e4aa13.jpg,d63957ff5a8d3f2e3721f94908e4aa13
8433,datasets/cat_10k/images/d63c775de65ff8b912ce9142109acae5.jpg,d63c775de65ff8b912ce9142109acae5
8434,datasets/cat_10k/images/d640f741bcea09214bc0de270395da64.jpg,d640f741bcea09214bc0de270395da64
8435,datasets/cat_10k/images/d64544826040b52060843040461fc51c.jpg,d64544826040b52060843040461fc51c
8436,datasets/cat_10k/images/d64787a42144fd2234d2b2b864dd58e2.jpg,d64787a42144fd2234d2b2b864dd58e2
8437,datasets/cat_10k/images/d6489e0d10807f96af5de23cd1e6d791.jpg,d6489e0d10807f96af5de23cd1e6d791
8438,datasets/cat_10k/images/d64d4d97e17ed1cf9e9fbd8b34cc9f7e.jpg,d64d4d97e17ed1cf9e9fbd8b34cc9f7e
8439,datasets/cat_10k/images/d64fedb06dacd1fb6a0b52fc91882ed7.jpg,d64fedb06dacd1fb6a0b52fc91882ed7
8440,datasets/cat_10k/images/d65c34189694315cd2451cdbb58523c1.jpg,d65c34189694315cd2451cdbb58523c1
8441,datasets/cat_10k/images/d65ed7d3b0e8aa59980ff9e9961c8354.jpg,d65ed7d3b0e8aa59980ff9e9961c8354
8442,datasets/cat_10k/images/d6672ac81d9309b4aaa29c911e392af2.jpg,d6672ac81d9309b4aaa29c911e392af2
8443,datasets/cat_10k/images/d671f9c3cc1503c2666e47bf2e4953b4.jpg,d671f9c3cc1503c2666e47bf2e4953b4
8444,datasets/cat_10k/images/d67e19ff367145b32a1cc9ec5997a6b3.jpg,d67e19ff367145b32a1cc9ec5997a6b3
8445,datasets/cat_10k/images/d6881b4d7db85c78c745e3f3e2d679c5.jpg,d6881b4d7db85c78c745e3f3e2d679c5
8446,datasets/cat_10k/images/d68c21158b4e6955d96e9cfeaeb9f2a7.jpg,d68c21158b4e6955d96e9cfeaeb9f2a7
8447,datasets/cat_10k/images/d6ac12b4d30158bf03b7b6cda7d17fc1.jpg,d6ac12b4d30158bf03b7b6cda7d17fc1
8448,datasets/cat_10k/images/d6ad3f3af9055c28d76bbc9f2b4e7b55.jpg,d6ad3f3af9055c28d76bbc9f2b4e7b55
8449,datasets/cat_10k/images/d6af81e0ddec79dbe6fb20b6dc111209.jpg,d6af81e0ddec79dbe6fb20b6dc111209
8450,datasets/cat_10k/images/d6bc7b1c34cbcc2017e6155f92f76eab.jpg,d6bc7b1c34cbcc2017e6155f92f76eab
8451,datasets/cat_10k/images/d6cb6f9d6fa9696519efc7266404a05b.jpg,d6cb6f9d6fa9696519efc7266404a05b
8452,datasets/cat_10k/images/d6cd63532457fd6d3c47f0c331668c1c.jpg,d6cd63532457fd6d3c47f0c331668c1c
8453,datasets/cat_10k/images/d6d8781539c5cb4a94b8677571e2fcd8.jpg,d6d8781539c5cb4a94b8677571e2fcd8
8454,datasets/cat_10k/images/d6dd6ed2e509b4fcd390e31d3d4b8e26.jpg,d6dd6ed2e509b4fcd390e31d3d4b8e26
8455,datasets/cat_10k/images/d6ddaf6748cf02e2d065ee89a3754846.jpg,d6ddaf6748cf02e2d065ee89a3754846
8456,datasets/cat_10k/images/d6dddf732c07c833412482da813ec6c1.jpg,d6dddf732c07c833412482da813ec6c1
8457,datasets/cat_10k/images/d6e286a688365e1bfb8d46a19eeabec0.jpg,d6e286a688365e1bfb8d46a19eeabec0
8458,datasets/cat_10k/images/d6f33f4b51ffe3e52880c51c734f9986.jpg,d6f33f4b51ffe3e52880c51c734f9986
8459,datasets/cat_10k/images/d6f82551e1c2b7257a1fc18bcbc23ee2.jpg,d6f82551e1c2b7257a1fc18bcbc23ee2
8460,datasets/cat_10k/images/d6f8a4d3f71917abd6e5a175ff5a2097.jpg,d6f8a4d3f71917abd6e5a175ff5a2097
8461,datasets/cat_10k/images/d70d061976b5e628317f02093edc663a.jpg,d70d061976b5e628317f02093edc663a
8462,datasets/cat_10k/images/d719393178a5ccdfd1104058a5ebfb17.jpg,d719393178a5ccdfd1104058a5ebfb17
8463,datasets/cat_10k/images/d7276979b2d11abb99b3cc85d78fb894.jpg,d7276979b2d11abb99b3cc85d78fb894
8464,datasets/cat_10k/images/d7340d4d4ff04a83188782c6ca8af41b.jpg,d7340d4d4ff04a83188782c6ca8af41b
8465,datasets/cat_10k/images/d7411d1e5ab7688ebc7b321e22850a1c.jpg,d7411d1e5ab7688ebc7b321e22850a1c
8466,datasets/cat_10k/images/d74a5e07c65330e2090e206dc705ca94.jpg,d74a5e07c65330e2090e206dc705ca94
8467,datasets/cat_10k/images/d75e931bf10f61bdb084c45b8a44ac7b.jpg,d75e931bf10f61bdb084c45b8a44ac7b
8468,datasets/cat_10k/images/d76e94e984f43fd89baae2dc77c578c5.jpg,d76e94e984f43fd89baae2dc77c578c5
8469,datasets/cat_10k/images/d778143508b9628a91ff60737f266fc6.jpg,d778143508b9628a91ff60737f266fc6
8470,datasets/cat_10k/images/d7820138b463091afad9be7408f39ba5.jpg,d7820138b463091afad9be7408f39ba5
8471,datasets/cat_10k/images/d7849ae8e1c7dbe901d2fc08beaf61f7.jpg,d7849ae8e1c7dbe901d2fc08beaf61f7
8472,datasets/cat_10k/images/d793bc1c64cbf004c964929b8d03b83d.jpg,d793bc1c64cbf004c964929b8d03b83d
8473,datasets/cat_10k/images/d7973b53ea9c4f6b31c76609ddeea175.jpg,d7973b53ea9c4f6b31c76609ddeea175
8474,datasets/cat_10k/images/d79ad63d9a6c52ce377d4fac4f448c20.jpg,d79ad63d9a6c52ce377d4fac4f448c20
8475,datasets/cat_10k/images/d79f11dfc46da01a57c9a7083c019a29.jpg,d79f11dfc46da01a57c9a7083c019a29
8476,datasets/cat_10k/images/d7a1b8124e3ad05ee2dbaa2cf21a53f0.jpg,d7a1b8124e3ad05ee2dbaa2cf21a53f0
8477,datasets/cat_10k/images/d7a72aa17d5d86c4c1dc7976a4b45e96.jpg,d7a72aa17d5d86c4c1dc7976a4b45e96
8478,datasets/cat_10k/images/d7a7a31447a18f656a8b314c4acb4ac0.jpg,d7a7a31447a18f656a8b314c4acb4ac0
8479,datasets/cat_10k/images/d7a90200e1bb8e4edc21ca71e95e628a.jpg,d7a90200e1bb8e4edc21ca71e95e628a
8480,datasets/cat_10k/images/d7be45a7a1c2fb6724ae078dd14f71b3.jpg,d7be45a7a1c2fb6724ae078dd14f71b3
8481,datasets/cat_10k/images/d7be4924f04a547cb6aa3a0c6dbfbccb.jpg,d7be4924f04a547cb6aa3a0c6dbfbccb
8482,datasets/cat_10k/images/d7bff464aedc55cc0b271ae0abda2863.jpg,d7bff464aedc55cc0b271ae0abda2863
8483,datasets/cat_10k/images/d7caa9449850779dd4e3c6f4765c024b.jpg,d7caa9449850779dd4e3c6f4765c024b
8484,datasets/cat_10k/images/d7cfbf76cffe138c8cc32f7ea03cefed.jpg,d7cfbf76cffe138c8cc32f7ea03cefed
8485,datasets/cat_10k/images/d7d2eb5584c5ec83973f0f12be6b7273.jpg,d7d2eb5584c5ec83973f0f12be6b7273
8486,datasets/cat_10k/images/d7dcec27ee04c52b134f71a4b1c846a1.jpg,d7dcec27ee04c52b134f71a4b1c846a1
8487,datasets/cat_10k/images/d7e47b849f5e7f7df08b7788d4414ff2.jpg,d7e47b849f5e7f7df08b7788d4414ff2
8488,datasets/cat_10k/images/d7ff5cb5f434ae2f240446f92e139a3f.jpg,d7ff5cb5f434ae2f240446f92e139a3f
8489,datasets/cat_10k/images/d802c6da356f612d69314f94c27b7b42.jpg,d802c6da356f612d69314f94c27b7b42
8490,datasets/cat_10k/images/d8056a1edc3002effc980c031af8373a.jpg,d8056a1edc3002effc980c031af8373a
8491,datasets/cat_10k/images/d80889340c494618521d558badc2ff0e.jpg,d80889340c494618521d558badc2ff0e
8492,datasets/cat_10k/images/d809b3a1970ddf1318e9ca92a19f717e.jpg,d809b3a1970ddf1318e9ca92a19f717e
8493,datasets/cat_10k/images/d81538a45bac91d668287af11ebad000.jpg,d81538a45bac91d668287af11ebad000
8494,datasets/cat_10k/images/d820b404de27c696a893327d6336d444.jpg,d820b404de27c696a893327d6336d444
8495,datasets/cat_10k/images/d825a694704a8702d06c2df58e6c28eb.jpg,d825a694704a8702d06c2df58e6c28eb
8496,datasets/cat_10k/images/d83973651024d08221f54ac6b7d95dfd.jpg,d83973651024d08221f54ac6b7d95dfd
8497,datasets/cat_10k/images/d8446014fba28d1abd70513b4fb76fd6.jpg,d8446014fba28d1abd70513b4fb76fd6
8498,datasets/cat_10k/images/d849811010b2c21a4c32abf8cc5eea68.jpg,d849811010b2c21a4c32abf8cc5eea68
8499,datasets/cat_10k/images/d849ff664ee2912fb31817c4e5527a75.jpg,d849ff664ee2912fb31817c4e5527a75
8500,datasets/cat_10k/images/d84aaa531146d876ef8e7af92dbed3e9.jpg,d84aaa531146d876ef8e7af92dbed3e9
8501,datasets/cat_10k/images/d853b0287a1cbc667f4024eaa995c8c3.jpg,d853b0287a1cbc667f4024eaa995c8c3
8502,datasets/cat_10k/images/d8558591f859a1206503155f23ec3ecf.jpg,d8558591f859a1206503155f23ec3ecf
8503,datasets/cat_10k/images/d855d4b712d0a33e8475985dbb70f9bd.jpg,d855d4b712d0a33e8475985dbb70f9bd
8504,datasets/cat_10k/images/d85866f6551f13c38cadfa116ea4ec76.jpg,d85866f6551f13c38cadfa116ea4ec76
8505,datasets/cat_10k/images/d86090b5143b07a51f0906ea2fa3d122.jpg,d86090b5143b07a51f0906ea2fa3d122
8506,datasets/cat_10k/images/d86ef844b618daf64df8844430723c7e.jpg,d86ef844b618daf64df8844430723c7e
8507,datasets/cat_10k/images/d872dadb0b194dd921096c79c6805af7.jpg,d872dadb0b194dd921096c79c6805af7
8508,datasets/cat_10k/images/d87a3c2e588bead7a4942e06603bc3c1.jpg,d87a3c2e588bead7a4942e06603bc3c1
8509,datasets/cat_10k/images/d87e97cdb143264b489c28ed7cf11308.jpg,d87e97cdb143264b489c28ed7cf11308
8510,datasets/cat_10k/images/d881a9935b6e2a85b9858a50906f14b4.jpg,d881a9935b6e2a85b9858a50906f14b4
8511,datasets/cat_10k/images/d883a3266ad7bb9eb76abb3f86a5757a.jpg,d883a3266ad7bb9eb76abb3f86a5757a
8512,datasets/cat_10k/images/d889e17ada6e10c726c7943228767536.jpg,d889e17ada6e10c726c7943228767536
8513,datasets/cat_10k/images/d88dc411399d2de97a5684b786cc3ba2.jpg,d88dc411399d2de97a5684b786cc3ba2
8514,datasets/cat_10k/images/d890e0a52e6b8f44a82cc1567ac2649d.jpg,d890e0a52e6b8f44a82cc1567ac2649d
8515,datasets/cat_10k/images/d89e0f2785e7bd8da440afb7fd1631c8.jpg,d89e0f2785e7bd8da440afb7fd1631c8
8516,datasets/cat_10k/images/d89e3b3a4877576370f6c622add0242f.jpg,d89e3b3a4877576370f6c622add0242f
8517,datasets/cat_10k/images/d8a6be7bca8e5b6d7ec3180a9dca50e8.jpg,d8a6be7bca8e5b6d7ec3180a9dca50e8
8518,datasets/cat_10k/images/d8ad5290725f81ed735e894246aeb5f5.jpg,d8ad5290725f81ed735e894246aeb5f5
8519,datasets/cat_10k/images/d8b0e18ea12ca2df27568b1232ccf1b2.jpg,d8b0e18ea12ca2df27568b1232ccf1b2
8520,datasets/cat_10k/images/d8b5e66950d9a804b57951a35a007537.jpg,d8b5e66950d9a804b57951a35a007537
8521,datasets/cat_10k/images/d8b6d951e226d3546d93d9ec6e1300a3.jpg,d8b6d951e226d3546d93d9ec6e1300a3
8522,datasets/cat_10k/images/d8bc34f980fb8daa2f7c4a619025c965.jpg,d8bc34f980fb8daa2f7c4a619025c965
8523,datasets/cat_10k/images/d8c9fa8a15003990c402e8924a65e845.jpg,d8c9fa8a15003990c402e8924a65e845
8524,datasets/cat_10k/images/d8d01d85e48624f66bd27b55a86d640c.jpg,d8d01d85e48624f66bd27b55a86d640c
8525,datasets/cat_10k/images/d8d6b74c1181395e3832981dddadb660.jpg,d8d6b74c1181395e3832981dddadb660
8526,datasets/cat_10k/images/d8de4c85c43f49cb1e37772335b15726.jpg,d8de4c85c43f49cb1e37772335b15726
8527,datasets/cat_10k/images/d8e35af4fba6de094305d07dbcebd40d.jpg,d8e35af4fba6de094305d07dbcebd40d
8528,datasets/cat_10k/images/d8ea985e685a1661126ea9cb09b28444.jpg,d8ea985e685a1661126ea9cb09b28444
8529,datasets/cat_10k/images/d8eb9c8648c750774a233312fd44ecf5.jpg,d8eb9c8648c750774a233312fd44ecf5
8530,datasets/cat_10k/images/d8f2cde9a87f31837139d05dace67b41.jpg,d8f2cde9a87f31837139d05dace67b41
8531,datasets/cat_10k/images/d8f4918a3eac9f81e98df64cc3109468.jpg,d8f4918a3eac9f81e98df64cc3109468
8532,datasets/cat_10k/images/d90269d8fe434e97ad38bcb14305a298.jpg,d90269d8fe434e97ad38bcb14305a298
8533,datasets/cat_10k/images/d9072e0b30bd65fa5b2184672fabddb7.jpg,d9072e0b30bd65fa5b2184672fabddb7
8534,datasets/cat_10k/images/d907643103d29c628aa10e03233e06c2.jpg,d907643103d29c628aa10e03233e06c2
8535,datasets/cat_10k/images/d917a1863561c15c18fa3f134c8b3998.jpg,d917a1863561c15c18fa3f134c8b3998
8536,datasets/cat_10k/images/d9193d9bea24e23428f923f1813c20ac.jpg,d9193d9bea24e23428f923f1813c20ac
8537,datasets/cat_10k/images/d919c4d26edbb63fd51aa6d3e13bf5ca.jpg,d919c4d26edbb63fd51aa6d3e13bf5ca
8538,datasets/cat_10k/images/d91bf632480c632ad0176d0f8c9cddbf.jpg,d91bf632480c632ad0176d0f8c9cddbf
8539,datasets/cat_10k/images/d924eeddd71292f6cb5a7ad09d7d8ef1.jpg,d924eeddd71292f6cb5a7ad09d7d8ef1
8540,datasets/cat_10k/images/d92f3c2a5ec59ecfa0392fc19cefcf1d.jpg,d92f3c2a5ec59ecfa0392fc19cefcf1d
8541,datasets/cat_10k/images/d9308ae7df82bf093245113e9dff7151.jpg,d9308ae7df82bf093245113e9dff7151
8542,datasets/cat_10k/images/d937f56f24412cd67b4374216a33f11b.jpg,d937f56f24412cd67b4374216a33f11b
8543,datasets/cat_10k/images/d960298f5b249f082dbd434131efb522.jpg,d960298f5b249f082dbd434131efb522
8544,datasets/cat_10k/images/d970c19973576365b73bfa3ddcc920e4.jpg,d970c19973576365b73bfa3ddcc920e4
8545,datasets/cat_10k/images/d97a27a0e3468305556ed1c557ef2deb.jpg,d97a27a0e3468305556ed1c557ef2deb
8546,datasets/cat_10k/images/d97b17aac967fe61683df2ecfd7c16d8.jpg,d97b17aac967fe61683df2ecfd7c16d8
8547,datasets/cat_10k/images/d97db30dd2d2b4dca060dcb86a4de1a8.jpg,d97db30dd2d2b4dca060dcb86a4de1a8
8548,datasets/cat_10k/images/d9848665c4193c1b891fa62514d60822.jpg,d9848665c4193c1b891fa62514d60822
8549,datasets/cat_10k/images/d988814836d50094555697af1a13f359.jpg,d988814836d50094555697af1a13f359
8550,datasets/cat_10k/images/d98acd58d286a36572803804034d6104.jpg,d98acd58d286a36572803804034d6104
8551,datasets/cat_10k/images/d9963423fbb3314a539be8c77c39cc01.jpg,d9963423fbb3314a539be8c77c39cc01
8552,datasets/cat_10k/images/d99a9c014b18ea7ec0b2ebc6f7b91507.jpg,d99a9c014b18ea7ec0b2ebc6f7b91507
8553,datasets/cat_10k/images/d99b9d2459129d5fa2b51364bb3fa420.jpg,d99b9d2459129d5fa2b51364bb3fa420
8554,datasets/cat_10k/images/d99d42bbbd1b00c7f298926da28b3ffa.jpg,d99d42bbbd1b00c7f298926da28b3ffa
8555,datasets/cat_10k/images/d9a0f6f3c7bd122f67b7c71b7da15ff5.jpg,d9a0f6f3c7bd122f67b7c71b7da15ff5
8556,datasets/cat_10k/images/d9a67734b2682da5a8deef2a5e7af5a6.jpg,d9a67734b2682da5a8deef2a5e7af5a6
8557,datasets/cat_10k/images/d9a72d7ae1c350456a2bfba30721785f.jpg,d9a72d7ae1c350456a2bfba30721785f
8558,datasets/cat_10k/images/d9a764d186b0f69c034fc5eb7c9f5210.jpg,d9a764d186b0f69c034fc5eb7c9f5210
8559,datasets/cat_10k/images/d9b11c2b1dc97986d1e7dc23fd8b7510.jpg,d9b11c2b1dc97986d1e7dc23fd8b7510
8560,datasets/cat_10k/images/d9b1a303f8b1409f7affc85c19e4e3b2.jpg,d9b1a303f8b1409f7affc85c19e4e3b2
8561,datasets/cat_10k/images/d9b3e4a6a56496ca2018cbf4cd60a70e.jpg,d9b3e4a6a56496ca2018cbf4cd60a70e
8562,datasets/cat_10k/images/d9b407b91c0310cb9825adc3f165fddf.jpg,d9b407b91c0310cb9825adc3f165fddf
8563,datasets/cat_10k/images/d9b4c0bf2776dc903ee6fabd2efa9697.jpg,d9b4c0bf2776dc903ee6fabd2efa9697
8564,datasets/cat_10k/images/d9b4d8803fca3715d8bca252b9e586ee.jpg,d9b4d8803fca3715d8bca252b9e586ee
8565,datasets/cat_10k/images/d9c685c891d0d2e75087ec1fac1f1e4b.jpg,d9c685c891d0d2e75087ec1fac1f1e4b
8566,datasets/cat_10k/images/d9cca81c52f33df0870ec39853776c60.jpg,d9cca81c52f33df0870ec39853776c60
8567,datasets/cat_10k/images/d9cd20860409202bc9489f9b12a5790f.jpg,d9cd20860409202bc9489f9b12a5790f
8568,datasets/cat_10k/images/d9cd64f40c0a5625f91b6f52e58732b2.jpg,d9cd64f40c0a5625f91b6f52e58732b2
8569,datasets/cat_10k/images/d9dc9e653076eb0f71852ea50e236412.jpg,d9dc9e653076eb0f71852ea50e236412
8570,datasets/cat_10k/images/d9dfc9cd0ea0139b184d8321d4b7d2ac.jpg,d9dfc9cd0ea0139b184d8321d4b7d2ac
8571,datasets/cat_10k/images/d9e3f695500a16341fc66daf303a0eee.jpg,d9e3f695500a16341fc66daf303a0eee
8572,datasets/cat_10k/images/d9e7d1211f573084568acd1d0b72b46f.jpg,d9e7d1211f573084568acd1d0b72b46f
8573,datasets/cat_10k/images/d9ef6af533f8f19ec8896ad93f7d1c6f.jpg,d9ef6af533f8f19ec8896ad93f7d1c6f
8574,datasets/cat_10k/images/d9f138fe3cdfa262628bdcaa33f79be1.jpg,d9f138fe3cdfa262628bdcaa33f79be1
8575,datasets/cat_10k/images/da1dd51976dd36dfcca388bdd97708f9.jpg,da1dd51976dd36dfcca388bdd97708f9
8576,datasets/cat_10k/images/da1ecb5aa45d576d85b01e614d0acde7.jpg,da1ecb5aa45d576d85b01e614d0acde7
8577,datasets/cat_10k/images/da1feb38323f3ad24ae3ce1772b02608.jpg,da1feb38323f3ad24ae3ce1772b02608
8578,datasets/cat_10k/images/da3588cce23437fe0d96a6cd0f4d97b1.jpg,da3588cce23437fe0d96a6cd0f4d97b1
8579,datasets/cat_10k/images/da3e55bc1fdc03fc059b8376c8a687ca.jpg,da3e55bc1fdc03fc059b8376c8a687ca
8580,datasets/cat_10k/images/da53133e80907d38af6ecb34319263c8.jpg,da53133e80907d38af6ecb34319263c8
8581,datasets/cat_10k/images/da53c3c2c4cd21ea8923251e7a4a05de.jpg,da53c3c2c4cd21ea8923251e7a4a05de
8582,datasets/cat_10k/images/da557687b1694a9bab61865867d308c5.jpg,da557687b1694a9bab61865867d308c5
8583,datasets/cat_10k/images/da565e7d086fd7e05f80603288b526b9.jpg,da565e7d086fd7e05f80603288b526b9
8584,datasets/cat_10k/images/da5897592cc37521d76cdebb63db6c26.jpg,da5897592cc37521d76cdebb63db6c26
8585,datasets/cat_10k/images/da60b607a2d78ae4daf92254391f3f0e.jpg,da60b607a2d78ae4daf92254391f3f0e
8586,datasets/cat_10k/images/da6269b44a32211d01f8557611921f82.jpg,da6269b44a32211d01f8557611921f82
8587,datasets/cat_10k/images/da68780f4772095ae2a71ece1a5538f5.jpg,da68780f4772095ae2a71ece1a5538f5
8588,datasets/cat_10k/images/da6c80d49b5bb1adee9695c6d0cd76dd.jpg,da6c80d49b5bb1adee9695c6d0cd76dd
8589,datasets/cat_10k/images/da73ea526ad75c456df95c08a84ca301.jpg,da73ea526ad75c456df95c08a84ca301
8590,datasets/cat_10k/images/da7e3dc1541bd0f5950f85676523aa9d.jpg,da7e3dc1541bd0f5950f85676523aa9d
8591,datasets/cat_10k/images/da821e882c56b04bbd1b7d002545eb68.jpg,da821e882c56b04bbd1b7d002545eb68
8592,datasets/cat_10k/images/da82b52b56e2c0138d1cb111c0eab34c.jpg,da82b52b56e2c0138d1cb111c0eab34c
8593,datasets/cat_10k/images/da885bb13552645dce30715372fc50b5.jpg,da885bb13552645dce30715372fc50b5
8594,datasets/cat_10k/images/da8a9400d050a123a080dd9b9088f9e6.jpg,da8a9400d050a123a080dd9b9088f9e6
8595,datasets/cat_10k/images/da8b26428c0893108430f9622e8bdbc9.jpg,da8b26428c0893108430f9622e8bdbc9
8596,datasets/cat_10k/images/da8b864fc5ae74e0ad791e6e7076ae3f.jpg,da8b864fc5ae74e0ad791e6e7076ae3f
8597,datasets/cat_10k/images/da932a6e674b6c8c0bea0be398da17cf.jpg,da932a6e674b6c8c0bea0be398da17cf
8598,datasets/cat_10k/images/da94e679da8f93dfb6638b55104c8bb2.jpg,da94e679da8f93dfb6638b55104c8bb2
8599,datasets/cat_10k/images/da95acf1b1574133a98d92e47959b2ac.jpg,da95acf1b1574133a98d92e47959b2ac
8600,datasets/cat_10k/images/da9daffe8ffd190a452edf89c1a44ffb.jpg,da9daffe8ffd190a452edf89c1a44ffb
8601,datasets/cat_10k/images/daabb136da29103790bdcdecc766ff43.jpg,daabb136da29103790bdcdecc766ff43
8602,datasets/cat_10k/images/dab001033f5907ca6ad984b070e50a57.jpg,dab001033f5907ca6ad984b070e50a57
8603,datasets/cat_10k/images/dab046fd4fba0e44b42bd3cab0f8c301.jpg,dab046fd4fba0e44b42bd3cab0f8c301
8604,datasets/cat_10k/images/dab47fd40aec5f97f309ce75e271f3b2.jpg,dab47fd40aec5f97f309ce75e271f3b2
8605,datasets/cat_10k/images/dacd4a669704a917352b72cc415e8d6a.jpg,dacd4a669704a917352b72cc415e8d6a
8606,datasets/cat_10k/images/dada6140daecb2dc52eaea06a57a9214.jpg,dada6140daecb2dc52eaea06a57a9214
8607,datasets/cat_10k/images/dadb3f0f54344117899ab4a466ad68cf.jpg,dadb3f0f54344117899ab4a466ad68cf
8608,datasets/cat_10k/images/dae0a4e2e1e9672969376eec82f51c60.jpg,dae0a4e2e1e9672969376eec82f51c60
8609,datasets/cat_10k/images/dae4a80acae4a6b150316c9176c8f199.jpg,dae4a80acae4a6b150316c9176c8f199
8610,datasets/cat_10k/images/dae978da4c30f57e0fdc1a2869a67a7f.jpg,dae978da4c30f57e0fdc1a2869a67a7f
8611,datasets/cat_10k/images/daea0e6019c3a55d195e92bfea8df75d.jpg,daea0e6019c3a55d195e92bfea8df75d
8612,datasets/cat_10k/images/daefefebb10d9f1ab9cadc7c3d93d206.jpg,daefefebb10d9f1ab9cadc7c3d93d206
8613,datasets/cat_10k/images/daf74a3409f1ea30f8c503aeded9fd2c.jpg,daf74a3409f1ea30f8c503aeded9fd2c
8614,datasets/cat_10k/images/daf8bcb8794318ef52beed2153b0b5ad.jpg,daf8bcb8794318ef52beed2153b0b5ad
8615,datasets/cat_10k/images/db00d5e72342075246a808ee4d58f52c.jpg,db00d5e72342075246a808ee4d58f52c
8616,datasets/cat_10k/images/db04f0ca7345d632e95bb3686bd17b47.jpg,db04f0ca7345d632e95bb3686bd17b47
8617,datasets/cat_10k/images/db05a7b2b507923dbe7013e383cf888a.jpg,db05a7b2b507923dbe7013e383cf888a
8618,datasets/cat_10k/images/db0838b3e71609f57646713413c4b96c.jpg,db0838b3e71609f57646713413c4b96c
8619,datasets/cat_10k/images/db357c5a64fa6cecbceba4ddbf82bf67.jpg,db357c5a64fa6cecbceba4ddbf82bf67
8620,datasets/cat_10k/images/db39d0ac3af8ffd677cc680bd36bb141.jpg,db39d0ac3af8ffd677cc680bd36bb141
8621,datasets/cat_10k/images/db4d5dcf904d70000793e1ffd7bddf40.jpg,db4d5dcf904d70000793e1ffd7bddf40
8622,datasets/cat_10k/images/db52322281f155c527614a059d14aa42.jpg,db52322281f155c527614a059d14aa42
8623,datasets/cat_10k/images/db5bc04e0981176181544e5fe42455d7.jpg,db5bc04e0981176181544e5fe42455d7
8624,datasets/cat_10k/images/db5ecc370670c386a4b11033a0935046.jpg,db5ecc370670c386a4b11033a0935046
8625,datasets/cat_10k/images/db6211efa8c372e679f06f6c1c8010c4.jpg,db6211efa8c372e679f06f6c1c8010c4
8626,datasets/cat_10k/images/db6cc5cd42816c0b47e86f4cc1e8c607.jpg,db6cc5cd42816c0b47e86f4cc1e8c607
8627,datasets/cat_10k/images/db79ebb26049e3ed986801205c62861d.jpg,db79ebb26049e3ed986801205c62861d
8628,datasets/cat_10k/images/db813170575c55e27685a497cd33d90a.jpg,db813170575c55e27685a497cd33d90a
8629,datasets/cat_10k/images/db94557db1c41bbe786f748ea6da2a39.jpg,db94557db1c41bbe786f748ea6da2a39
8630,datasets/cat_10k/images/db9d02d9df11557772f1c6c360dd0e00.jpg,db9d02d9df11557772f1c6c360dd0e00
8631,datasets/cat_10k/images/dba02658194f89917bb7a8f688d2e66e.jpg,dba02658194f89917bb7a8f688d2e66e
8632,datasets/cat_10k/images/dbac7ef08701b1dde3d88e1aeffa7f8a.jpg,dbac7ef08701b1dde3d88e1aeffa7f8a
8633,datasets/cat_10k/images/dbafe8a8080bf502278fda03740a3b10.jpg,dbafe8a8080bf502278fda03740a3b10
8634,datasets/cat_10k/images/dbb29d6691003baeae83ab7f87a27bf8.jpg,dbb29d6691003baeae83ab7f87a27bf8
8635,datasets/cat_10k/images/dbb550eb556aab8204c80160d30b16ee.jpg,dbb550eb556aab8204c80160d30b16ee
8636,datasets/cat_10k/images/dbc98ffb7814e4aa6fe46b8608ccff0b.jpg,dbc98ffb7814e4aa6fe46b8608ccff0b
8637,datasets/cat_10k/images/dbd53856d3ec1ef3159c5521de12b4b9.jpg,dbd53856d3ec1ef3159c5521de12b4b9
8638,datasets/cat_10k/images/dbd80048df0a52bfb996b9435c3a77b4.jpg,dbd80048df0a52bfb996b9435c3a77b4
8639,datasets/cat_10k/images/dbdebbb8f3e816272dc056c79d334286.jpg,dbdebbb8f3e816272dc056c79d334286
8640,datasets/cat_10k/images/dbe6e540cb52903ae42d09b1925fead8.jpg,dbe6e540cb52903ae42d09b1925fead8
8641,datasets/cat_10k/images/dc0f1e2dcc7d960e77cbfcac8f5c1199.jpg,dc0f1e2dcc7d960e77cbfcac8f5c1199
8642,datasets/cat_10k/images/dc17d8890496c3345aed4544291c631f.jpg,dc17d8890496c3345aed4544291c631f
8643,datasets/cat_10k/images/dc2817f02d0fcc5bc3892e79e8a017eb.jpg,dc2817f02d0fcc5bc3892e79e8a017eb
8644,datasets/cat_10k/images/dc2abc5482ea1cb6d88d69e3b9b40a53.jpg,dc2abc5482ea1cb6d88d69e3b9b40a53
8645,datasets/cat_10k/images/dc3beab325b7e016a990ae5ea798a909.jpg,dc3beab325b7e016a990ae5ea798a909
8646,datasets/cat_10k/images/dc3fbd7799e42bcb05823f1a6f25cf47.jpg,dc3fbd7799e42bcb05823f1a6f25cf47
8647,datasets/cat_10k/images/dc41cebb5b34cc4e6d477c74c0129f1b.jpg,dc41cebb5b34cc4e6d477c74c0129f1b
8648,datasets/cat_10k/images/dc5972d8bc3f8a8ef0bd929b372d4b52.jpg,dc5972d8bc3f8a8ef0bd929b372d4b52
8649,datasets/cat_10k/images/dc6025cfe8f10897ef5b1abaf3a5d8a7.jpg,dc6025cfe8f10897ef5b1abaf3a5d8a7
8650,datasets/cat_10k/images/dc61e60c0a5213a55358d68e46e1f046.jpg,dc61e60c0a5213a55358d68e46e1f046
8651,datasets/cat_10k/images/dc73f15637f71bc1433d8f70e44fd0bc.jpg,dc73f15637f71bc1433d8f70e44fd0bc
8652,datasets/cat_10k/images/dc74bce3316c01459ac1365e9970b484.jpg,dc74bce3316c01459ac1365e9970b484
8653,datasets/cat_10k/images/dc75a01f09eeae53d9360325ae8d973e.jpg,dc75a01f09eeae53d9360325ae8d973e
8654,datasets/cat_10k/images/dc75e81fdddc33d3f17640763f69fba8.jpg,dc75e81fdddc33d3f17640763f69fba8
8655,datasets/cat_10k/images/dc80c5a81a93d5f22c0a0d9029964380.jpg,dc80c5a81a93d5f22c0a0d9029964380
8656,datasets/cat_10k/images/dc8485df59ddf8f24a051327f1914fdf.jpg,dc8485df59ddf8f24a051327f1914fdf
8657,datasets/cat_10k/images/dc9a437b706c3beddb5bb2f904f380c2.jpg,dc9a437b706c3beddb5bb2f904f380c2
8658,datasets/cat_10k/images/dc9f25e8ab4c945d6390b10d7bf7b19d.jpg,dc9f25e8ab4c945d6390b10d7bf7b19d
8659,datasets/cat_10k/images/dca4680f33e6237defc59dd0b538ab7e.jpg,dca4680f33e6237defc59dd0b538ab7e
8660,datasets/cat_10k/images/dca579c934defc40c651783c797a0de6.jpg,dca579c934defc40c651783c797a0de6
8661,datasets/cat_10k/images/dca86677f6e4744ae4e68e1c7c71ad07.jpg,dca86677f6e4744ae4e68e1c7c71ad07
8662,datasets/cat_10k/images/dcb277f05f1e9eff154c49e58f51c60d.jpg,dcb277f05f1e9eff154c49e58f51c60d
8663,datasets/cat_10k/images/dcbbae5680b7a7aead7c271791813031.jpg,dcbbae5680b7a7aead7c271791813031
8664,datasets/cat_10k/images/dcbbcc382b3ffda82c1d02c643781877.jpg,dcbbcc382b3ffda82c1d02c643781877
8665,datasets/cat_10k/images/dcd54834523ff56fffd6a6e099e1139c.jpg,dcd54834523ff56fffd6a6e099e1139c
8666,datasets/cat_10k/images/dcd85ea41992375c43607f305c1017e1.jpg,dcd85ea41992375c43607f305c1017e1
8667,datasets/cat_10k/images/dcda0cdc04ebf48fd0da5e58dfd72867.jpg,dcda0cdc04ebf48fd0da5e58dfd72867
8668,datasets/cat_10k/images/dcdcbe986c02ece3c6e38ec8f8dd521b.jpg,dcdcbe986c02ece3c6e38ec8f8dd521b
8669,datasets/cat_10k/images/dcdfd359e9ef642678a86e0e65ad1b1b.jpg,dcdfd359e9ef642678a86e0e65ad1b1b
8670,datasets/cat_10k/images/dce26699511aeca73b01c86790837a31.jpg,dce26699511aeca73b01c86790837a31
8671,datasets/cat_10k/images/dce9fa7a02bb4fcfb011b10c12ec03c2.jpg,dce9fa7a02bb4fcfb011b10c12ec03c2
8672,datasets/cat_10k/images/dcf7915ac6a5da0204e7f8e5e69c0fe6.jpg,dcf7915ac6a5da0204e7f8e5e69c0fe6
8673,datasets/cat_10k/images/dd08d2e100b91673c526ed819b8b2679.jpg,dd08d2e100b91673c526ed819b8b2679
8674,datasets/cat_10k/images/dd091db450e06d644caf3de27d775c10.jpg,dd091db450e06d644caf3de27d775c10
8675,datasets/cat_10k/images/dd217fac3b56fec9967335f49842b4ab.jpg,dd217fac3b56fec9967335f49842b4ab
8676,datasets/cat_10k/images/dd29c6ca324ab384a0c7c565a241e9c8.jpg,dd29c6ca324ab384a0c7c565a241e9c8
8677,datasets/cat_10k/images/dd2bc22cd0ee06a9716c955bba4c8e61.jpg,dd2bc22cd0ee06a9716c955bba4c8e61
8678,datasets/cat_10k/images/dd2e46a192b84abf8a890a7a3f83dad5.jpg,dd2e46a192b84abf8a890a7a3f83dad5
8679,datasets/cat_10k/images/dd394fa2b247fbb01547f6b17ccd7563.jpg,dd394fa2b247fbb01547f6b17ccd7563
8680,datasets/cat_10k/images/dd54d608b97fe7e5cc199c6dba92a96a.jpg,dd54d608b97fe7e5cc199c6dba92a96a
8681,datasets/cat_10k/images/dd5fb40c558e034ac5edc8faf2d3d8a5.jpg,dd5fb40c558e034ac5edc8faf2d3d8a5
8682,datasets/cat_10k/images/dd6534ec59e420d8ebb751b3d2b169f5.jpg,dd6534ec59e420d8ebb751b3d2b169f5
8683,datasets/cat_10k/images/dd6b420408242a29851f6258b5cbe04f.jpg,dd6b420408242a29851f6258b5cbe04f
8684,datasets/cat_10k/images/dd6cf2ab5e438be79e2622cff810fc2b.jpg,dd6cf2ab5e438be79e2622cff810fc2b
8685,datasets/cat_10k/images/dd6f863975c49252da4df1157482bed6.jpg,dd6f863975c49252da4df1157482bed6
8686,datasets/cat_10k/images/dd721e0cc74f902a82342bc45917bb33.jpg,dd721e0cc74f902a82342bc45917bb33
8687,datasets/cat_10k/images/dd77e5d39d4ff866816ce780ea87d8bc.jpg,dd77e5d39d4ff866816ce780ea87d8bc
8688,datasets/cat_10k/images/dd79d6bf7c25803414cee3c3355819a2.jpg,dd79d6bf7c25803414cee3c3355819a2
8689,datasets/cat_10k/images/dd7aa1a5dc29d8f2f5b93c94eec85fb4.jpg,dd7aa1a5dc29d8f2f5b93c94eec85fb4
8690,datasets/cat_10k/images/dd7f4205be7be641e2cea28540913957.jpg,dd7f4205be7be641e2cea28540913957
8691,datasets/cat_10k/images/dd86da66b2664ed4cd94a8dc85cccda8.jpg,dd86da66b2664ed4cd94a8dc85cccda8
8692,datasets/cat_10k/images/dd903d56b44db1fed0d3682ed658574e.jpg,dd903d56b44db1fed0d3682ed658574e
8693,datasets/cat_10k/images/dd947e138d85caa4734d453206b775aa.jpg,dd947e138d85caa4734d453206b775aa
8694,datasets/cat_10k/images/dd959407abf2a078f076f087140bf790.jpg,dd959407abf2a078f076f087140bf790
8695,datasets/cat_10k/images/dda95a2c97b83764806c9363884ce840.jpg,dda95a2c97b83764806c9363884ce840
8696,datasets/cat_10k/images/ddb5ebc6cfe878168f3cbe7c50526756.jpg,ddb5ebc6cfe878168f3cbe7c50526756
8697,datasets/cat_10k/images/ddb6ac36937c16f2792403afe1a0114d.jpg,ddb6ac36937c16f2792403afe1a0114d
8698,datasets/cat_10k/images/ddbd46214c34f40db5d1e9da096fbea6.jpg,ddbd46214c34f40db5d1e9da096fbea6
8699,datasets/cat_10k/images/ddc1614e144a6461c67fe3686c1b0b91.jpg,ddc1614e144a6461c67fe3686c1b0b91
8700,datasets/cat_10k/images/ddc7ad8a4e84d16c8b33bce100ef9168.jpg,ddc7ad8a4e84d16c8b33bce100ef9168
8701,datasets/cat_10k/images/ddccc7c19b0821ad04bc6010198759e6.jpg,ddccc7c19b0821ad04bc6010198759e6
8702,datasets/cat_10k/images/ddcf0d975fd5f367ebc2956792f43f0a.jpg,ddcf0d975fd5f367ebc2956792f43f0a
8703,datasets/cat_10k/images/ddd61c00f31ff54e52bee4c58b3d6b20.jpg,ddd61c00f31ff54e52bee4c58b3d6b20
8704,datasets/cat_10k/images/dddc9dcdf823d4e385e8fe3cc3d7f8ae.jpg,dddc9dcdf823d4e385e8fe3cc3d7f8ae
8705,datasets/cat_10k/images/ddde4af2d86748f01da59c36db894923.jpg,ddde4af2d86748f01da59c36db894923
8706,datasets/cat_10k/images/dde00310e48b2aebda32bf18f82e4889.jpg,dde00310e48b2aebda32bf18f82e4889
8707,datasets/cat_10k/images/ddeef41a17d57e9e0c19f4f21b7eb97c.jpg,ddeef41a17d57e9e0c19f4f21b7eb97c
8708,datasets/cat_10k/images/ddfdf00d56b7a0a9e2912b95bbb3e88e.jpg,ddfdf00d56b7a0a9e2912b95bbb3e88e
8709,datasets/cat_10k/images/de0a01d1313d93f2af92cdbea91e6b07.jpg,de0a01d1313d93f2af92cdbea91e6b07
8710,datasets/cat_10k/images/de0ab2e70d8fc84c939fc28e61b99aae.jpg,de0ab2e70d8fc84c939fc28e61b99aae
8711,datasets/cat_10k/images/de1e536813ea64fe58e1db3f6233e2d3.jpg,de1e536813ea64fe58e1db3f6233e2d3
8712,datasets/cat_10k/images/de1fe24a8f7c79d8597a8aaaab2f5927.jpg,de1fe24a8f7c79d8597a8aaaab2f5927
8713,datasets/cat_10k/images/de213989573068da877a79aed979ffd1.jpg,de213989573068da877a79aed979ffd1
8714,datasets/cat_10k/images/de230bbaab9590b2e955e536b26eaf92.jpg,de230bbaab9590b2e955e536b26eaf92
8715,datasets/cat_10k/images/de246a0e002d53af984e3661e8aaa809.jpg,de246a0e002d53af984e3661e8aaa809
8716,datasets/cat_10k/images/de28d55de92828e8de72d5aaf4c6f752.jpg,de28d55de92828e8de72d5aaf4c6f752
8717,datasets/cat_10k/images/de33e9668468c78e1fef6c84d6c885fd.jpg,de33e9668468c78e1fef6c84d6c885fd
8718,datasets/cat_10k/images/de45da2ad2438c16b15ffbb83bfa78d4.jpg,de45da2ad2438c16b15ffbb83bfa78d4
8719,datasets/cat_10k/images/de47eb94565503f72eb035ce033b7519.jpg,de47eb94565503f72eb035ce033b7519
8720,datasets/cat_10k/images/de55e3bf64ce757ffa4d1e23fca6c232.jpg,de55e3bf64ce757ffa4d1e23fca6c232
8721,datasets/cat_10k/images/de5a7bf7f4bff9cfb3b848f596d8bee1.jpg,de5a7bf7f4bff9cfb3b848f596d8bee1
8722,datasets/cat_10k/images/de5c6179d6321d1a5673ba3dafe1e8c3.jpg,de5c6179d6321d1a5673ba3dafe1e8c3
8723,datasets/cat_10k/images/de5f3cce9a7c5aeb9cd316c416c566e4.jpg,de5f3cce9a7c5aeb9cd316c416c566e4
8724,datasets/cat_10k/images/de64ed084a77959375f5a58a17a201ea.jpg,de64ed084a77959375f5a58a17a201ea
8725,datasets/cat_10k/images/de68fd664fa9ee199f4efc779ead88c4.jpg,de68fd664fa9ee199f4efc779ead88c4
8726,datasets/cat_10k/images/de74042aeb087ce8fa49ec4f6b76068f.jpg,de74042aeb087ce8fa49ec4f6b76068f
8727,datasets/cat_10k/images/de744d8cc4b8d727e3cbe1c9cf59863f.jpg,de744d8cc4b8d727e3cbe1c9cf59863f
8728,datasets/cat_10k/images/de77b49d518bafb9b1a66a98ea6d6b4d.jpg,de77b49d518bafb9b1a66a98ea6d6b4d
8729,datasets/cat_10k/images/de794ff65178f21919d0f676015dd71b.jpg,de794ff65178f21919d0f676015dd71b
8730,datasets/cat_10k/images/de80bfa1833986d8872ad3f6096cc6f0.jpg,de80bfa1833986d8872ad3f6096cc6f0
8731,datasets/cat_10k/images/de884acdae0fa3c99f8c392a0e24c8e3.jpg,de884acdae0fa3c99f8c392a0e24c8e3
8732,datasets/cat_10k/images/de8940c4c940c35e3300797bbd904e20.jpg,de8940c4c940c35e3300797bbd904e20
8733,datasets/cat_10k/images/de8e2f302818a619ed55743c09efe433.jpg,de8e2f302818a619ed55743c09efe433
8734,datasets/cat_10k/images/de9eb3ef3f08f2532bfbdf136910f346.jpg,de9eb3ef3f08f2532bfbdf136910f346
8735,datasets/cat_10k/images/dea85ae974948db8b51e0f990e83f985.jpg,dea85ae974948db8b51e0f990e83f985
8736,datasets/cat_10k/images/deaee7b691c8b305e5b61a6275c38ca4.jpg,deaee7b691c8b305e5b61a6275c38ca4
8737,datasets/cat_10k/images/deaf36ef3cdef3bb1f399bfd5c6b8143.jpg,deaf36ef3cdef3bb1f399bfd5c6b8143
8738,datasets/cat_10k/images/debdb0d4b1275a7abc53dc92f5797149.jpg,debdb0d4b1275a7abc53dc92f5797149
8739,datasets/cat_10k/images/ded1c449505d1cbd16ee7fa0add8b145.jpg,ded1c449505d1cbd16ee7fa0add8b145
8740,datasets/cat_10k/images/ded4809d6ff7abe197e3e7ff0660e7ae.jpg,ded4809d6ff7abe197e3e7ff0660e7ae
8741,datasets/cat_10k/images/ded56eed3116aea38eb6b696552d361a.jpg,ded56eed3116aea38eb6b696552d361a
8742,datasets/cat_10k/images/ded74b0be305c6f084edd4d1b8175700.jpg,ded74b0be305c6f084edd4d1b8175700
8743,datasets/cat_10k/images/dee8c704602d167a3a07fd76bd85ae21.jpg,dee8c704602d167a3a07fd76bd85ae21
8744,datasets/cat_10k/images/defe5453832b3312c31efad3d91c0f4d.jpg,defe5453832b3312c31efad3d91c0f4d
8745,datasets/cat_10k/images/df00b376c2565958ef13b771bafc4caf.jpg,df00b376c2565958ef13b771bafc4caf
8746,datasets/cat_10k/images/df03c2c5ecf5fcbfd1b30786c04c65b1.jpg,df03c2c5ecf5fcbfd1b30786c04c65b1
8747,datasets/cat_10k/images/df0558a4523e28e3c7fc48c8c1a5f6c8.jpg,df0558a4523e28e3c7fc48c8c1a5f6c8
8748,datasets/cat_10k/images/df0867bf7a33d71b34253c838b09f1d5.jpg,df0867bf7a33d71b34253c838b09f1d5
8749,datasets/cat_10k/images/df099e1c58c224407cb4ea064522bdab.jpg,df099e1c58c224407cb4ea064522bdab
8750,datasets/cat_10k/images/df0e7e08d0217107677e9f22507b6125.jpg,df0e7e08d0217107677e9f22507b6125
8751,datasets/cat_10k/images/df161c6baa074d579eb1ea8b4b118b9d.jpg,df161c6baa074d579eb1ea8b4b118b9d
8752,datasets/cat_10k/images/df1621ac540b2d79e9957dd0601218a0.jpg,df1621ac540b2d79e9957dd0601218a0
8753,datasets/cat_10k/images/df204035658f35846d29f3e87c272b6c.jpg,df204035658f35846d29f3e87c272b6c
8754,datasets/cat_10k/images/df248fa48f9303d0057371665daa4272.jpg,df248fa48f9303d0057371665daa4272
8755,datasets/cat_10k/images/df3413db18b4a45f02ddaba4e1b7c37f.jpg,df3413db18b4a45f02ddaba4e1b7c37f
8756,datasets/cat_10k/images/df50d8dc94abb5e9f799197bbb92f8a7.jpg,df50d8dc94abb5e9f799197bbb92f8a7
8757,datasets/cat_10k/images/df5512d10b44648dc584f2d37eb83433.jpg,df5512d10b44648dc584f2d37eb83433
8758,datasets/cat_10k/images/df60f575e4d49fabb81c4f7f416e3c80.jpg,df60f575e4d49fabb81c4f7f416e3c80
8759,datasets/cat_10k/images/df60f5b557d39afe0e75bef34dbe0532.jpg,df60f5b557d39afe0e75bef34dbe0532
8760,datasets/cat_10k/images/df6191d8d1512881dd37d8d59fab9897.jpg,df6191d8d1512881dd37d8d59fab9897
8761,datasets/cat_10k/images/df64e508110530e011326aaae1e48e5c.jpg,df64e508110530e011326aaae1e48e5c
8762,datasets/cat_10k/images/df70ef63064495699cc9fc2c5ae72530.jpg,df70ef63064495699cc9fc2c5ae72530
8763,datasets/cat_10k/images/df76e56acfca52ab2d61bfabb7f2a3f3.jpg,df76e56acfca52ab2d61bfabb7f2a3f3
8764,datasets/cat_10k/images/df7fa5ea756810456398b283a2d55548.jpg,df7fa5ea756810456398b283a2d55548
8765,datasets/cat_10k/images/df896e24737a8eddad8f3cdfed3aa4e0.jpg,df896e24737a8eddad8f3cdfed3aa4e0
8766,datasets/cat_10k/images/dfa196695eece1d34ebb5d30b07e09ec.jpg,dfa196695eece1d34ebb5d30b07e09ec
8767,datasets/cat_10k/images/dfa73eb7274d9b930165e5097a0ae69c.jpg,dfa73eb7274d9b930165e5097a0ae69c
8768,datasets/cat_10k/images/dfb34c6cdc4ac873a97c96b5441bf7aa.jpg,dfb34c6cdc4ac873a97c96b5441bf7aa
8769,datasets/cat_10k/images/dfb4299ff0e525a1acc0a45e9c5af61f.jpg,dfb4299ff0e525a1acc0a45e9c5af61f
8770,datasets/cat_10k/images/dfb816e75b7836bc5f01bce66d112c0e.jpg,dfb816e75b7836bc5f01bce66d112c0e
8771,datasets/cat_10k/images/dfb88061fa2b35b465b0fd98bb321a20.jpg,dfb88061fa2b35b465b0fd98bb321a20
8772,datasets/cat_10k/images/dfbfa4331f59bc3610154f380ac3a33d.jpg,dfbfa4331f59bc3610154f380ac3a33d
8773,datasets/cat_10k/images/dfc1562f79cc036115041c27a02d9512.jpg,dfc1562f79cc036115041c27a02d9512
8774,datasets/cat_10k/images/dfd6ccc26a964f2a4f1b6381b9ef5dde.jpg,dfd6ccc26a964f2a4f1b6381b9ef5dde
8775,datasets/cat_10k/images/dfd75d981867b0d34d96bd1aa5e4d0a6.jpg,dfd75d981867b0d34d96bd1aa5e4d0a6
8776,datasets/cat_10k/images/dfd9de6a5d08a6dbbbd1c87edc336e24.jpg,dfd9de6a5d08a6dbbbd1c87edc336e24
8777,datasets/cat_10k/images/dfe85cbf69403ea42f1173750201f52d.jpg,dfe85cbf69403ea42f1173750201f52d
8778,datasets/cat_10k/images/dfec94f4d19f9a6477f12c4d4599b1ed.jpg,dfec94f4d19f9a6477f12c4d4599b1ed
8779,datasets/cat_10k/images/dfeeb3f295fecbccecc5ebdd5559e9f5.jpg,dfeeb3f295fecbccecc5ebdd5559e9f5
8780,datasets/cat_10k/images/dff616c1b8b9a9e0e2d4f685cd2e9f11.jpg,dff616c1b8b9a9e0e2d4f685cd2e9f11
8781,datasets/cat_10k/images/dffc06b1e3cf1343a07060f20f4f5fa5.jpg,dffc06b1e3cf1343a07060f20f4f5fa5
8782,datasets/cat_10k/images/dffd913805a2d172c979a5ec1fb41dee.jpg,dffd913805a2d172c979a5ec1fb41dee
8783,datasets/cat_10k/images/e00b0fd550adc43d3e8670f467be2c36.jpg,e00b0fd550adc43d3e8670f467be2c36
8784,datasets/cat_10k/images/e00bcc6030ca2f7fc7597a7c13ba946e.jpg,e00bcc6030ca2f7fc7597a7c13ba946e
8785,datasets/cat_10k/images/e0145a7396cd3280640c21f2bea51062.jpg,e0145a7396cd3280640c21f2bea51062
8786,datasets/cat_10k/images/e014c4e0f0662d02dca3f3b39f63fef5.jpg,e014c4e0f0662d02dca3f3b39f63fef5
8787,datasets/cat_10k/images/e020d883a64f9fc97fc1e5e3f9be5eda.jpg,e020d883a64f9fc97fc1e5e3f9be5eda
8788,datasets/cat_10k/images/e0220e6662d3c6bf9c560b89dd572045.jpg,e0220e6662d3c6bf9c560b89dd572045
8789,datasets/cat_10k/images/e02421d60adbaa192a107e75ba42a276.jpg,e02421d60adbaa192a107e75ba42a276
8790,datasets/cat_10k/images/e0294ff32ab35d2361a738d5e5d15a57.jpg,e0294ff32ab35d2361a738d5e5d15a57
8791,datasets/cat_10k/images/e02a26cd4fe794d41df15e317c3670cf.jpg,e02a26cd4fe794d41df15e317c3670cf
8792,datasets/cat_10k/images/e02a92408a9b82c7c6dac84e82850fba.jpg,e02a92408a9b82c7c6dac84e82850fba
8793,datasets/cat_10k/images/e02cd43298155813baba3a8431744341.jpg,e02cd43298155813baba3a8431744341
8794,datasets/cat_10k/images/e02ecc848fc9add668b31b556d755026.jpg,e02ecc848fc9add668b31b556d755026
8795,datasets/cat_10k/images/e031ba9acfd74791233f9bf50807a71e.jpg,e031ba9acfd74791233f9bf50807a71e
8796,datasets/cat_10k/images/e03931eebedcdf2e7c81c5eebc6ed4b8.jpg,e03931eebedcdf2e7c81c5eebc6ed4b8
8797,datasets/cat_10k/images/e03f7247908590784831fc02f0bad835.jpg,e03f7247908590784831fc02f0bad835
8798,datasets/cat_10k/images/e042b7d9781e55d43f853011df79ae0a.jpg,e042b7d9781e55d43f853011df79ae0a
8799,datasets/cat_10k/images/e045061aec246201e31675504a00ab95.jpg,e045061aec246201e31675504a00ab95
8800,datasets/cat_10k/images/e05bbf280f56c5343f77a36e6eb3bbd0.jpg,e05bbf280f56c5343f77a36e6eb3bbd0
8801,datasets/cat_10k/images/e05be90f15f0ea45cb15e8a7a7db98ca.jpg,e05be90f15f0ea45cb15e8a7a7db98ca
8802,datasets/cat_10k/images/e05cbfa25c94df42c52c170f23ae0747.jpg,e05cbfa25c94df42c52c170f23ae0747
8803,datasets/cat_10k/images/e05df494d665c82849efda45c5a13940.jpg,e05df494d665c82849efda45c5a13940
8804,datasets/cat_10k/images/e061b46f4f31d2e235f84c66369e9961.jpg,e061b46f4f31d2e235f84c66369e9961
8805,datasets/cat_10k/images/e068e7d21f16f170087e38e1f15a9dfd.jpg,e068e7d21f16f170087e38e1f15a9dfd
8806,datasets/cat_10k/images/e06cfaf84c6dc86839e7884e3d8a7666.jpg,e06cfaf84c6dc86839e7884e3d8a7666
8807,datasets/cat_10k/images/e06d4ef59ff3698377183cf5ed140f66.jpg,e06d4ef59ff3698377183cf5ed140f66
8808,datasets/cat_10k/images/e0712202d025abe58ab6cecf18dba669.jpg,e0712202d025abe58ab6cecf18dba669
8809,datasets/cat_10k/images/e077069c91998d9e7af0896a23717445.jpg,e077069c91998d9e7af0896a23717445
8810,datasets/cat_10k/images/e077192b53be021f4d871a0072ac6f80.jpg,e077192b53be021f4d871a0072ac6f80
8811,datasets/cat_10k/images/e0810b3a5dbdbb5dde6dfab265634e60.jpg,e0810b3a5dbdbb5dde6dfab265634e60
8812,datasets/cat_10k/images/e083fe6bc317a39c7b607c22e743a369.jpg,e083fe6bc317a39c7b607c22e743a369
8813,datasets/cat_10k/images/e0863af1752de6b8c650a68607b67c78.jpg,e0863af1752de6b8c650a68607b67c78
8814,datasets/cat_10k/images/e088b9f17eb96951595a29920b0914d4.jpg,e088b9f17eb96951595a29920b0914d4
8815,datasets/cat_10k/images/e08a79f304048c8abfc43429a960ace8.jpg,e08a79f304048c8abfc43429a960ace8
8816,datasets/cat_10k/images/e08e053e35530631569f2000ac56e734.jpg,e08e053e35530631569f2000ac56e734
8817,datasets/cat_10k/images/e0976b64f56ce1a92841d839dc82bece.jpg,e0976b64f56ce1a92841d839dc82bece
8818,datasets/cat_10k/images/e098ab87567cfd7d6d1d7149d1ba832b.jpg,e098ab87567cfd7d6d1d7149d1ba832b
8819,datasets/cat_10k/images/e0a2ce338d3da66e0ab7cf6c8f5eb7d2.jpg,e0a2ce338d3da66e0ab7cf6c8f5eb7d2
8820,datasets/cat_10k/images/e0a3e64324c50050ff0f57d75cf3aaff.jpg,e0a3e64324c50050ff0f57d75cf3aaff
8821,datasets/cat_10k/images/e0bab882ec282381fbad90d633c58d49.jpg,e0bab882ec282381fbad90d633c58d49
8822,datasets/cat_10k/images/e0c35b5dfcf121103b782c95e71c52b0.jpg,e0c35b5dfcf121103b782c95e71c52b0
8823,datasets/cat_10k/images/e0cb6b708264720d0e6cbe46c923d7fd.jpg,e0cb6b708264720d0e6cbe46c923d7fd
8824,datasets/cat_10k/images/e0cb6eac6177bbc2a263ef8cd853ac91.jpg,e0cb6eac6177bbc2a263ef8cd853ac91
8825,datasets/cat_10k/images/e0cc6441e0ca46a2609adafbdd98a73a.jpg,e0cc6441e0ca46a2609adafbdd98a73a
8826,datasets/cat_10k/images/e0cd7a76e92c3f3ed399c14dce18de8e.jpg,e0cd7a76e92c3f3ed399c14dce18de8e
8827,datasets/cat_10k/images/e0ce12d0cfb31d8f2db134bbe067b11c.jpg,e0ce12d0cfb31d8f2db134bbe067b11c
8828,datasets/cat_10k/images/e0d3392d384a9c6ce41fbe43c21c564e.jpg,e0d3392d384a9c6ce41fbe43c21c564e
8829,datasets/cat_10k/images/e0d9aced840b524a1613be1828b72564.jpg,e0d9aced840b524a1613be1828b72564
8830,datasets/cat_10k/images/e0dc46a6f0c1f7d0cd5e51558f433f80.jpg,e0dc46a6f0c1f7d0cd5e51558f433f80
8831,datasets/cat_10k/images/e0ddae79a20890eb6e86e9206b0cfaff.jpg,e0ddae79a20890eb6e86e9206b0cfaff
8832,datasets/cat_10k/images/e0e63bc174af405d503347c13625b813.jpg,e0e63bc174af405d503347c13625b813
8833,datasets/cat_10k/images/e0f2fa6c21d99dc563a3ab341d9ab943.jpg,e0f2fa6c21d99dc563a3ab341d9ab943
8834,datasets/cat_10k/images/e0fbee16b79e5eb009872958c35fd1e8.jpg,e0fbee16b79e5eb009872958c35fd1e8
8835,datasets/cat_10k/images/e0ff053a72836292183a2cc0cc74cf97.jpg,e0ff053a72836292183a2cc0cc74cf97
8836,datasets/cat_10k/images/e0fff62db06f0081371c6e3807ed3ca8.jpg,e0fff62db06f0081371c6e3807ed3ca8
8837,datasets/cat_10k/images/e1064e22439b8cefebc54b218a031756.jpg,e1064e22439b8cefebc54b218a031756
8838,datasets/cat_10k/images/e10d680e3bc14997391d2b4e95d3dc35.jpg,e10d680e3bc14997391d2b4e95d3dc35
8839,datasets/cat_10k/images/e113a1e5e640671e12e310036384cda4.jpg,e113a1e5e640671e12e310036384cda4
8840,datasets/cat_10k/images/e11ff066207ad3844105dcfa959abf0a.jpg,e11ff066207ad3844105dcfa959abf0a
8841,datasets/cat_10k/images/e134f7e7a2b83eddf81cf8dfa7a920f2.jpg,e134f7e7a2b83eddf81cf8dfa7a920f2
8842,datasets/cat_10k/images/e141b28acdcaf6df0b130a870c23b48f.jpg,e141b28acdcaf6df0b130a870c23b48f
8843,datasets/cat_10k/images/e14eb6a3e9e7bcf5ea68e69d95d49cd4.jpg,e14eb6a3e9e7bcf5ea68e69d95d49cd4
8844,datasets/cat_10k/images/e14ecb91a4bc4c5d659e1011c46afbf4.jpg,e14ecb91a4bc4c5d659e1011c46afbf4
8845,datasets/cat_10k/images/e15df7843489ee36e0e2123e2d9272f7.jpg,e15df7843489ee36e0e2123e2d9272f7
8846,datasets/cat_10k/images/e167186a58a45e7b8c3f28173816ae40.jpg,e167186a58a45e7b8c3f28173816ae40
8847,datasets/cat_10k/images/e171b1b9d9d62d6839237296ebd3c1cf.jpg,e171b1b9d9d62d6839237296ebd3c1cf
8848,datasets/cat_10k/images/e171f81e9f6d39dcfd0c850916880a4e.jpg,e171f81e9f6d39dcfd0c850916880a4e
8849,datasets/cat_10k/images/e1797104c4250ecd17a95eaf6a7e87b4.jpg,e1797104c4250ecd17a95eaf6a7e87b4
8850,datasets/cat_10k/images/e1798a6472cabb9b67ad518509704267.jpg,e1798a6472cabb9b67ad518509704267
8851,datasets/cat_10k/images/e17e9b3f7a68b54c61e3fa762a442bde.jpg,e17e9b3f7a68b54c61e3fa762a442bde
8852,datasets/cat_10k/images/e1825b2fc376ae52c0e92859c66776ab.jpg,e1825b2fc376ae52c0e92859c66776ab
8853,datasets/cat_10k/images/e1921da92d9fdb23bdce69ca175bc2c5.jpg,e1921da92d9fdb23bdce69ca175bc2c5
8854,datasets/cat_10k/images/e1a06b17fc5c48a287c2a3d9647c736f.jpg,e1a06b17fc5c48a287c2a3d9647c736f
8855,datasets/cat_10k/images/e1a24e18469f8f92ea068bd5d9b77786.jpg,e1a24e18469f8f92ea068bd5d9b77786
8856,datasets/cat_10k/images/e1a89fa007d6767f48b151a84e2d5569.jpg,e1a89fa007d6767f48b151a84e2d5569
8857,datasets/cat_10k/images/e1a9cabb30c2f9555a87cbf7df2a07b8.jpg,e1a9cabb30c2f9555a87cbf7df2a07b8
8858,datasets/cat_10k/images/e1ae48477acc392d6b483e03c181da72.jpg,e1ae48477acc392d6b483e03c181da72
8859,datasets/cat_10k/images/e1b59f20da922624d53e894ee0b762f7.jpg,e1b59f20da922624d53e894ee0b762f7
8860,datasets/cat_10k/images/e1c43a5ab3f680d941b0cb33eaf149cf.jpg,e1c43a5ab3f680d941b0cb33eaf149cf
8861,datasets/cat_10k/images/e1c723d3622fc4cc25ad65482646a169.jpg,e1c723d3622fc4cc25ad65482646a169
8862,datasets/cat_10k/images/e1cb689e04899e01ca0b719b341d39a6.jpg,e1cb689e04899e01ca0b719b341d39a6
8863,datasets/cat_10k/images/e1cde0d14de82d734438726e34bdd302.jpg,e1cde0d14de82d734438726e34bdd302
8864,datasets/cat_10k/images/e1e36c8ce6cb23f8f5da907986c2328f.jpg,e1e36c8ce6cb23f8f5da907986c2328f
8865,datasets/cat_10k/images/e1ed32f207e210f3701f7fcfe7fd4bc9.jpg,e1ed32f207e210f3701f7fcfe7fd4bc9
8866,datasets/cat_10k/images/e1f26e504827d10992416b3785991e16.jpg,e1f26e504827d10992416b3785991e16
8867,datasets/cat_10k/images/e1f95b4eec942bcad5fe15ddbe51aceb.jpg,e1f95b4eec942bcad5fe15ddbe51aceb
8868,datasets/cat_10k/images/e1fac5939096447828563b6f5bdb275e.jpg,e1fac5939096447828563b6f5bdb275e
8869,datasets/cat_10k/images/e1fea88587f50277f07a2655419fe841.jpg,e1fea88587f50277f07a2655419fe841
8870,datasets/cat_10k/images/e20016b213e06fef1f4074c9e05e88da.jpg,e20016b213e06fef1f4074c9e05e88da
8871,datasets/cat_10k/images/e204f64dba3b3a607f815f864f55e7dd.jpg,e204f64dba3b3a607f815f864f55e7dd
8872,datasets/cat_10k/images/e205cfdc094c3d89cbeeb8c50ee664b0.jpg,e205cfdc094c3d89cbeeb8c50ee664b0
8873,datasets/cat_10k/images/e20d2e15e50fad7944c55cff0fe0028b.jpg,e20d2e15e50fad7944c55cff0fe0028b
8874,datasets/cat_10k/images/e2132a2d1ca1daa8640b8acb26a4e4cd.jpg,e2132a2d1ca1daa8640b8acb26a4e4cd
8875,datasets/cat_10k/images/e2175ba08f0df5da1f8eed7bb0adee24.jpg,e2175ba08f0df5da1f8eed7bb0adee24
8876,datasets/cat_10k/images/e2181781952e058635ec63b93839ef13.jpg,e2181781952e058635ec63b93839ef13
8877,datasets/cat_10k/images/e22b5af1970fda56c2255101b95b8838.jpg,e22b5af1970fda56c2255101b95b8838
8878,datasets/cat_10k/images/e22ba7a4f1df143cf862110c0f937f63.jpg,e22ba7a4f1df143cf862110c0f937f63
8879,datasets/cat_10k/images/e22fa95b92f568b503184cfc0f2aa87c.jpg,e22fa95b92f568b503184cfc0f2aa87c
8880,datasets/cat_10k/images/e23039e098baed7302b4e379f54a57dd.jpg,e23039e098baed7302b4e379f54a57dd
8881,datasets/cat_10k/images/e2452060c91f825eb6ee45754da0ca8a.jpg,e2452060c91f825eb6ee45754da0ca8a
8882,datasets/cat_10k/images/e24522dcff65bb059e6615fbb26b4620.jpg,e24522dcff65bb059e6615fbb26b4620
8883,datasets/cat_10k/images/e246ca7a2c9805095ece404dd3626e57.jpg,e246ca7a2c9805095ece404dd3626e57
8884,datasets/cat_10k/images/e24dc6322b4e75aa62d370de38e9b8e5.jpg,e24dc6322b4e75aa62d370de38e9b8e5
8885,datasets/cat_10k/images/e2510b3d6a4bb6440ff9e566c8d0599f.jpg,e2510b3d6a4bb6440ff9e566c8d0599f
8886,datasets/cat_10k/images/e256355b2d14867cb45b0fe4e160e873.jpg,e256355b2d14867cb45b0fe4e160e873
8887,datasets/cat_10k/images/e25a3fbfaea8fa6b55edeb60cf3a437d.jpg,e25a3fbfaea8fa6b55edeb60cf3a437d
8888,datasets/cat_10k/images/e25c4a7b125c8d80db37c97550db5fd4.jpg,e25c4a7b125c8d80db37c97550db5fd4
8889,datasets/cat_10k/images/e263d895b5bab8bd14f2c13e1644407f.jpg,e263d895b5bab8bd14f2c13e1644407f
8890,datasets/cat_10k/images/e2722654e79ee9c500227ddb9db4ecc1.jpg,e2722654e79ee9c500227ddb9db4ecc1
8891,datasets/cat_10k/images/e2730c2c92e5bf940deb3c7b02f57698.jpg,e2730c2c92e5bf940deb3c7b02f57698
8892,datasets/cat_10k/images/e28c1d2e33dea7cb86d459b6ac21bb9a.jpg,e28c1d2e33dea7cb86d459b6ac21bb9a
8893,datasets/cat_10k/images/e293d6f626e6515e62d1a265d9283553.jpg,e293d6f626e6515e62d1a265d9283553
8894,datasets/cat_10k/images/e293ffd14920cc2df32d471bff3784b4.jpg,e293ffd14920cc2df32d471bff3784b4
8895,datasets/cat_10k/images/e29ebaea1270b180ae334ca5e88a5d67.jpg,e29ebaea1270b180ae334ca5e88a5d67
8896,datasets/cat_10k/images/e2a370a8cdf883d0654578e12dee30b4.jpg,e2a370a8cdf883d0654578e12dee30b4
8897,datasets/cat_10k/images/e2b3ebc1dec09c822f87606168bb9980.jpg,e2b3ebc1dec09c822f87606168bb9980
8898,datasets/cat_10k/images/e2b4e91c9a97c11db510cf84c4455aa3.jpg,e2b4e91c9a97c11db510cf84c4455aa3
8899,datasets/cat_10k/images/e2ba24a93392ccffc7734950acb56675.jpg,e2ba24a93392ccffc7734950acb56675
8900,datasets/cat_10k/images/e2c0df0ac88363024ddb4e86fdd3a8f6.jpg,e2c0df0ac88363024ddb4e86fdd3a8f6
8901,datasets/cat_10k/images/e2c1c534ca6d9dc3515f7509e9c5288c.jpg,e2c1c534ca6d9dc3515f7509e9c5288c
8902,datasets/cat_10k/images/e2ceb31fa7086d9441b5f206048dffe9.jpg,e2ceb31fa7086d9441b5f206048dffe9
8903,datasets/cat_10k/images/e2d22ece06a976980186ba37ffdf854d.jpg,e2d22ece06a976980186ba37ffdf854d
8904,datasets/cat_10k/images/e2d3b04c277162de95d08f8cb2eb2bd0.jpg,e2d3b04c277162de95d08f8cb2eb2bd0
8905,datasets/cat_10k/images/e2d937e48891532129c78781d9b392e6.jpg,e2d937e48891532129c78781d9b392e6
8906,datasets/cat_10k/images/e2dc9b6cfe0aab2a508f6c8a6c7c1272.jpg,e2dc9b6cfe0aab2a508f6c8a6c7c1272
8907,datasets/cat_10k/images/e2e0ff31ad875253a567611ce38b2abe.jpg,e2e0ff31ad875253a567611ce38b2abe
8908,datasets/cat_10k/images/e2e21968f374e40b8bf8e1be9eeb0d69.jpg,e2e21968f374e40b8bf8e1be9eeb0d69
8909,datasets/cat_10k/images/e2ec5219bd49c8a13eeb982d620a9ba1.jpg,e2ec5219bd49c8a13eeb982d620a9ba1
8910,datasets/cat_10k/images/e2eea6aa7c3e0faca47ea29d378c97d2.jpg,e2eea6aa7c3e0faca47ea29d378c97d2
8911,datasets/cat_10k/images/e2f4959f73eab848e0192d06652dd528.jpg,e2f4959f73eab848e0192d06652dd528
8912,datasets/cat_10k/images/e2f50cbc9c822078f992dea8c9f0015e.jpg,e2f50cbc9c822078f992dea8c9f0015e
8913,datasets/cat_10k/images/e2f66d560014c011005f83587bf0e245.jpg,e2f66d560014c011005f83587bf0e245
8914,datasets/cat_10k/images/e2faf8fdc14229baa0a8a5dd7632e51f.jpg,e2faf8fdc14229baa0a8a5dd7632e51f
8915,datasets/cat_10k/images/e2fec78b15bfd15c51998964a537787f.jpg,e2fec78b15bfd15c51998964a537787f
8916,datasets/cat_10k/images/e2ff720cc172530e2c1317a899474bc3.jpg,e2ff720cc172530e2c1317a899474bc3
8917,datasets/cat_10k/images/e2fff62d1c8b2b7ed2b56035dacb13b1.jpg,e2fff62d1c8b2b7ed2b56035dacb13b1
8918,datasets/cat_10k/images/e307174b257beded30e5e408f86db318.jpg,e307174b257beded30e5e408f86db318
8919,datasets/cat_10k/images/e3119c3d49879f4f13f71fb3c9118923.jpg,e3119c3d49879f4f13f71fb3c9118923
8920,datasets/cat_10k/images/e31463ac20c090c9eb345de4945e06df.jpg,e31463ac20c090c9eb345de4945e06df
8921,datasets/cat_10k/images/e31c4fdebe9af77678471e362c19af3b.jpg,e31c4fdebe9af77678471e362c19af3b
8922,datasets/cat_10k/images/e324fd88d1cad03a2d3da3c22e1c9d58.jpg,e324fd88d1cad03a2d3da3c22e1c9d58
8923,datasets/cat_10k/images/e325abff034a4417cffb7ff701c2f0d3.jpg,e325abff034a4417cffb7ff701c2f0d3
8924,datasets/cat_10k/images/e32a32daf2dd9c713e2ca0076e84dd6c.jpg,e32a32daf2dd9c713e2ca0076e84dd6c
8925,datasets/cat_10k/images/e33c595d9c4ce454afd36f2f4d23c7fc.jpg,e33c595d9c4ce454afd36f2f4d23c7fc
8926,datasets/cat_10k/images/e33e626dcd4bef5a466ed52393664409.jpg,e33e626dcd4bef5a466ed52393664409
8927,datasets/cat_10k/images/e342db0780aac63378e3b76deee1243e.jpg,e342db0780aac63378e3b76deee1243e
8928,datasets/cat_10k/images/e347311c52e8c3a8e7a20f38a39eafdc.jpg,e347311c52e8c3a8e7a20f38a39eafdc
8929,datasets/cat_10k/images/e34b9c0bb3cff4565b8d5c36c63ba0b9.jpg,e34b9c0bb3cff4565b8d5c36c63ba0b9
8930,datasets/cat_10k/images/e34e585071507e4f705ec5a1b0a16371.jpg,e34e585071507e4f705ec5a1b0a16371
8931,datasets/cat_10k/images/e35649889d27c85ed7206af90fef3bb3.jpg,e35649889d27c85ed7206af90fef3bb3
8932,datasets/cat_10k/images/e35751b6fc1a35f4eae62e917b24d0ad.jpg,e35751b6fc1a35f4eae62e917b24d0ad
8933,datasets/cat_10k/images/e35b6c46b558882a936120076cd5b4dc.jpg,e35b6c46b558882a936120076cd5b4dc
8934,datasets/cat_10k/images/e35f3694b053cbcafe72a32a3ffd0080.jpg,e35f3694b053cbcafe72a32a3ffd0080
8935,datasets/cat_10k/images/e364cae01e4b778d0d95fe24ff9328ad.jpg,e364cae01e4b778d0d95fe24ff9328ad
8936,datasets/cat_10k/images/e36a341f7492da0431fc07e29fb825b6.jpg,e36a341f7492da0431fc07e29fb825b6
8937,datasets/cat_10k/images/e36f3a70b633a13a8e87669e53682160.jpg,e36f3a70b633a13a8e87669e53682160
8938,datasets/cat_10k/images/e3749246c915c434a0eca4473257ecd1.jpg,e3749246c915c434a0eca4473257ecd1
8939,datasets/cat_10k/images/e389a1593df4c349b23b44856e7e1b0e.jpg,e389a1593df4c349b23b44856e7e1b0e
8940,datasets/cat_10k/images/e38f187493f9f1e0b8c54afec9f29063.jpg,e38f187493f9f1e0b8c54afec9f29063
8941,datasets/cat_10k/images/e3953d7fddbab66c5040daa9a8b3505d.jpg,e3953d7fddbab66c5040daa9a8b3505d
8942,datasets/cat_10k/images/e395727ec828516d0e3fe72cc27152b0.jpg,e395727ec828516d0e3fe72cc27152b0
8943,datasets/cat_10k/images/e39c5be25de26e258bbd43bdb880c400.jpg,e39c5be25de26e258bbd43bdb880c400
8944,datasets/cat_10k/images/e3a0d5efc5dc187c7c2cb4e7c606d653.jpg,e3a0d5efc5dc187c7c2cb4e7c606d653
8945,datasets/cat_10k/images/e3a4c00a9b03fae6855cffbea705834f.jpg,e3a4c00a9b03fae6855cffbea705834f
8946,datasets/cat_10k/images/e3a9da8eb26d833d592b8ca550019e14.jpg,e3a9da8eb26d833d592b8ca550019e14
8947,datasets/cat_10k/images/e3ae43a4f2ced465d82692367d9efabd.jpg,e3ae43a4f2ced465d82692367d9efabd
8948,datasets/cat_10k/images/e3bc99460b88d3c9820323595265ae04.jpg,e3bc99460b88d3c9820323595265ae04
8949,datasets/cat_10k/images/e3bfb4c3cbfe6bde3994c1e7a7816dce.jpg,e3bfb4c3cbfe6bde3994c1e7a7816dce
8950,datasets/cat_10k/images/e3c86f06e09ef6c3944a2110abcd58a3.jpg,e3c86f06e09ef6c3944a2110abcd58a3
8951,datasets/cat_10k/images/e3cbf488ca1363746653b7f2f3118863.jpg,e3cbf488ca1363746653b7f2f3118863
8952,datasets/cat_10k/images/e3cc1b63789ca77933743f36160323f0.jpg,e3cc1b63789ca77933743f36160323f0
8953,datasets/cat_10k/images/e3dc7fae814cb8d462d8fb864ca1bcc0.jpg,e3dc7fae814cb8d462d8fb864ca1bcc0
8954,datasets/cat_10k/images/e3df57303c6bf82410723177d41e8a2b.jpg,e3df57303c6bf82410723177d41e8a2b
8955,datasets/cat_10k/images/e3f1bbcfcd2e079b18610420081e8aad.jpg,e3f1bbcfcd2e079b18610420081e8aad
8956,datasets/cat_10k/images/e3fc4a18ce8dca2480be11d772e1f60c.jpg,e3fc4a18ce8dca2480be11d772e1f60c
8957,datasets/cat_10k/images/e4054854985d73ab87b429d7de35297d.jpg,e4054854985d73ab87b429d7de35297d
8958,datasets/cat_10k/images/e41041abd202306eb500af201bbff973.jpg,e41041abd202306eb500af201bbff973
8959,datasets/cat_10k/images/e41147e035dfd339882633ba9464ee20.jpg,e41147e035dfd339882633ba9464ee20
8960,datasets/cat_10k/images/e422295fdf28513efc7e23ecc21c6ca1.jpg,e422295fdf28513efc7e23ecc21c6ca1
8961,datasets/cat_10k/images/e425b8f5f426fb36f765fad8665a7ece.jpg,e425b8f5f426fb36f765fad8665a7ece
8962,datasets/cat_10k/images/e431cd6bf34433388592efd504b54ed7.jpg,e431cd6bf34433388592efd504b54ed7
8963,datasets/cat_10k/images/e463819ce425dc7808212f90cfaf4f32.jpg,e463819ce425dc7808212f90cfaf4f32
8964,datasets/cat_10k/images/e46a8d53e76bc27e093083a40fc6da21.jpg,e46a8d53e76bc27e093083a40fc6da21
8965,datasets/cat_10k/images/e46c02aeaeb7e8a019b81d7f80920f85.jpg,e46c02aeaeb7e8a019b81d7f80920f85
8966,datasets/cat_10k/images/e46d7680cf60eabec45d62d4faae36e5.jpg,e46d7680cf60eabec45d62d4faae36e5
8967,datasets/cat_10k/images/e4740a6e00dcb1fa8acc49d205eff34a.jpg,e4740a6e00dcb1fa8acc49d205eff34a
8968,datasets/cat_10k/images/e4774e1882b97a3b8c0e0cc3ed2d8287.jpg,e4774e1882b97a3b8c0e0cc3ed2d8287
8969,datasets/cat_10k/images/e47cd0270662cafeb7f16bb0845c0c37.jpg,e47cd0270662cafeb7f16bb0845c0c37
8970,datasets/cat_10k/images/e48741f011647d27cf6772fd6c21f533.jpg,e48741f011647d27cf6772fd6c21f533
8971,datasets/cat_10k/images/e48759b3241186e7f62e4a689a68455a.jpg,e48759b3241186e7f62e4a689a68455a
8972,datasets/cat_10k/images/e4985e59121d389249e2f0f6835c3e9e.jpg,e4985e59121d389249e2f0f6835c3e9e
8973,datasets/cat_10k/images/e49def3b63b14e2c8385e076f541191c.jpg,e49def3b63b14e2c8385e076f541191c
8974,datasets/cat_10k/images/e4a195d3ef4c8282a91df9bdf9791e41.jpg,e4a195d3ef4c8282a91df9bdf9791e41
8975,datasets/cat_10k/images/e4a8eb2b1b63ce1949612e75656b9d47.jpg,e4a8eb2b1b63ce1949612e75656b9d47
8976,datasets/cat_10k/images/e4af55dc19ef92f01fb7b1a037928994.jpg,e4af55dc19ef92f01fb7b1a037928994
8977,datasets/cat_10k/images/e4b1583b14c3d34cf0cf5e7f2e7e5b00.jpg,e4b1583b14c3d34cf0cf5e7f2e7e5b00
8978,datasets/cat_10k/images/e4b7a4c3e8f98975e323b06907542b9f.jpg,e4b7a4c3e8f98975e323b06907542b9f
8979,datasets/cat_10k/images/e4c13a3322892f950dcee5cb73403b9a.jpg,e4c13a3322892f950dcee5cb73403b9a
8980,datasets/cat_10k/images/e4c9c36591053d6754c47bdb7f754c24.jpg,e4c9c36591053d6754c47bdb7f754c24
8981,datasets/cat_10k/images/e4cf597b0e56ad1615b92ea659d76c30.jpg,e4cf597b0e56ad1615b92ea659d76c30
8982,datasets/cat_10k/images/e4d4f24dc7ac80c4f407b8314c108cfe.jpg,e4d4f24dc7ac80c4f407b8314c108cfe
8983,datasets/cat_10k/images/e4e9e8549e8da0704c5a17f8233f2af5.jpg,e4e9e8549e8da0704c5a17f8233f2af5
8984,datasets/cat_10k/images/e4ed0bf9906d06d736974e90d67ac92f.jpg,e4ed0bf9906d06d736974e90d67ac92f
8985,datasets/cat_10k/images/e4ed8f597f433a8a1adb3bf37c935c1a.jpg,e4ed8f597f433a8a1adb3bf37c935c1a
8986,datasets/cat_10k/images/e4f201b6e10c97ac6d06800537fc4a53.jpg,e4f201b6e10c97ac6d06800537fc4a53
8987,datasets/cat_10k/images/e4f2b2d930ede1794e470e55792c7955.jpg,e4f2b2d930ede1794e470e55792c7955
8988,datasets/cat_10k/images/e4f8ff6b9cba25d5d53d1ce06c47e5ee.jpg,e4f8ff6b9cba25d5d53d1ce06c47e5ee
8989,datasets/cat_10k/images/e4fb05bd732eb5bb97e45b19f4a55643.jpg,e4fb05bd732eb5bb97e45b19f4a55643
8990,datasets/cat_10k/images/e4fd6a638813f995239d78171b38df44.jpg,e4fd6a638813f995239d78171b38df44
8991,datasets/cat_10k/images/e501f7d98cd5dcbe4fbe2122cd199076.jpg,e501f7d98cd5dcbe4fbe2122cd199076
8992,datasets/cat_10k/images/e503c6c977fb2c24a4cca091b4c8103e.jpg,e503c6c977fb2c24a4cca091b4c8103e
8993,datasets/cat_10k/images/e512d29d9d94ffdb991110f97e0e4c99.jpg,e512d29d9d94ffdb991110f97e0e4c99
8994,datasets/cat_10k/images/e513f275dd23c9af2d19d6686be154cc.jpg,e513f275dd23c9af2d19d6686be154cc
8995,datasets/cat_10k/images/e51c93ca4d99c6bf59338239b2af2d40.jpg,e51c93ca4d99c6bf59338239b2af2d40
8996,datasets/cat_10k/images/e523ab34f5aa2d1eb0e61f05af0abf32.jpg,e523ab34f5aa2d1eb0e61f05af0abf32
8997,datasets/cat_10k/images/e5288358c9d4c9ae70c55698be7a11ee.jpg,e5288358c9d4c9ae70c55698be7a11ee
8998,datasets/cat_10k/images/e533156f46f30504b302919af046ec55.jpg,e533156f46f30504b302919af046ec55
8999,datasets/cat_10k/images/e536815ae6a49c0b8414d0fc4ad9e6c3.jpg,e536815ae6a49c0b8414d0fc4ad9e6c3
9000,datasets/cat_10k/images/e53d50f053982d75d9acf1ca6761618b.jpg,e53d50f053982d75d9acf1ca6761618b
9001,datasets/cat_10k/images/e540f499898fa9d6138dccd71c0e9ca2.jpg,e540f499898fa9d6138dccd71c0e9ca2
9002,datasets/cat_10k/images/e542a52b2eff1bbbf226f5e730ac9f19.jpg,e542a52b2eff1bbbf226f5e730ac9f19
9003,datasets/cat_10k/images/e546a28b9382f56f38c79dbed85efe59.jpg,e546a28b9382f56f38c79dbed85efe59
9004,datasets/cat_10k/images/e55ac190fad89e7737665f0317996807.jpg,e55ac190fad89e7737665f0317996807
9005,datasets/cat_10k/images/e55f39ce2a67a8e0fc1b1933c56e099b.jpg,e55f39ce2a67a8e0fc1b1933c56e099b
9006,datasets/cat_10k/images/e5617ab573b3afc294109d65301e61c1.jpg,e5617ab573b3afc294109d65301e61c1
9007,datasets/cat_10k/images/e5648348438876b54d59783503f335ad.jpg,e5648348438876b54d59783503f335ad
9008,datasets/cat_10k/images/e56aa3f1aa011eaace189f94d46db7e0.jpg,e56aa3f1aa011eaace189f94d46db7e0
9009,datasets/cat_10k/images/e56d74f82882ffdfd10f0891bee02d4f.jpg,e56d74f82882ffdfd10f0891bee02d4f
9010,datasets/cat_10k/images/e57b8573b1ebcc83005fa3f06128056e.jpg,e57b8573b1ebcc83005fa3f06128056e
9011,datasets/cat_10k/images/e58e11a01e6acd7deecffdad987046a3.jpg,e58e11a01e6acd7deecffdad987046a3
9012,datasets/cat_10k/images/e594419c63662f2c73278f460d7c2621.jpg,e594419c63662f2c73278f460d7c2621
9013,datasets/cat_10k/images/e59f71924f6996cab7e3f6e2cfa4eac3.jpg,e59f71924f6996cab7e3f6e2cfa4eac3
9014,datasets/cat_10k/images/e5a64178dc814d7541a356d7139cb381.jpg,e5a64178dc814d7541a356d7139cb381
9015,datasets/cat_10k/images/e5aa058bcee5fc895e2e5658f81c1c7f.jpg,e5aa058bcee5fc895e2e5658f81c1c7f
9016,datasets/cat_10k/images/e5adea61f5e8e46d371c172dd0c8f27b.jpg,e5adea61f5e8e46d371c172dd0c8f27b
9017,datasets/cat_10k/images/e5b1f5674a497a2b69349b3d96af7ae2.jpg,e5b1f5674a497a2b69349b3d96af7ae2
9018,datasets/cat_10k/images/e5be72fda28baaaafdbae77575cd02b4.jpg,e5be72fda28baaaafdbae77575cd02b4
9019,datasets/cat_10k/images/e5c87779bc65c01e5ee5f2a1910a65ba.jpg,e5c87779bc65c01e5ee5f2a1910a65ba
9020,datasets/cat_10k/images/e5c8da305f99423900b4732a6c67aa6e.jpg,e5c8da305f99423900b4732a6c67aa6e
9021,datasets/cat_10k/images/e5ccac618ca79e97ba479a09be92fca9.jpg,e5ccac618ca79e97ba479a09be92fca9
9022,datasets/cat_10k/images/e5d445f9267b94492976a6f27efe177d.jpg,e5d445f9267b94492976a6f27efe177d
9023,datasets/cat_10k/images/e5d4eb6b0a71b59bed1fe353a70e3add.jpg,e5d4eb6b0a71b59bed1fe353a70e3add
9024,datasets/cat_10k/images/e5d58d1626bffd13added25d67b10b3a.jpg,e5d58d1626bffd13added25d67b10b3a
9025,datasets/cat_10k/images/e5dc4d7bb9fda9f84876dc800813cd6f.jpg,e5dc4d7bb9fda9f84876dc800813cd6f
9026,datasets/cat_10k/images/e5de63b38384dd3b50589c9a8f9ff603.jpg,e5de63b38384dd3b50589c9a8f9ff603
9027,datasets/cat_10k/images/e5e77076da8685a1dddd71f4e95bed0a.jpg,e5e77076da8685a1dddd71f4e95bed0a
9028,datasets/cat_10k/images/e5fb25a66f32b5293f639c79c00c881d.jpg,e5fb25a66f32b5293f639c79c00c881d
9029,datasets/cat_10k/images/e5fb751e3fba56b025a8aae9150d1d37.jpg,e5fb751e3fba56b025a8aae9150d1d37
9030,datasets/cat_10k/images/e602bfbe0892c95ead187c960d5a226b.jpg,e602bfbe0892c95ead187c960d5a226b
9031,datasets/cat_10k/images/e604a704b4c713e7966ce637d79e3df5.jpg,e604a704b4c713e7966ce637d79e3df5
9032,datasets/cat_10k/images/e608d9e2c20345ebdbd5e286e17e5649.jpg,e608d9e2c20345ebdbd5e286e17e5649
9033,datasets/cat_10k/images/e60ca476d6aa534f63fa6801c6116645.jpg,e60ca476d6aa534f63fa6801c6116645
9034,datasets/cat_10k/images/e612734fdc6e1a6d4e8ba2c24dc50fe4.jpg,e612734fdc6e1a6d4e8ba2c24dc50fe4
9035,datasets/cat_10k/images/e612950d54ab953ce1cee8a5321afe45.jpg,e612950d54ab953ce1cee8a5321afe45
9036,datasets/cat_10k/images/e61e5e441eb81d33be929a6e2f0c7c3d.jpg,e61e5e441eb81d33be929a6e2f0c7c3d
9037,datasets/cat_10k/images/e6291e738e7cd6315d0f4f0f009aad58.jpg,e6291e738e7cd6315d0f4f0f009aad58
9038,datasets/cat_10k/images/e629a5ae65a06f2dd4dd4a30eb7e49fd.jpg,e629a5ae65a06f2dd4dd4a30eb7e49fd
9039,datasets/cat_10k/images/e62a5b4a5e5f926aa8bb9060e79bed3b.jpg,e62a5b4a5e5f926aa8bb9060e79bed3b
9040,datasets/cat_10k/images/e62ba1357bdd5bd54ab93808c4a1ca63.jpg,e62ba1357bdd5bd54ab93808c4a1ca63
9041,datasets/cat_10k/images/e62d8b33886eff991171f808f0f479a4.jpg,e62d8b33886eff991171f808f0f479a4
9042,datasets/cat_10k/images/e63c1af84c67e9796021206bb88db016.jpg,e63c1af84c67e9796021206bb88db016
9043,datasets/cat_10k/images/e63d3df3e33decf3ea25fa909170003d.jpg,e63d3df3e33decf3ea25fa909170003d
9044,datasets/cat_10k/images/e6437afe675da24e19dda7dce7ef2c64.jpg,e6437afe675da24e19dda7dce7ef2c64
9045,datasets/cat_10k/images/e64e3a597c44db9669961689a318998c.jpg,e64e3a597c44db9669961689a318998c
9046,datasets/cat_10k/images/e65490113207be051f66d3957faf1766.jpg,e65490113207be051f66d3957faf1766
9047,datasets/cat_10k/images/e6576e535c91fcb805919ef3c8f892d9.jpg,e6576e535c91fcb805919ef3c8f892d9
9048,datasets/cat_10k/images/e6633f03397f8bf6ef27d6102478dbed.jpg,e6633f03397f8bf6ef27d6102478dbed
9049,datasets/cat_10k/images/e663b10eac832a48bf1babee16edc851.jpg,e663b10eac832a48bf1babee16edc851
9050,datasets/cat_10k/images/e666dad1b51c6422154a7034c7fab226.jpg,e666dad1b51c6422154a7034c7fab226
9051,datasets/cat_10k/images/e66b3fb4ea5994bcaff27f132c2c78ca.jpg,e66b3fb4ea5994bcaff27f132c2c78ca
9052,datasets/cat_10k/images/e676a09a8a7fffe03077bfdf004049aa.jpg,e676a09a8a7fffe03077bfdf004049aa
9053,datasets/cat_10k/images/e6772924c0a20e90d663a525665dc6a8.jpg,e6772924c0a20e90d663a525665dc6a8
9054,datasets/cat_10k/images/e69fcb8ee72530afe063ed08248bbf67.jpg,e69fcb8ee72530afe063ed08248bbf67
9055,datasets/cat_10k/images/e6ab40fc3d6c131e611a5eac74753610.jpg,e6ab40fc3d6c131e611a5eac74753610
9056,datasets/cat_10k/images/e6ad19d241c12236c7168facd9d9bf83.jpg,e6ad19d241c12236c7168facd9d9bf83
9057,datasets/cat_10k/images/e6b4a5efe74f25f0d445c61531b3de1a.jpg,e6b4a5efe74f25f0d445c61531b3de1a
9058,datasets/cat_10k/images/e6b55613ffbfd4d0462dc8f20e5cc78b.jpg,e6b55613ffbfd4d0462dc8f20e5cc78b
9059,datasets/cat_10k/images/e6b8b3f94b4487230000f47850d79aeb.jpg,e6b8b3f94b4487230000f47850d79aeb
9060,datasets/cat_10k/images/e6c6df01f42b4393338b35eabb6637b1.jpg,e6c6df01f42b4393338b35eabb6637b1
9061,datasets/cat_10k/images/e6cfd1cfc30f0099de7d73e6037e4b5d.jpg,e6cfd1cfc30f0099de7d73e6037e4b5d
9062,datasets/cat_10k/images/e6d287d60a260a08739ef8889fbe937d.jpg,e6d287d60a260a08739ef8889fbe937d
9063,datasets/cat_10k/images/e6da55a2fa6ee9be9a76c024ba1cc305.jpg,e6da55a2fa6ee9be9a76c024ba1cc305
9064,datasets/cat_10k/images/e6dc2e5c1c20d31a8f89b2c2b5efe923.jpg,e6dc2e5c1c20d31a8f89b2c2b5efe923
9065,datasets/cat_10k/images/e6e0b4bc1d4bd93221a0bad937ffd7e0.jpg,e6e0b4bc1d4bd93221a0bad937ffd7e0
9066,datasets/cat_10k/images/e6e9e3bc2356c13eb6b2b1875f0e9d21.jpg,e6e9e3bc2356c13eb6b2b1875f0e9d21
9067,datasets/cat_10k/images/e6ec25882611486d0095436cd2f8c31c.jpg,e6ec25882611486d0095436cd2f8c31c
9068,datasets/cat_10k/images/e6f229c37ec254f50c26b50693c82c4b.jpg,e6f229c37ec254f50c26b50693c82c4b
9069,datasets/cat_10k/images/e6f54266b03a951d8724883a9d53bf72.jpg,e6f54266b03a951d8724883a9d53bf72
9070,datasets/cat_10k/images/e6f645f6bdd4caff043d3483fc55d553.jpg,e6f645f6bdd4caff043d3483fc55d553
9071,datasets/cat_10k/images/e7014d83196994f2beb71f592f9053f0.jpg,e7014d83196994f2beb71f592f9053f0
9072,datasets/cat_10k/images/e704ac7ceb9c1cab91c3edc8d81e102d.jpg,e704ac7ceb9c1cab91c3edc8d81e102d
9073,datasets/cat_10k/images/e708ea6ca8359cf908a6c6d2a16777e6.jpg,e708ea6ca8359cf908a6c6d2a16777e6
9074,datasets/cat_10k/images/e70bb26c63056d1938ca156dfbef8ced.jpg,e70bb26c63056d1938ca156dfbef8ced
9075,datasets/cat_10k/images/e70cb6064cea4e126ea4bec2301113c5.jpg,e70cb6064cea4e126ea4bec2301113c5
9076,datasets/cat_10k/images/e70ed93654a4b7c123e4ae0ce100d206.jpg,e70ed93654a4b7c123e4ae0ce100d206
9077,datasets/cat_10k/images/e716fd4119135f87cdc7efebf1b567e0.jpg,e716fd4119135f87cdc7efebf1b567e0
9078,datasets/cat_10k/images/e7250a8a7720a185bf0d917a43c39c4d.jpg,e7250a8a7720a185bf0d917a43c39c4d
9079,datasets/cat_10k/images/e72df26b5f797c7574a32d381e0bf223.jpg,e72df26b5f797c7574a32d381e0bf223
9080,datasets/cat_10k/images/e74588f7713bf2cd140433f578841109.jpg,e74588f7713bf2cd140433f578841109
9081,datasets/cat_10k/images/e745db8f238826604e69bca210145d60.jpg,e745db8f238826604e69bca210145d60
9082,datasets/cat_10k/images/e745dc794993f45a8bebfab0685a75dd.jpg,e745dc794993f45a8bebfab0685a75dd
9083,datasets/cat_10k/images/e753424ce20c8fff660e9fb54ed48ea9.jpg,e753424ce20c8fff660e9fb54ed48ea9
9084,datasets/cat_10k/images/e759b7a095892d0dbba39a6175026488.jpg,e759b7a095892d0dbba39a6175026488
9085,datasets/cat_10k/images/e75d84b75cff99a608f612f57b5f7717.jpg,e75d84b75cff99a608f612f57b5f7717
9086,datasets/cat_10k/images/e769bce1485466c861b2e9510ecf5770.jpg,e769bce1485466c861b2e9510ecf5770
9087,datasets/cat_10k/images/e76baf23b85550ef2a0ce468e8ec86cc.jpg,e76baf23b85550ef2a0ce468e8ec86cc
9088,datasets/cat_10k/images/e7725b269a5df178d612d2331f3b554f.jpg,e7725b269a5df178d612d2331f3b554f
9089,datasets/cat_10k/images/e7768f75c1d17a006aebf98e62627a6a.jpg,e7768f75c1d17a006aebf98e62627a6a
9090,datasets/cat_10k/images/e77d6f9c61da0e3438cf7d436bac51c6.jpg,e77d6f9c61da0e3438cf7d436bac51c6
9091,datasets/cat_10k/images/e77e2521825796751a518ecfc6286ea5.jpg,e77e2521825796751a518ecfc6286ea5
9092,datasets/cat_10k/images/e77ef2ccba60d731e7f8f8836bd47a57.jpg,e77ef2ccba60d731e7f8f8836bd47a57
9093,datasets/cat_10k/images/e78396872cc81353323d2fd0de1d14ac.jpg,e78396872cc81353323d2fd0de1d14ac
9094,datasets/cat_10k/images/e788e8d6034c41aea352fe38d96100ee.jpg,e788e8d6034c41aea352fe38d96100ee
9095,datasets/cat_10k/images/e78b7fa9043ce7157ef516dbb34839c3.jpg,e78b7fa9043ce7157ef516dbb34839c3
9096,datasets/cat_10k/images/e78c6fd66c750bbac7689ba43f6338c5.jpg,e78c6fd66c750bbac7689ba43f6338c5
9097,datasets/cat_10k/images/e7a495d857cebf858825c98a67aca0e7.jpg,e7a495d857cebf858825c98a67aca0e7
9098,datasets/cat_10k/images/e7afb7ae05564244c92121567e93ddfe.jpg,e7afb7ae05564244c92121567e93ddfe
9099,datasets/cat_10k/images/e7afda60a392c42ee7f63140da784195.jpg,e7afda60a392c42ee7f63140da784195
9100,datasets/cat_10k/images/e7bebd3752884845f780edfbbfa13300.jpg,e7bebd3752884845f780edfbbfa13300
9101,datasets/cat_10k/images/e7c2db04b887ffb8e4848cc31d413609.jpg,e7c2db04b887ffb8e4848cc31d413609
9102,datasets/cat_10k/images/e7c5c151f41a5a44aed8bc69723e9b0c.jpg,e7c5c151f41a5a44aed8bc69723e9b0c
9103,datasets/cat_10k/images/e7ca30c8ae5d23f2ee1d0869c66e62d4.jpg,e7ca30c8ae5d23f2ee1d0869c66e62d4
9104,datasets/cat_10k/images/e7cbf1f726d4c60d88ba94d468b364fe.jpg,e7cbf1f726d4c60d88ba94d468b364fe
9105,datasets/cat_10k/images/e7dc14f0c71cd1ca8be9b7ed26e2bbf3.jpg,e7dc14f0c71cd1ca8be9b7ed26e2bbf3
9106,datasets/cat_10k/images/e7ea08984adff93f878b085a2726ccdd.jpg,e7ea08984adff93f878b085a2726ccdd
9107,datasets/cat_10k/images/e7ef05bf15ea869cdd3726d50cbebed2.jpg,e7ef05bf15ea869cdd3726d50cbebed2
9108,datasets/cat_10k/images/e7fa087c6fe750a4567c1d0d2865c044.jpg,e7fa087c6fe750a4567c1d0d2865c044
9109,datasets/cat_10k/images/e8092a724b54fe59c2697f7e8cee3055.jpg,e8092a724b54fe59c2697f7e8cee3055
9110,datasets/cat_10k/images/e809ecf5f0f2a1857940485222f4bd14.jpg,e809ecf5f0f2a1857940485222f4bd14
9111,datasets/cat_10k/images/e8133ac7d40f19759222b3057d671e26.jpg,e8133ac7d40f19759222b3057d671e26
9112,datasets/cat_10k/images/e813c4007306e873a4b051579f3e8837.jpg,e813c4007306e873a4b051579f3e8837
9113,datasets/cat_10k/images/e819c01bf326628290e73a4bf0f80ae4.jpg,e819c01bf326628290e73a4bf0f80ae4
9114,datasets/cat_10k/images/e820f94a9f1a620268f48d320e563e04.jpg,e820f94a9f1a620268f48d320e563e04
9115,datasets/cat_10k/images/e82c3eb8a005c2bcceba4577839d6c31.jpg,e82c3eb8a005c2bcceba4577839d6c31
9116,datasets/cat_10k/images/e82d94d7faab7f9a2f7a47a1d68bdd46.jpg,e82d94d7faab7f9a2f7a47a1d68bdd46
9117,datasets/cat_10k/images/e82e824d23973b3b3e8f503aa4836f09.jpg,e82e824d23973b3b3e8f503aa4836f09
9118,datasets/cat_10k/images/e82f7de13c63a5d67f158aa31a7b431d.jpg,e82f7de13c63a5d67f158aa31a7b431d
9119,datasets/cat_10k/images/e83b11b9855c629fdafaeb2ba6dc2c6d.jpg,e83b11b9855c629fdafaeb2ba6dc2c6d
9120,datasets/cat_10k/images/e83f35e580ee200ce17a0f9e4987b853.jpg,e83f35e580ee200ce17a0f9e4987b853
9121,datasets/cat_10k/images/e843c67a1bce9422a505160d162987d3.jpg,e843c67a1bce9422a505160d162987d3
9122,datasets/cat_10k/images/e846e19cb433f6154831631eafbc603f.jpg,e846e19cb433f6154831631eafbc603f
9123,datasets/cat_10k/images/e85be22d4c516bee753e7b8cd772b37c.jpg,e85be22d4c516bee753e7b8cd772b37c
9124,datasets/cat_10k/images/e85d4928da6e94c5e2d1943a914fbc07.jpg,e85d4928da6e94c5e2d1943a914fbc07
9125,datasets/cat_10k/images/e85d7b82a808187e73349a4a98103c30.jpg,e85d7b82a808187e73349a4a98103c30
9126,datasets/cat_10k/images/e86276bb916b5e46e919e8fb17f43b36.jpg,e86276bb916b5e46e919e8fb17f43b36
9127,datasets/cat_10k/images/e863e42f76e07ed90c5a5d2231509f44.jpg,e863e42f76e07ed90c5a5d2231509f44
9128,datasets/cat_10k/images/e86a6f1c8d2768b581ba48aa1998e1f8.jpg,e86a6f1c8d2768b581ba48aa1998e1f8
9129,datasets/cat_10k/images/e8739611a30fb0c28f946da808e47f4c.jpg,e8739611a30fb0c28f946da808e47f4c
9130,datasets/cat_10k/images/e8772ec7aef4b205ffc853d023ed0bbc.jpg,e8772ec7aef4b205ffc853d023ed0bbc
9131,datasets/cat_10k/images/e8786af7a82f1ee40c33679b7728445f.jpg,e8786af7a82f1ee40c33679b7728445f
9132,datasets/cat_10k/images/e87e74c6b429c8cc39c116755c10238b.jpg,e87e74c6b429c8cc39c116755c10238b
9133,datasets/cat_10k/images/e88130eeb93428bc1500d949e19dff19.jpg,e88130eeb93428bc1500d949e19dff19
9134,datasets/cat_10k/images/e88ee0e1e3f9ed58b3c42076308710ad.jpg,e88ee0e1e3f9ed58b3c42076308710ad
9135,datasets/cat_10k/images/e8942c442ab2cdc4fd2fd12b092f087c.jpg,e8942c442ab2cdc4fd2fd12b092f087c
9136,datasets/cat_10k/images/e894d727d92ccb10a7517c3e63f02ed9.jpg,e894d727d92ccb10a7517c3e63f02ed9
9137,datasets/cat_10k/images/e8a9ee7d25e40e6d8c71f504e43bf9b1.jpg,e8a9ee7d25e40e6d8c71f504e43bf9b1
9138,datasets/cat_10k/images/e8ad3a6dad66b3169b9e5942fbe0676d.jpg,e8ad3a6dad66b3169b9e5942fbe0676d
9139,datasets/cat_10k/images/e8b6a6194ebc7536af383fb8ce0d2940.jpg,e8b6a6194ebc7536af383fb8ce0d2940
9140,datasets/cat_10k/images/e8bcfafe366a8e443530fdb98c5e86b1.jpg,e8bcfafe366a8e443530fdb98c5e86b1
9141,datasets/cat_10k/images/e8cd94192fa6bfbf0ae273724ddfbb84.jpg,e8cd94192fa6bfbf0ae273724ddfbb84
9142,datasets/cat_10k/images/e8e74771d0d66d9b3245f3e6945e321b.jpg,e8e74771d0d66d9b3245f3e6945e321b
9143,datasets/cat_10k/images/e8ee448a3f503ec5cc3e1ffb0c4f0ad3.jpg,e8ee448a3f503ec5cc3e1ffb0c4f0ad3
9144,datasets/cat_10k/images/e9270c1dc41e91c3e80b0e637cf27686.jpg,e9270c1dc41e91c3e80b0e637cf27686
9145,datasets/cat_10k/images/e929e1ff0e747d8ac5124fcad7fdd77e.jpg,e929e1ff0e747d8ac5124fcad7fdd77e
9146,datasets/cat_10k/images/e932785480a9482f552280082d9752a9.jpg,e932785480a9482f552280082d9752a9
9147,datasets/cat_10k/images/e936cb52f57d7e9e4e5bc358329fb003.jpg,e936cb52f57d7e9e4e5bc358329fb003
9148,datasets/cat_10k/images/e93e6c32917ceed00b10625b1a36935b.jpg,e93e6c32917ceed00b10625b1a36935b
9149,datasets/cat_10k/images/e943ab3b50ac16cfffda0bdaad2f0123.jpg,e943ab3b50ac16cfffda0bdaad2f0123
9150,datasets/cat_10k/images/e945a0623ea17bacca7e9ba93aab8839.jpg,e945a0623ea17bacca7e9ba93aab8839
9151,datasets/cat_10k/images/e959ba542438a2f42512678a4e41bb8e.jpg,e959ba542438a2f42512678a4e41bb8e
9152,datasets/cat_10k/images/e9618b67ec721159c7aabc8869d95b6a.jpg,e9618b67ec721159c7aabc8869d95b6a
9153,datasets/cat_10k/images/e96c6bcf8555d70cbb71ee5ca7dc535c.jpg,e96c6bcf8555d70cbb71ee5ca7dc535c
9154,datasets/cat_10k/images/e96e9ae6e4e2221ce7b20db28a9199ae.jpg,e96e9ae6e4e2221ce7b20db28a9199ae
9155,datasets/cat_10k/images/e96fc7bd7b1010821ee118df049cff75.jpg,e96fc7bd7b1010821ee118df049cff75
9156,datasets/cat_10k/images/e971dea388975ad8635c7b18cae46084.jpg,e971dea388975ad8635c7b18cae46084
9157,datasets/cat_10k/images/e987bcfdb28911bf17fc42148bb25f2b.jpg,e987bcfdb28911bf17fc42148bb25f2b
9158,datasets/cat_10k/images/e9891f0a838677049249b871692976cc.jpg,e9891f0a838677049249b871692976cc
9159,datasets/cat_10k/images/e989e3d6a370800a5e4597a1b561fa2e.jpg,e989e3d6a370800a5e4597a1b561fa2e
9160,datasets/cat_10k/images/e98c1015e599c06ca300c8207a1d997f.jpg,e98c1015e599c06ca300c8207a1d997f
9161,datasets/cat_10k/images/e98dafc7899904a9d3db5e54bc1da0f5.jpg,e98dafc7899904a9d3db5e54bc1da0f5
9162,datasets/cat_10k/images/e990dd5d39b57093b6cec5c216977e46.jpg,e990dd5d39b57093b6cec5c216977e46
9163,datasets/cat_10k/images/e99892b9e61ab4d2f3568f8311a8ad0e.jpg,e99892b9e61ab4d2f3568f8311a8ad0e
9164,datasets/cat_10k/images/e9a52ad7dfbd993429abf17f9e721f9a.jpg,e9a52ad7dfbd993429abf17f9e721f9a
9165,datasets/cat_10k/images/e9b270f2f4542decb49e2b4fc8460942.jpg,e9b270f2f4542decb49e2b4fc8460942
9166,datasets/cat_10k/images/e9b6a18a2b19c84fd61e3529affc4dfd.jpg,e9b6a18a2b19c84fd61e3529affc4dfd
9167,datasets/cat_10k/images/e9b9168f44736f3dc52e4a59a7e42f2a.jpg,e9b9168f44736f3dc52e4a59a7e42f2a
9168,datasets/cat_10k/images/e9c8c2ebb214df2ccc95e388c49624b3.jpg,e9c8c2ebb214df2ccc95e388c49624b3
9169,datasets/cat_10k/images/e9ca2b482269191fa792fecfd26b94f9.jpg,e9ca2b482269191fa792fecfd26b94f9
9170,datasets/cat_10k/images/e9ca58545750091ae00e8b7d5d484f4f.jpg,e9ca58545750091ae00e8b7d5d484f4f
9171,datasets/cat_10k/images/e9d109fa4db078ddf0a6268745cf65fc.jpg,e9d109fa4db078ddf0a6268745cf65fc
9172,datasets/cat_10k/images/e9d64b69174521433613fddd73f4bceb.jpg,e9d64b69174521433613fddd73f4bceb
9173,datasets/cat_10k/images/e9d7dcbe1d124c8be10c62309107d023.jpg,e9d7dcbe1d124c8be10c62309107d023
9174,datasets/cat_10k/images/e9d946a5729494b727046b5eb601f8c8.jpg,e9d946a5729494b727046b5eb601f8c8
9175,datasets/cat_10k/images/e9dad6dfa3b756010f74fa9c64f69548.jpg,e9dad6dfa3b756010f74fa9c64f69548
9176,datasets/cat_10k/images/e9dfe2f92f3565340b16dfb7219925e8.jpg,e9dfe2f92f3565340b16dfb7219925e8
9177,datasets/cat_10k/images/e9e4784c5e6a1174bf0e7b480889e9a7.jpg,e9e4784c5e6a1174bf0e7b480889e9a7
9178,datasets/cat_10k/images/e9e6135bc6126a74531667041c14af37.jpg,e9e6135bc6126a74531667041c14af37
9179,datasets/cat_10k/images/e9f914db98931b4dc9ecb220d507cc63.jpg,e9f914db98931b4dc9ecb220d507cc63
9180,datasets/cat_10k/images/e9fb5e717e04719b33c397bca2041a27.jpg,e9fb5e717e04719b33c397bca2041a27
9181,datasets/cat_10k/images/e9ffdccf8d2251bb8fe95f155e2a319b.jpg,e9ffdccf8d2251bb8fe95f155e2a319b
9182,datasets/cat_10k/images/ea03e8f25e36e58298f0b31b9bcdbc8a.jpg,ea03e8f25e36e58298f0b31b9bcdbc8a
9183,datasets/cat_10k/images/ea068edc449fde1269b476384159515c.jpg,ea068edc449fde1269b476384159515c
9184,datasets/cat_10k/images/ea0b4523554fff45f1392c310599c24e.jpg,ea0b4523554fff45f1392c310599c24e
9185,datasets/cat_10k/images/ea1217ed3cb390e31291768fa1e4e425.jpg,ea1217ed3cb390e31291768fa1e4e425
9186,datasets/cat_10k/images/ea1a14d318c42e774c7f7bfe7c9464d4.jpg,ea1a14d318c42e774c7f7bfe7c9464d4
9187,datasets/cat_10k/images/ea272066227f7da0453055e6c70e8f6b.jpg,ea272066227f7da0453055e6c70e8f6b
9188,datasets/cat_10k/images/ea2998d2b46ec81ec06bb95b0c0379df.jpg,ea2998d2b46ec81ec06bb95b0c0379df
9189,datasets/cat_10k/images/ea353a354a4d89695de186c9aa94f6d0.jpg,ea353a354a4d89695de186c9aa94f6d0
9190,datasets/cat_10k/images/ea35c5114b855e01af25d94e57b5e0f4.jpg,ea35c5114b855e01af25d94e57b5e0f4
9191,datasets/cat_10k/images/ea408a7d26bc5d36f10b5b78cb7d9542.jpg,ea408a7d26bc5d36f10b5b78cb7d9542
9192,datasets/cat_10k/images/ea41919e539eca0638d8ae0a7167080e.jpg,ea41919e539eca0638d8ae0a7167080e
9193,datasets/cat_10k/images/ea530a0e7a92fe6f6d1016dfa6ab6f10.jpg,ea530a0e7a92fe6f6d1016dfa6ab6f10
9194,datasets/cat_10k/images/ea53758ac0f4eaa813bdf41b8ffba9b4.jpg,ea53758ac0f4eaa813bdf41b8ffba9b4
9195,datasets/cat_10k/images/ea60fd64497456cf51ae47d932b8973b.jpg,ea60fd64497456cf51ae47d932b8973b
9196,datasets/cat_10k/images/ea636046952e7f48a20413fa53b87605.jpg,ea636046952e7f48a20413fa53b87605
9197,datasets/cat_10k/images/ea63ab55ecd5f48cb4c9f17c3b7b8f4c.jpg,ea63ab55ecd5f48cb4c9f17c3b7b8f4c
9198,datasets/cat_10k/images/ea65d764a9cb65d37ad6160e7c89e7b0.jpg,ea65d764a9cb65d37ad6160e7c89e7b0
9199,datasets/cat_10k/images/ea6adfdbe3dda3d32536146d9447ab8f.jpg,ea6adfdbe3dda3d32536146d9447ab8f
9200,datasets/cat_10k/images/ea73044f028dbd57b404425e9a7f1234.jpg,ea73044f028dbd57b404425e9a7f1234
9201,datasets/cat_10k/images/ea8215e24a8ba488a154a807da7f8a52.jpg,ea8215e24a8ba488a154a807da7f8a52
9202,datasets/cat_10k/images/ea88882391d5ae48b5f05e3594d5d5da.jpg,ea88882391d5ae48b5f05e3594d5d5da
9203,datasets/cat_10k/images/ea8c01e75320d67c2866341e6c30f43a.jpg,ea8c01e75320d67c2866341e6c30f43a
9204,datasets/cat_10k/images/ea8ee79cdf36803c78ed16b204e5c84e.jpg,ea8ee79cdf36803c78ed16b204e5c84e
9205,datasets/cat_10k/images/ea99521f46dc358a93c30749b410172c.jpg,ea99521f46dc358a93c30749b410172c
9206,datasets/cat_10k/images/ea9bc54c907daa3a936bafa67869d03a.jpg,ea9bc54c907daa3a936bafa67869d03a
9207,datasets/cat_10k/images/eaa1085e9375158bf1df9bfa4d6e1532.jpg,eaa1085e9375158bf1df9bfa4d6e1532
9208,datasets/cat_10k/images/eaa3b90a54a3b809804195c917ae132f.jpg,eaa3b90a54a3b809804195c917ae132f
9209,datasets/cat_10k/images/eab5499074f6738e43ea85947168bb07.jpg,eab5499074f6738e43ea85947168bb07
9210,datasets/cat_10k/images/eabe527d089d560b9cfc2884deaf039e.jpg,eabe527d089d560b9cfc2884deaf039e
9211,datasets/cat_10k/images/eabe72d109144b3289769a378c498c32.jpg,eabe72d109144b3289769a378c498c32
9212,datasets/cat_10k/images/eac5bb8354be16d05c276ef5770023ff.jpg,eac5bb8354be16d05c276ef5770023ff
9213,datasets/cat_10k/images/eaca2b9e95dcd98f7bc72ca0362ca77d.jpg,eaca2b9e95dcd98f7bc72ca0362ca77d
9214,datasets/cat_10k/images/ead5120db222ede683208c3b7e0cb927.jpg,ead5120db222ede683208c3b7e0cb927
9215,datasets/cat_10k/images/ead59e938fe0fa2f61a9661df1b59662.jpg,ead59e938fe0fa2f61a9661df1b59662
9216,datasets/cat_10k/images/ead84cff6d9962bab25450dddc2ce6fe.jpg,ead84cff6d9962bab25450dddc2ce6fe
9217,datasets/cat_10k/images/eae75b83171895c2c88b442ed2d3e1fa.jpg,eae75b83171895c2c88b442ed2d3e1fa
9218,datasets/cat_10k/images/eaeaeecde62c0087eccb0c385283b177.jpg,eaeaeecde62c0087eccb0c385283b177
9219,datasets/cat_10k/images/eb0ff113d451a20351f6267487f1b105.jpg,eb0ff113d451a20351f6267487f1b105
9220,datasets/cat_10k/images/eb184bd4029890f1c2a95b06c971b38e.jpg,eb184bd4029890f1c2a95b06c971b38e
9221,datasets/cat_10k/images/eb1dc5d7ea1c4d0a11532e1a55081323.jpg,eb1dc5d7ea1c4d0a11532e1a55081323
9222,datasets/cat_10k/images/eb203fc7951dccba28f29add7fa77e04.jpg,eb203fc7951dccba28f29add7fa77e04
9223,datasets/cat_10k/images/eb22f184b9f7d9b67063db506be5de53.jpg,eb22f184b9f7d9b67063db506be5de53
9224,datasets/cat_10k/images/eb304ec3bc0fb9aef9c3bef8ca5844b6.jpg,eb304ec3bc0fb9aef9c3bef8ca5844b6
9225,datasets/cat_10k/images/eb465348ce6f7c527d53b53800731e80.jpg,eb465348ce6f7c527d53b53800731e80
9226,datasets/cat_10k/images/eb4b6a8c9c9d9711db482c096fd6b545.jpg,eb4b6a8c9c9d9711db482c096fd6b545
9227,datasets/cat_10k/images/eb51126f3106e9fcee7daa9094a6c31f.jpg,eb51126f3106e9fcee7daa9094a6c31f
9228,datasets/cat_10k/images/eb5a59edc745372ea7f7b493d3094fa1.jpg,eb5a59edc745372ea7f7b493d3094fa1
9229,datasets/cat_10k/images/eb5c6884744d5a509a262af93ed281f6.jpg,eb5c6884744d5a509a262af93ed281f6
9230,datasets/cat_10k/images/eb5efd9e1c5ab653e7fa9d6145e83263.jpg,eb5efd9e1c5ab653e7fa9d6145e83263
9231,datasets/cat_10k/images/eb605bc313f6e1753b9ca372e7455288.jpg,eb605bc313f6e1753b9ca372e7455288
9232,datasets/cat_10k/images/eb6116dc42c0e04dfdd2184ba9c26222.jpg,eb6116dc42c0e04dfdd2184ba9c26222
9233,datasets/cat_10k/images/eb75bcfe6e2d11e4f0a4a43b19250825.jpg,eb75bcfe6e2d11e4f0a4a43b19250825
9234,datasets/cat_10k/images/eb795e76eb2be8a03cd068a873d45a8c.jpg,eb795e76eb2be8a03cd068a873d45a8c
9235,datasets/cat_10k/images/eb7c7dcd1149e2321fdb5bf85c26c839.jpg,eb7c7dcd1149e2321fdb5bf85c26c839
9236,datasets/cat_10k/images/eb89ae457a90fe502a8a182702f1926f.jpg,eb89ae457a90fe502a8a182702f1926f
9237,datasets/cat_10k/images/eb9c74d8956ae17a031623a51c5c8a9e.jpg,eb9c74d8956ae17a031623a51c5c8a9e
9238,datasets/cat_10k/images/ebb825fb2006146c6a704ac5deaaab06.jpg,ebb825fb2006146c6a704ac5deaaab06
9239,datasets/cat_10k/images/ebb84e77186f2afb8d770e874284efdb.jpg,ebb84e77186f2afb8d770e874284efdb
9240,datasets/cat_10k/images/ebbb448a03df0bb4a9b8e1b0fbeb1b7f.jpg,ebbb448a03df0bb4a9b8e1b0fbeb1b7f
9241,datasets/cat_10k/images/ebc28c0ba138c60781377e4d121a0b6e.jpg,ebc28c0ba138c60781377e4d121a0b6e
9242,datasets/cat_10k/images/ebd190c4720467c1a987a3b4a6b19cfd.jpg,ebd190c4720467c1a987a3b4a6b19cfd
9243,datasets/cat_10k/images/ebdd286a6fa0958cd49be6aed0c87372.jpg,ebdd286a6fa0958cd49be6aed0c87372
9244,datasets/cat_10k/images/ebe310021bc8c0246cae403cc7ab5b8b.jpg,ebe310021bc8c0246cae403cc7ab5b8b
9245,datasets/cat_10k/images/ebee6887cc3877abc4c8cd4282b10528.jpg,ebee6887cc3877abc4c8cd4282b10528
9246,datasets/cat_10k/images/ebee7e408ade98f9bd13f5d5f002ba52.jpg,ebee7e408ade98f9bd13f5d5f002ba52
9247,datasets/cat_10k/images/ebf09b99390b113505249d70f3a35db7.jpg,ebf09b99390b113505249d70f3a35db7
9248,datasets/cat_10k/images/ebf0e887e90940bc68d888f70655086f.jpg,ebf0e887e90940bc68d888f70655086f
9249,datasets/cat_10k/images/ebf620a9ce26fcfedffa554ab588a20a.jpg,ebf620a9ce26fcfedffa554ab588a20a
9250,datasets/cat_10k/images/ec1aea2c63edc4008dacaf6a9514657c.jpg,ec1aea2c63edc4008dacaf6a9514657c
9251,datasets/cat_10k/images/ec3100ee4e2cf73b6e0c168a6dccc61f.jpg,ec3100ee4e2cf73b6e0c168a6dccc61f
9252,datasets/cat_10k/images/ec3d9392d33d729c8bae7199b59e05a4.jpg,ec3d9392d33d729c8bae7199b59e05a4
9253,datasets/cat_10k/images/ec40ed66ef89aff0545586bb0a441d77.jpg,ec40ed66ef89aff0545586bb0a441d77
9254,datasets/cat_10k/images/ec449e54e6aa7b6af187018b751dcdc1.jpg,ec449e54e6aa7b6af187018b751dcdc1
9255,datasets/cat_10k/images/ec4791959f597b1ad0a9524c9beee576.jpg,ec4791959f597b1ad0a9524c9beee576
9256,datasets/cat_10k/images/ec4fd484977787db5c43a2590ae5e6fc.jpg,ec4fd484977787db5c43a2590ae5e6fc
9257,datasets/cat_10k/images/ec67f8089abad64b2d8fa8b076852b6d.jpg,ec67f8089abad64b2d8fa8b076852b6d
9258,datasets/cat_10k/images/ec77abef4182a67e932a2ad6ad3749f5.jpg,ec77abef4182a67e932a2ad6ad3749f5
9259,datasets/cat_10k/images/ec7f6dad762865dce9144013844ce4c3.jpg,ec7f6dad762865dce9144013844ce4c3
9260,datasets/cat_10k/images/ec8081d7b71298c7f602469fe585646e.jpg,ec8081d7b71298c7f602469fe585646e
9261,datasets/cat_10k/images/ec85098efa71bdffe83a39f10ac95baa.jpg,ec85098efa71bdffe83a39f10ac95baa
9262,datasets/cat_10k/images/ec9596881f55f0ab5303c1157ad7b140.jpg,ec9596881f55f0ab5303c1157ad7b140
9263,datasets/cat_10k/images/eca37e592a25ced1f490d5b82bb69984.jpg,eca37e592a25ced1f490d5b82bb69984
9264,datasets/cat_10k/images/eca67e404b77b1ba5eeb54c3e68bbfdc.jpg,eca67e404b77b1ba5eeb54c3e68bbfdc
9265,datasets/cat_10k/images/ecabae819d52b67e66e141da3ea8507a.jpg,ecabae819d52b67e66e141da3ea8507a
9266,datasets/cat_10k/images/ecbfbfbaf7d6117c3f2e6dde2e961dc6.jpg,ecbfbfbaf7d6117c3f2e6dde2e961dc6
9267,datasets/cat_10k/images/ecc48f31221c4bb5dc53af47cf4b909f.jpg,ecc48f31221c4bb5dc53af47cf4b909f
9268,datasets/cat_10k/images/ecd1a30da9c81dd3b0e2f8244b0b5bd0.jpg,ecd1a30da9c81dd3b0e2f8244b0b5bd0
9269,datasets/cat_10k/images/ecd4f0a03350d0d7b9af38fb18fcc553.jpg,ecd4f0a03350d0d7b9af38fb18fcc553
9270,datasets/cat_10k/images/ecd5a1b22273e10386159de759c52066.jpg,ecd5a1b22273e10386159de759c52066
9271,datasets/cat_10k/images/ecd82b75791edff8e7e40eec4a303b3b.jpg,ecd82b75791edff8e7e40eec4a303b3b
9272,datasets/cat_10k/images/ece41f7a449b19a9d813cd6a51735c7e.jpg,ece41f7a449b19a9d813cd6a51735c7e
9273,datasets/cat_10k/images/eced4f4f232912c11cc82e05adc06d76.jpg,eced4f4f232912c11cc82e05adc06d76
9274,datasets/cat_10k/images/eceeed1b84dfd4e015a046700d675d50.jpg,eceeed1b84dfd4e015a046700d675d50
9275,datasets/cat_10k/images/ecefb2ff63546de266b1543b01e1d03b.jpg,ecefb2ff63546de266b1543b01e1d03b
9276,datasets/cat_10k/images/ecf145cf75d6af91eab177e26d818425.jpg,ecf145cf75d6af91eab177e26d818425
9277,datasets/cat_10k/images/ecf14f3cfc8a8497834abf2aa01b1bce.jpg,ecf14f3cfc8a8497834abf2aa01b1bce
9278,datasets/cat_10k/images/ecf5be5fb315c14ea15c6c6e0e3866ae.jpg,ecf5be5fb315c14ea15c6c6e0e3866ae
9279,datasets/cat_10k/images/ed263c8bb54bd7329d44ea14906f97fc.jpg,ed263c8bb54bd7329d44ea14906f97fc
9280,datasets/cat_10k/images/ed2b08ec146fca47f4a21da224597489.jpg,ed2b08ec146fca47f4a21da224597489
9281,datasets/cat_10k/images/ed3370e58b807e7055b50129fcdf2be4.jpg,ed3370e58b807e7055b50129fcdf2be4
9282,datasets/cat_10k/images/ed349d8b7c1cf4774ccf0b8d9fc393fa.jpg,ed349d8b7c1cf4774ccf0b8d9fc393fa
9283,datasets/cat_10k/images/ed3c98821507905366460999f250e854.jpg,ed3c98821507905366460999f250e854
9284,datasets/cat_10k/images/ed43ee3342070d6062e653f921b91736.jpg,ed43ee3342070d6062e653f921b91736
9285,datasets/cat_10k/images/ed447fa15e42551796305ba06cf4d229.jpg,ed447fa15e42551796305ba06cf4d229
9286,datasets/cat_10k/images/ed51902365f7ae5d3abf84a1f3afa26b.jpg,ed51902365f7ae5d3abf84a1f3afa26b
9287,datasets/cat_10k/images/ed573cd0fbe1b902f30b72988c48606e.jpg,ed573cd0fbe1b902f30b72988c48606e
9288,datasets/cat_10k/images/ed66f88bb58c8532963084c076a976c4.jpg,ed66f88bb58c8532963084c076a976c4
9289,datasets/cat_10k/images/ed77feb1857fd0637a5673b6c602a358.jpg,ed77feb1857fd0637a5673b6c602a358
9290,datasets/cat_10k/images/ed80047759417fb6892ee1f009df7b06.jpg,ed80047759417fb6892ee1f009df7b06
9291,datasets/cat_10k/images/ed8c6128cd1fd6e737eebec2a4cf7286.jpg,ed8c6128cd1fd6e737eebec2a4cf7286
9292,datasets/cat_10k/images/ed8cb95816bde2259ffaef9715503219.jpg,ed8cb95816bde2259ffaef9715503219
9293,datasets/cat_10k/images/ed96d23836aa336dd3387c51ac279742.jpg,ed96d23836aa336dd3387c51ac279742
9294,datasets/cat_10k/images/eda20edcfafc58acd2d7b93df2e2d132.jpg,eda20edcfafc58acd2d7b93df2e2d132
9295,datasets/cat_10k/images/eda67c536aad632e6227e503776f5936.jpg,eda67c536aad632e6227e503776f5936
9296,datasets/cat_10k/images/edb2833f3050b95fc34191acfcd5e1a0.jpg,edb2833f3050b95fc34191acfcd5e1a0
9297,datasets/cat_10k/images/edb4b8c853226866b2b41416f32075f7.jpg,edb4b8c853226866b2b41416f32075f7
9298,datasets/cat_10k/images/edcc539dae60de3fd2b0bb6aad96cc98.jpg,edcc539dae60de3fd2b0bb6aad96cc98
9299,datasets/cat_10k/images/edd38d37e67537fababc20a26ed400c9.jpg,edd38d37e67537fababc20a26ed400c9
9300,datasets/cat_10k/images/edd4e9d2a5518c1561fbbc7eb017900d.jpg,edd4e9d2a5518c1561fbbc7eb017900d
9301,datasets/cat_10k/images/edec2b5b6f356728c3343ce14e9e4e7b.jpg,edec2b5b6f356728c3343ce14e9e4e7b
9302,datasets/cat_10k/images/edef8510a6c6dc0ad45f3e610b1a927f.jpg,edef8510a6c6dc0ad45f3e610b1a927f
9303,datasets/cat_10k/images/edfa7c2aadf5d1d55f9d6612cae922fe.jpg,edfa7c2aadf5d1d55f9d6612cae922fe
9304,datasets/cat_10k/images/edfb7afc7131152b624b54e568b76c9c.jpg,edfb7afc7131152b624b54e568b76c9c
9305,datasets/cat_10k/images/edfcb0e28af2736b649a7962c03e3a0e.jpg,edfcb0e28af2736b649a7962c03e3a0e
9306,datasets/cat_10k/images/ee1ef1f4f1d2f057767ec0c412c52d5d.jpg,ee1ef1f4f1d2f057767ec0c412c52d5d
9307,datasets/cat_10k/images/ee2c4dd139a871fec0719ae073173834.jpg,ee2c4dd139a871fec0719ae073173834
9308,datasets/cat_10k/images/ee4d6a7c44d1a6197c770dae45883ba7.jpg,ee4d6a7c44d1a6197c770dae45883ba7
9309,datasets/cat_10k/images/ee54dfd9e21a3feb6552cc02674d9e62.jpg,ee54dfd9e21a3feb6552cc02674d9e62
9310,datasets/cat_10k/images/ee6224bf677883ab297198523018b8ad.jpg,ee6224bf677883ab297198523018b8ad
9311,datasets/cat_10k/images/ee65ecd20a75d0ffbcf13899850e36a2.jpg,ee65ecd20a75d0ffbcf13899850e36a2
9312,datasets/cat_10k/images/ee689ec2035381834c7cc726db04bf7a.jpg,ee689ec2035381834c7cc726db04bf7a
9313,datasets/cat_10k/images/ee68bb27e81d121d54e5e751f6dabf2f.jpg,ee68bb27e81d121d54e5e751f6dabf2f
9314,datasets/cat_10k/images/ee75f485d930dcf93ea5459a2603cac8.jpg,ee75f485d930dcf93ea5459a2603cac8
9315,datasets/cat_10k/images/ee77da1d5b977d3fd6ba5dc7ecfbd49a.jpg,ee77da1d5b977d3fd6ba5dc7ecfbd49a
9316,datasets/cat_10k/images/ee7804dff0bce883825ecea57443a5d7.jpg,ee7804dff0bce883825ecea57443a5d7
9317,datasets/cat_10k/images/ee7de7a5b64b83d44bdb922a3bbf3e7b.jpg,ee7de7a5b64b83d44bdb922a3bbf3e7b
9318,datasets/cat_10k/images/ee7f26cdec0cf0a18e6a2f12f74475eb.jpg,ee7f26cdec0cf0a18e6a2f12f74475eb
9319,datasets/cat_10k/images/ee814458786bb85cc9274b1e77397389.jpg,ee814458786bb85cc9274b1e77397389
9320,datasets/cat_10k/images/ee8bc3a044d9b343cda85743814d9f9f.jpg,ee8bc3a044d9b343cda85743814d9f9f
9321,datasets/cat_10k/images/ee9c49978c888e7b2bdd865813720b34.jpg,ee9c49978c888e7b2bdd865813720b34
9322,datasets/cat_10k/images/ee9e834a3d33c95120ebc5e4566c49ef.jpg,ee9e834a3d33c95120ebc5e4566c49ef
9323,datasets/cat_10k/images/eea49be42a7f009a970a63ca2c76495b.jpg,eea49be42a7f009a970a63ca2c76495b
9324,datasets/cat_10k/images/eeaadcd715ed58c647911021486b9ca7.jpg,eeaadcd715ed58c647911021486b9ca7
9325,datasets/cat_10k/images/eeabe5cc320f0e11f8fd3e8516b76ee9.jpg,eeabe5cc320f0e11f8fd3e8516b76ee9
9326,datasets/cat_10k/images/eeaf2a257dcc5472b2d0fa4f6f6c7879.jpg,eeaf2a257dcc5472b2d0fa4f6f6c7879
9327,datasets/cat_10k/images/eeb57845c15a1d0b61848f4cc6ed3d88.jpg,eeb57845c15a1d0b61848f4cc6ed3d88
9328,datasets/cat_10k/images/eec020cdf17a869a8af68622879328a2.jpg,eec020cdf17a869a8af68622879328a2
9329,datasets/cat_10k/images/eec4df1e1493676174bc9f4113a29853.jpg,eec4df1e1493676174bc9f4113a29853
9330,datasets/cat_10k/images/eecd03e106f2b0bb40916a4c35a4911f.jpg,eecd03e106f2b0bb40916a4c35a4911f
9331,datasets/cat_10k/images/eecdb443e641b06a582ae7416a0b85ad.jpg,eecdb443e641b06a582ae7416a0b85ad
9332,datasets/cat_10k/images/eed16eb1f8031a2373962bb81281d4be.jpg,eed16eb1f8031a2373962bb81281d4be
9333,datasets/cat_10k/images/eed65da8c0fb9f07824f908be85040fb.jpg,eed65da8c0fb9f07824f908be85040fb
9334,datasets/cat_10k/images/eede026700459ada78fcd56c7f916e64.jpg,eede026700459ada78fcd56c7f916e64
9335,datasets/cat_10k/images/eee8c04716532ba3b92f8daa0a1dc677.jpg,eee8c04716532ba3b92f8daa0a1dc677
9336,datasets/cat_10k/images/eeeeb10e41e24adc7120c727264cf6d9.jpg,eeeeb10e41e24adc7120c727264cf6d9
9337,datasets/cat_10k/images/eef2c218353f9ac3726823b1a17ec4f6.jpg,eef2c218353f9ac3726823b1a17ec4f6
9338,datasets/cat_10k/images/eef3708d4d92d2e59ef155d2e4131241.jpg,eef3708d4d92d2e59ef155d2e4131241
9339,datasets/cat_10k/images/eef8489f5a9fd301d67deb23000eab7e.jpg,eef8489f5a9fd301d67deb23000eab7e
9340,datasets/cat_10k/images/ef0e25087cfa3e0e28e2d24c31d12577.jpg,ef0e25087cfa3e0e28e2d24c31d12577
9341,datasets/cat_10k/images/ef0e560780502d4b100c0c98f0a79e17.jpg,ef0e560780502d4b100c0c98f0a79e17
9342,datasets/cat_10k/images/ef18a1bf2a72f6865bbe37b8f169fd9e.jpg,ef18a1bf2a72f6865bbe37b8f169fd9e
9343,datasets/cat_10k/images/ef1b10e8554d4edf1ddce60f24502083.jpg,ef1b10e8554d4edf1ddce60f24502083
9344,datasets/cat_10k/images/ef1c519ee2ae9977367dcd671add040d.jpg,ef1c519ee2ae9977367dcd671add040d
9345,datasets/cat_10k/images/ef1ce72177d3088b1a04beb17435af89.jpg,ef1ce72177d3088b1a04beb17435af89
9346,datasets/cat_10k/images/ef23a0e4f39cecd284ccc846e714ba0f.jpg,ef23a0e4f39cecd284ccc846e714ba0f
9347,datasets/cat_10k/images/ef26f3da1f6e277218f1ec73c1eee0c1.jpg,ef26f3da1f6e277218f1ec73c1eee0c1
9348,datasets/cat_10k/images/ef2aa43ceda9e96ac25cc9c4d664ee4a.jpg,ef2aa43ceda9e96ac25cc9c4d664ee4a
9349,datasets/cat_10k/images/ef2dfa7f8cd0e8cace936be8775fae90.jpg,ef2dfa7f8cd0e8cace936be8775fae90
9350,datasets/cat_10k/images/ef334753c2a2148f82a31dfcdb774b21.jpg,ef334753c2a2148f82a31dfcdb774b21
9351,datasets/cat_10k/images/ef34de6c3e1aedd4acdf181383a6a9dc.jpg,ef34de6c3e1aedd4acdf181383a6a9dc
9352,datasets/cat_10k/images/ef387e1cbb7eb9585f3cff875cd9fb19.jpg,ef387e1cbb7eb9585f3cff875cd9fb19
9353,datasets/cat_10k/images/ef391a2794359a7a045cc9a878d2725c.jpg,ef391a2794359a7a045cc9a878d2725c
9354,datasets/cat_10k/images/ef48f717f11ff2e7976c83b03143b89f.jpg,ef48f717f11ff2e7976c83b03143b89f
9355,datasets/cat_10k/images/ef4ce6e929453358b1d133c163aefb52.jpg,ef4ce6e929453358b1d133c163aefb52
9356,datasets/cat_10k/images/ef4eb3520f062dcfc02a5009c099fce0.jpg,ef4eb3520f062dcfc02a5009c099fce0
9357,datasets/cat_10k/images/ef54b626b8fe4c8adfc3e26ed320fe47.jpg,ef54b626b8fe4c8adfc3e26ed320fe47
9358,datasets/cat_10k/images/ef6c05250bac0b3fbcf2052a389eee2f.jpg,ef6c05250bac0b3fbcf2052a389eee2f
9359,datasets/cat_10k/images/ef6f037fff1ab874719683dc63f938dd.jpg,ef6f037fff1ab874719683dc63f938dd
9360,datasets/cat_10k/images/ef831f4f87e75d6f4b14cc9555b89d8b.jpg,ef831f4f87e75d6f4b14cc9555b89d8b
9361,datasets/cat_10k/images/ef83c9832a257e619fd0ea8eaa03b677.jpg,ef83c9832a257e619fd0ea8eaa03b677
9362,datasets/cat_10k/images/ef87fa2ac0976485bc950a9954c4646e.jpg,ef87fa2ac0976485bc950a9954c4646e
9363,datasets/cat_10k/images/ef88bc2a0077f5ddd64dac3e6bdbd6fc.jpg,ef88bc2a0077f5ddd64dac3e6bdbd6fc
9364,datasets/cat_10k/images/ef892a2ffb2fec8fa34df8e5a2bacb2f.jpg,ef892a2ffb2fec8fa34df8e5a2bacb2f
9365,datasets/cat_10k/images/ef8a3e6c9cc7b5ab10ac193129a9ae17.jpg,ef8a3e6c9cc7b5ab10ac193129a9ae17
9366,datasets/cat_10k/images/ef909e22b5846f597b779c0cf429e5c2.jpg,ef909e22b5846f597b779c0cf429e5c2
9367,datasets/cat_10k/images/ef93325277c3362efc4fe367e924979e.jpg,ef93325277c3362efc4fe367e924979e
9368,datasets/cat_10k/images/ef955b96eb6da0f77aedd4cbc497dc45.jpg,ef955b96eb6da0f77aedd4cbc497dc45
9369,datasets/cat_10k/images/efa0088bc393174824663c773ae1815c.jpg,efa0088bc393174824663c773ae1815c
9370,datasets/cat_10k/images/efaaa83589907b30254bf51691624534.jpg,efaaa83589907b30254bf51691624534
9371,datasets/cat_10k/images/efad61358d8f8fbd41d9a65d8f5cb627.jpg,efad61358d8f8fbd41d9a65d8f5cb627
9372,datasets/cat_10k/images/efb27c46cb3b0eb1bcfd70ecca69e763.jpg,efb27c46cb3b0eb1bcfd70ecca69e763
9373,datasets/cat_10k/images/efbbf8fbc84eb1b0bc763564ec8fc87f.jpg,efbbf8fbc84eb1b0bc763564ec8fc87f
9374,datasets/cat_10k/images/efc705cc87a6eff12a57d75b5d6bbf43.jpg,efc705cc87a6eff12a57d75b5d6bbf43
9375,datasets/cat_10k/images/efcb264f3f1baba4aaaff9c340754574.jpg,efcb264f3f1baba4aaaff9c340754574
9376,datasets/cat_10k/images/efcc08dda108d85a32137fb7c19756ae.jpg,efcc08dda108d85a32137fb7c19756ae
9377,datasets/cat_10k/images/efd643b021656ced10f0f90291d0c184.jpg,efd643b021656ced10f0f90291d0c184
9378,datasets/cat_10k/images/efdf345e01214c28e2009144798d2f8c.jpg,efdf345e01214c28e2009144798d2f8c
9379,datasets/cat_10k/images/efe80f169cc2a984c6af31ba462187e3.jpg,efe80f169cc2a984c6af31ba462187e3
9380,datasets/cat_10k/images/efe8ca0764fafcd5a993dfaa34fb60b2.jpg,efe8ca0764fafcd5a993dfaa34fb60b2
9381,datasets/cat_10k/images/eff735a5628240309334c0e4cfdbf4cc.jpg,eff735a5628240309334c0e4cfdbf4cc
9382,datasets/cat_10k/images/eff7a8246800df9e3988075e1e1ae645.jpg,eff7a8246800df9e3988075e1e1ae645
9383,datasets/cat_10k/images/effeda6a057fa1ffa5ac4404b4840887.jpg,effeda6a057fa1ffa5ac4404b4840887
9384,datasets/cat_10k/images/f003dba5ee2ffa28aba669269c16b325.jpg,f003dba5ee2ffa28aba669269c16b325
9385,datasets/cat_10k/images/f00eff03577b8a441ebf5db97cf5a3c4.jpg,f00eff03577b8a441ebf5db97cf5a3c4
9386,datasets/cat_10k/images/f013991ebf5750361173a2b9530b70c1.jpg,f013991ebf5750361173a2b9530b70c1
9387,datasets/cat_10k/images/f0186ddddce5a74137d7cab5805c9893.jpg,f0186ddddce5a74137d7cab5805c9893
9388,datasets/cat_10k/images/f032344ed537720475144a5637d64bc6.jpg,f032344ed537720475144a5637d64bc6
9389,datasets/cat_10k/images/f039a4a4b750fc9e2a3b8e40f453b998.jpg,f039a4a4b750fc9e2a3b8e40f453b998
9390,datasets/cat_10k/images/f04d45bc5f9bc4e3f1f63f76ac120e14.jpg,f04d45bc5f9bc4e3f1f63f76ac120e14
9391,datasets/cat_10k/images/f04d84b8a702c144336044055d33c63e.jpg,f04d84b8a702c144336044055d33c63e
9392,datasets/cat_10k/images/f0503585aede505d1bae68c3c3f7e47d.jpg,f0503585aede505d1bae68c3c3f7e47d
9393,datasets/cat_10k/images/f0554cec406ce90b521554e462f2bf7e.jpg,f0554cec406ce90b521554e462f2bf7e
9394,datasets/cat_10k/images/f0577cdde695462c11a360f11a71cb94.jpg,f0577cdde695462c11a360f11a71cb94
9395,datasets/cat_10k/images/f063214896e86852efb3962c57ae7cca.jpg,f063214896e86852efb3962c57ae7cca
9396,datasets/cat_10k/images/f068680f9eca78278a57e05a30a3bd60.jpg,f068680f9eca78278a57e05a30a3bd60
9397,datasets/cat_10k/images/f0868ff874cbb16fc57e761fe0601c90.jpg,f0868ff874cbb16fc57e761fe0601c90
9398,datasets/cat_10k/images/f08b6464c610162ee3cafc4c0ecfbdb3.jpg,f08b6464c610162ee3cafc4c0ecfbdb3
9399,datasets/cat_10k/images/f08e5c0d440db97cf43cb5338d97f87b.jpg,f08e5c0d440db97cf43cb5338d97f87b
9400,datasets/cat_10k/images/f096020cbfa579b3692eff1369611a01.jpg,f096020cbfa579b3692eff1369611a01
9401,datasets/cat_10k/images/f09af71f7a4b3273405524991a72b0c5.jpg,f09af71f7a4b3273405524991a72b0c5
9402,datasets/cat_10k/images/f09e8689ba8b590baf25a24a0a1830d4.jpg,f09e8689ba8b590baf25a24a0a1830d4
9403,datasets/cat_10k/images/f0a3190866f89ed6c2ed4abd39d07e18.jpg,f0a3190866f89ed6c2ed4abd39d07e18
9404,datasets/cat_10k/images/f0a6348e9cfbf3a674f193c99dbd713f.jpg,f0a6348e9cfbf3a674f193c99dbd713f
9405,datasets/cat_10k/images/f0a6653aef4f5778755ca6326906b7a9.jpg,f0a6653aef4f5778755ca6326906b7a9
9406,datasets/cat_10k/images/f0a74e05969e67f8f7b78b6c350fadca.jpg,f0a74e05969e67f8f7b78b6c350fadca
9407,datasets/cat_10k/images/f0ac0358afb1cca3e438960c39e9fd1f.jpg,f0ac0358afb1cca3e438960c39e9fd1f
9408,datasets/cat_10k/images/f0b9437fa7f609b41be639b087363146.jpg,f0b9437fa7f609b41be639b087363146
9409,datasets/cat_10k/images/f0c18d146d6f9068691b5497b3d3d107.jpg,f0c18d146d6f9068691b5497b3d3d107
9410,datasets/cat_10k/images/f0c80d9ce0c23d6faf74b44fd9e33b96.jpg,f0c80d9ce0c23d6faf74b44fd9e33b96
9411,datasets/cat_10k/images/f0cbaa257eed2a5a3294f7112fdd6d8c.jpg,f0cbaa257eed2a5a3294f7112fdd6d8c
9412,datasets/cat_10k/images/f0d535d720bfd787b488da22e8121373.jpg,f0d535d720bfd787b488da22e8121373
9413,datasets/cat_10k/images/f0d6bb2b2531f06b231f3ea07ec4a86d.jpg,f0d6bb2b2531f06b231f3ea07ec4a86d
9414,datasets/cat_10k/images/f0ea295970b1c9d9fd45e63a451dd1f8.jpg,f0ea295970b1c9d9fd45e63a451dd1f8
9415,datasets/cat_10k/images/f0f2f54d06f7f2bddb46f824bb34d776.jpg,f0f2f54d06f7f2bddb46f824bb34d776
9416,datasets/cat_10k/images/f0fd11323cf78eab490638dd39ae2988.jpg,f0fd11323cf78eab490638dd39ae2988
9417,datasets/cat_10k/images/f106f13d6eb5d9f75ae61da84da34968.jpg,f106f13d6eb5d9f75ae61da84da34968
9418,datasets/cat_10k/images/f112d7fc64ce959a236c65401c4728fc.jpg,f112d7fc64ce959a236c65401c4728fc
9419,datasets/cat_10k/images/f114a9695bb245b79b347cde1bc977c0.jpg,f114a9695bb245b79b347cde1bc977c0
9420,datasets/cat_10k/images/f11bcfa3b2cd311492f7ee6d21cd2f7d.jpg,f11bcfa3b2cd311492f7ee6d21cd2f7d
9421,datasets/cat_10k/images/f12ca71f47622ea5a3e80388ca89b69f.jpg,f12ca71f47622ea5a3e80388ca89b69f
9422,datasets/cat_10k/images/f12e2bcf022cb115466f4cdaf03f7505.jpg,f12e2bcf022cb115466f4cdaf03f7505
9423,datasets/cat_10k/images/f13002eabb21f822e4151ff079ab6e05.jpg,f13002eabb21f822e4151ff079ab6e05
9424,datasets/cat_10k/images/f13e51b3b22f27d52a4146a8706e34c2.jpg,f13e51b3b22f27d52a4146a8706e34c2
9425,datasets/cat_10k/images/f163bff5509ebc935d13a93cbb1dade5.jpg,f163bff5509ebc935d13a93cbb1dade5
9426,datasets/cat_10k/images/f169839f67c6ffcec7081923b1fdcaf0.jpg,f169839f67c6ffcec7081923b1fdcaf0
9427,datasets/cat_10k/images/f1730cee84270e410dd2a83538faec7a.jpg,f1730cee84270e410dd2a83538faec7a
9428,datasets/cat_10k/images/f18db855c26adc28a061cad8f98111b9.jpg,f18db855c26adc28a061cad8f98111b9
9429,datasets/cat_10k/images/f198e136b0050696169aeeb54eff8926.jpg,f198e136b0050696169aeeb54eff8926
9430,datasets/cat_10k/images/f19aaaa5c3265d28d1ad4dccc35d3c13.jpg,f19aaaa5c3265d28d1ad4dccc35d3c13
9431,datasets/cat_10k/images/f19c3865eac56a29e75c30e4c8df42d6.jpg,f19c3865eac56a29e75c30e4c8df42d6
9432,datasets/cat_10k/images/f1a2ed7989e3e4e30a5d485c7416fd7e.jpg,f1a2ed7989e3e4e30a5d485c7416fd7e
9433,datasets/cat_10k/images/f1a7c7e5759e809b0508f859b42af1a1.jpg,f1a7c7e5759e809b0508f859b42af1a1
9434,datasets/cat_10k/images/f1ca2176e7e28176f078b86bfbf300fe.jpg,f1ca2176e7e28176f078b86bfbf300fe
9435,datasets/cat_10k/images/f1cb3837d5a4abb995807a1b7faa5a30.jpg,f1cb3837d5a4abb995807a1b7faa5a30
9436,datasets/cat_10k/images/f1d1d7a03ff08863937e1db93f989b02.jpg,f1d1d7a03ff08863937e1db93f989b02
9437,datasets/cat_10k/images/f1d86dbe04c5a3f3cb9a12bf1e109ab5.jpg,f1d86dbe04c5a3f3cb9a12bf1e109ab5
9438,datasets/cat_10k/images/f1e1105b796b4e298d87f660c5160fbf.jpg,f1e1105b796b4e298d87f660c5160fbf
9439,datasets/cat_10k/images/f1e4b0d794354a02359d78ebf68e4f82.jpg,f1e4b0d794354a02359d78ebf68e4f82
9440,datasets/cat_10k/images/f1fe888bb504d1b7474bb46397701a71.jpg,f1fe888bb504d1b7474bb46397701a71
9441,datasets/cat_10k/images/f204e781fab39f684bc67cde3f836805.jpg,f204e781fab39f684bc67cde3f836805
9442,datasets/cat_10k/images/f20d1e652be2b412a4dfaffb43b35afc.jpg,f20d1e652be2b412a4dfaffb43b35afc
9443,datasets/cat_10k/images/f210c53b953e257f8cf36d43be4d43f6.jpg,f210c53b953e257f8cf36d43be4d43f6
9444,datasets/cat_10k/images/f214623ad361dd2ba8db93eb0db66975.jpg,f214623ad361dd2ba8db93eb0db66975
9445,datasets/cat_10k/images/f21ac9caa6cf776e190728d215fa6a16.jpg,f21ac9caa6cf776e190728d215fa6a16
9446,datasets/cat_10k/images/f220d02d8ec50623fcf37a9caf32a4f3.jpg,f220d02d8ec50623fcf37a9caf32a4f3
9447,datasets/cat_10k/images/f221c0ff0cef1cd617ac15fefcbb674f.jpg,f221c0ff0cef1cd617ac15fefcbb674f
9448,datasets/cat_10k/images/f2268947577524ac5fe03ba9c7dc782f.jpg,f2268947577524ac5fe03ba9c7dc782f
9449,datasets/cat_10k/images/f230c1ef90e2f20aa40ff3e70224f7fe.jpg,f230c1ef90e2f20aa40ff3e70224f7fe
9450,datasets/cat_10k/images/f2348611dd0032e71a1887db39759c93.jpg,f2348611dd0032e71a1887db39759c93
9451,datasets/cat_10k/images/f2391bae0df489d1757c418d6ce0607a.jpg,f2391bae0df489d1757c418d6ce0607a
9452,datasets/cat_10k/images/f23b05cb4c7e19f845dcd7ae61d07b6a.jpg,f23b05cb4c7e19f845dcd7ae61d07b6a
9453,datasets/cat_10k/images/f23ca949a8f28ce6e37e8cfdde00401d.jpg,f23ca949a8f28ce6e37e8cfdde00401d
9454,datasets/cat_10k/images/f248c9f07ebbca14ac4d21e672df79a4.jpg,f248c9f07ebbca14ac4d21e672df79a4
9455,datasets/cat_10k/images/f24b345310621a16b307a243b3179565.jpg,f24b345310621a16b307a243b3179565
9456,datasets/cat_10k/images/f24b8f4b9d480460200ebbf9d9f4f937.jpg,f24b8f4b9d480460200ebbf9d9f4f937
9457,datasets/cat_10k/images/f24ba71cd24b98f0bfc88c155f17a1c0.jpg,f24ba71cd24b98f0bfc88c155f17a1c0
9458,datasets/cat_10k/images/f25b4cef98adf018c48a9a9ff0bfee73.jpg,f25b4cef98adf018c48a9a9ff0bfee73
9459,datasets/cat_10k/images/f25e349da40bc254643189401254ab72.jpg,f25e349da40bc254643189401254ab72
9460,datasets/cat_10k/images/f26469093a5026a87b07d26d737ad529.jpg,f26469093a5026a87b07d26d737ad529
9461,datasets/cat_10k/images/f26980badf1db8745756baf50a9e79ad.jpg,f26980badf1db8745756baf50a9e79ad
9462,datasets/cat_10k/images/f26fca8ada5f30f9f735dbf353cf92f6.jpg,f26fca8ada5f30f9f735dbf353cf92f6
9463,datasets/cat_10k/images/f270f6b5eebbefa126f7b54a26da80cc.jpg,f270f6b5eebbefa126f7b54a26da80cc
9464,datasets/cat_10k/images/f272405b8819420478a88c5b0939b441.jpg,f272405b8819420478a88c5b0939b441
9465,datasets/cat_10k/images/f2769fcdc71ae4f90f049939301872d1.jpg,f2769fcdc71ae4f90f049939301872d1
9466,datasets/cat_10k/images/f279e437d7078f2145108e3c95ac6497.jpg,f279e437d7078f2145108e3c95ac6497
9467,datasets/cat_10k/images/f27d8cfe367098672a5b6b41797c5330.jpg,f27d8cfe367098672a5b6b41797c5330
9468,datasets/cat_10k/images/f27e353d065e988ed8e9b1452174c0a8.jpg,f27e353d065e988ed8e9b1452174c0a8
9469,datasets/cat_10k/images/f280f8ac0126110e399c96d2287eac2e.jpg,f280f8ac0126110e399c96d2287eac2e
9470,datasets/cat_10k/images/f28ba6488495645935774534cb48bb4c.jpg,f28ba6488495645935774534cb48bb4c
9471,datasets/cat_10k/images/f28f158e49f57f73b0abf4f6e7c57511.jpg,f28f158e49f57f73b0abf4f6e7c57511
9472,datasets/cat_10k/images/f293c03bd34562511b54ead92d5bbd25.jpg,f293c03bd34562511b54ead92d5bbd25
9473,datasets/cat_10k/images/f293fca4551741b8d8a4938d00df76d3.jpg,f293fca4551741b8d8a4938d00df76d3
9474,datasets/cat_10k/images/f29a60b444501c7e5c3cd6c6e9d989d9.jpg,f29a60b444501c7e5c3cd6c6e9d989d9
9475,datasets/cat_10k/images/f2a78b9191dd5dd4715f2ad563229234.jpg,f2a78b9191dd5dd4715f2ad563229234
9476,datasets/cat_10k/images/f2adba4ee5b160bf0d3a05f696419a4a.jpg,f2adba4ee5b160bf0d3a05f696419a4a
9477,datasets/cat_10k/images/f2ae813bcbc5087c42cb9f8430bf7fd8.jpg,f2ae813bcbc5087c42cb9f8430bf7fd8
9478,datasets/cat_10k/images/f2aedb7730b9c68a26a8d94bd6aff660.jpg,f2aedb7730b9c68a26a8d94bd6aff660
9479,datasets/cat_10k/images/f2b2e2737efcde410f8303f2fa413d3f.jpg,f2b2e2737efcde410f8303f2fa413d3f
9480,datasets/cat_10k/images/f2b3ab7f2a3fca09e27832c7f4f8194f.jpg,f2b3ab7f2a3fca09e27832c7f4f8194f
9481,datasets/cat_10k/images/f2b81b552aedd2d692b82f1aa71a2d6a.jpg,f2b81b552aedd2d692b82f1aa71a2d6a
9482,datasets/cat_10k/images/f2bead1f29f60d2a9ca7615d72f06b1d.jpg,f2bead1f29f60d2a9ca7615d72f06b1d
9483,datasets/cat_10k/images/f2c9adca23ea86aebc19f1ff201cf69f.jpg,f2c9adca23ea86aebc19f1ff201cf69f
9484,datasets/cat_10k/images/f2d4bb00d331fb907227f82c4ae8bbca.jpg,f2d4bb00d331fb907227f82c4ae8bbca
9485,datasets/cat_10k/images/f2e667330d9b85f4d9a12a4227cbaf4b.jpg,f2e667330d9b85f4d9a12a4227cbaf4b
9486,datasets/cat_10k/images/f2ebb25317fc9714241ac6ca73cfdf80.jpg,f2ebb25317fc9714241ac6ca73cfdf80
9487,datasets/cat_10k/images/f2ece4ea7036795ded562ca3d2fe1474.jpg,f2ece4ea7036795ded562ca3d2fe1474
9488,datasets/cat_10k/images/f2ef1fd13a33bfcad50673ca097cfacb.jpg,f2ef1fd13a33bfcad50673ca097cfacb
9489,datasets/cat_10k/images/f2fbae074560a3b389c38a16c3384500.jpg,f2fbae074560a3b389c38a16c3384500
9490,datasets/cat_10k/images/f2fde767c250915947dfe74c07243b75.jpg,f2fde767c250915947dfe74c07243b75
9491,datasets/cat_10k/images/f3018ecd7c29419e2480b763c329e5dd.jpg,f3018ecd7c29419e2480b763c329e5dd
9492,datasets/cat_10k/images/f308c510b55d23e254c186123db246ba.jpg,f308c510b55d23e254c186123db246ba
9493,datasets/cat_10k/images/f30f7c8e53ca213a5d2543d12af7a288.jpg,f30f7c8e53ca213a5d2543d12af7a288
9494,datasets/cat_10k/images/f310f0a94d124cf3af7530ae361caffc.jpg,f310f0a94d124cf3af7530ae361caffc
9495,datasets/cat_10k/images/f313e025fbeb7233cb9efee031e9e427.jpg,f313e025fbeb7233cb9efee031e9e427
9496,datasets/cat_10k/images/f317cfa6e7993e767165a87c0a8f2f53.jpg,f317cfa6e7993e767165a87c0a8f2f53
9497,datasets/cat_10k/images/f3260f4d23a654cd8e1a85084653931f.jpg,f3260f4d23a654cd8e1a85084653931f
9498,datasets/cat_10k/images/f326f9510cf8a92f36826a128ce32223.jpg,f326f9510cf8a92f36826a128ce32223
9499,datasets/cat_10k/images/f327f7d8329f5e7a5c67c2fe27894e9c.jpg,f327f7d8329f5e7a5c67c2fe27894e9c
9500,datasets/cat_10k/images/f32dd215ceda054bbf7c786811a11606.jpg,f32dd215ceda054bbf7c786811a11606
9501,datasets/cat_10k/images/f33489a4d2c7e44659e7a73be2b50ea8.jpg,f33489a4d2c7e44659e7a73be2b50ea8
9502,datasets/cat_10k/images/f33d0e7302558544df79322bd6f2c1ae.jpg,f33d0e7302558544df79322bd6f2c1ae
9503,datasets/cat_10k/images/f34090e166fda79c1a943128b1c5fe6d.jpg,f34090e166fda79c1a943128b1c5fe6d
9504,datasets/cat_10k/images/f353bfe4b05643ee74e61171af14ce83.jpg,f353bfe4b05643ee74e61171af14ce83
9505,datasets/cat_10k/images/f35e0183d4f810499fc7802879cf7f03.jpg,f35e0183d4f810499fc7802879cf7f03
9506,datasets/cat_10k/images/f37176cfaf55ae7af600e00997b9e65a.jpg,f37176cfaf55ae7af600e00997b9e65a
9507,datasets/cat_10k/images/f37f6a6d025ef47a4977627f2aec9b24.jpg,f37f6a6d025ef47a4977627f2aec9b24
9508,datasets/cat_10k/images/f380ae659b0814f0546e4e56add63c2b.jpg,f380ae659b0814f0546e4e56add63c2b
9509,datasets/cat_10k/images/f380c504c5d40be7edf0210e93735d1e.jpg,f380c504c5d40be7edf0210e93735d1e
9510,datasets/cat_10k/images/f382515c746739a73e53cb701c84de92.jpg,f382515c746739a73e53cb701c84de92
9511,datasets/cat_10k/images/f3849e7483a63826ebb5e7febe8a4bf0.jpg,f3849e7483a63826ebb5e7febe8a4bf0
9512,datasets/cat_10k/images/f38904ecfd75f94a8eb8ecc533897ba6.jpg,f38904ecfd75f94a8eb8ecc533897ba6
9513,datasets/cat_10k/images/f39149cd93c2ea3e07c7511dcc810e46.jpg,f39149cd93c2ea3e07c7511dcc810e46
9514,datasets/cat_10k/images/f3944a75ca67296c11c1e8099b61dd14.jpg,f3944a75ca67296c11c1e8099b61dd14
9515,datasets/cat_10k/images/f394d3521c2c2a61a9b56073e4ab0c97.jpg,f394d3521c2c2a61a9b56073e4ab0c97
9516,datasets/cat_10k/images/f39616e133bfd2d9684eaa4721b5a1fb.jpg,f39616e133bfd2d9684eaa4721b5a1fb
9517,datasets/cat_10k/images/f39d3e190ac657d5b3bd9e6b8bbeac12.jpg,f39d3e190ac657d5b3bd9e6b8bbeac12
9518,datasets/cat_10k/images/f3a012df1df6dd905d1aee4e5160f242.jpg,f3a012df1df6dd905d1aee4e5160f242
9519,datasets/cat_10k/images/f3a1474fc3f6b2004832902a4829d8b7.jpg,f3a1474fc3f6b2004832902a4829d8b7
9520,datasets/cat_10k/images/f3a22f3f044f13fb34bfae9d94d3800f.jpg,f3a22f3f044f13fb34bfae9d94d3800f
9521,datasets/cat_10k/images/f3aaeba2561ed8ff065967bb5d04b1de.jpg,f3aaeba2561ed8ff065967bb5d04b1de
9522,datasets/cat_10k/images/f3aed97aefb00551a4ce33b3e1864099.jpg,f3aed97aefb00551a4ce33b3e1864099
9523,datasets/cat_10k/images/f3b6dace2f843093ed52d7b8297aaa6d.jpg,f3b6dace2f843093ed52d7b8297aaa6d
9524,datasets/cat_10k/images/f3b9738a2e489c7addba5c8334521cb4.jpg,f3b9738a2e489c7addba5c8334521cb4
9525,datasets/cat_10k/images/f3c164c30db304771f51047b730e296b.jpg,f3c164c30db304771f51047b730e296b
9526,datasets/cat_10k/images/f3c6e7e990ad4dbb1c59796fbb17baf4.jpg,f3c6e7e990ad4dbb1c59796fbb17baf4
9527,datasets/cat_10k/images/f3c7a344866a668f9b45ada2589aab22.jpg,f3c7a344866a668f9b45ada2589aab22
9528,datasets/cat_10k/images/f3c9936a8e6dfcd19f565601562d55f3.jpg,f3c9936a8e6dfcd19f565601562d55f3
9529,datasets/cat_10k/images/f3d4ea8d32be7836f97a6bb45d0a5d4b.jpg,f3d4ea8d32be7836f97a6bb45d0a5d4b
9530,datasets/cat_10k/images/f3e2ade369e12ba27cb96e4a0cec894c.jpg,f3e2ade369e12ba27cb96e4a0cec894c
9531,datasets/cat_10k/images/f3e64c2d138d289f7c12da75bedf1f67.jpg,f3e64c2d138d289f7c12da75bedf1f67
9532,datasets/cat_10k/images/f3eb9198d3fa6ee09269454a5324312c.jpg,f3eb9198d3fa6ee09269454a5324312c
9533,datasets/cat_10k/images/f3f1a82df9e36d8a492294c75d524af2.jpg,f3f1a82df9e36d8a492294c75d524af2
9534,datasets/cat_10k/images/f3f7bbee659d25bea9040d55a1c5fecc.jpg,f3f7bbee659d25bea9040d55a1c5fecc
9535,datasets/cat_10k/images/f3fcf3802f75068cca9c47e945310e1f.jpg,f3fcf3802f75068cca9c47e945310e1f
9536,datasets/cat_10k/images/f3fd6e2d5175ef7964127deac6639635.jpg,f3fd6e2d5175ef7964127deac6639635
9537,datasets/cat_10k/images/f3fda6d41513cad52cf2aee56b11b965.jpg,f3fda6d41513cad52cf2aee56b11b965
9538,datasets/cat_10k/images/f4074ac674518c196d1a0f60662e2d21.jpg,f4074ac674518c196d1a0f60662e2d21
9539,datasets/cat_10k/images/f40805bb2c18b50a1a74f596a7c00610.jpg,f40805bb2c18b50a1a74f596a7c00610
9540,datasets/cat_10k/images/f40efe94dcb24a7805ef4070a67a3b02.jpg,f40efe94dcb24a7805ef4070a67a3b02
9541,datasets/cat_10k/images/f421a70b9abeda4d1477be128674884b.jpg,f421a70b9abeda4d1477be128674884b
9542,datasets/cat_10k/images/f42267a1b149c0fcb90afeb44095d069.jpg,f42267a1b149c0fcb90afeb44095d069
9543,datasets/cat_10k/images/f4345d1af2cf53670c8542282599485c.jpg,f4345d1af2cf53670c8542282599485c
9544,datasets/cat_10k/images/f43833c6c2b9bfd162f30b4c5b174e67.jpg,f43833c6c2b9bfd162f30b4c5b174e67
9545,datasets/cat_10k/images/f4474cf5bf8f072523fdf2841ba88f2e.jpg,f4474cf5bf8f072523fdf2841ba88f2e
9546,datasets/cat_10k/images/f45512c985870221efbbf20422574b2d.jpg,f45512c985870221efbbf20422574b2d
9547,datasets/cat_10k/images/f45cd4dac68d2023fa2743c04140af4d.jpg,f45cd4dac68d2023fa2743c04140af4d
9548,datasets/cat_10k/images/f45da102e02c05a269a25ad71239e86c.jpg,f45da102e02c05a269a25ad71239e86c
9549,datasets/cat_10k/images/f45f137002afdb953179775cf24b0433.jpg,f45f137002afdb953179775cf24b0433
9550,datasets/cat_10k/images/f4634f8274f532342ea9622d92205c0f.jpg,f4634f8274f532342ea9622d92205c0f
9551,datasets/cat_10k/images/f46580d223de45b6c745c2177ecf1b6c.jpg,f46580d223de45b6c745c2177ecf1b6c
9552,datasets/cat_10k/images/f46918e23f2f68986a351862db8dc995.jpg,f46918e23f2f68986a351862db8dc995
9553,datasets/cat_10k/images/f46922aad7c7a8b7a03786b95304d8e0.jpg,f46922aad7c7a8b7a03786b95304d8e0
9554,datasets/cat_10k/images/f46c511c5afb70d5ecd87e78bca7687e.jpg,f46c511c5afb70d5ecd87e78bca7687e
9555,datasets/cat_10k/images/f473c26ea6fa94d8602d5871ff62ace9.jpg,f473c26ea6fa94d8602d5871ff62ace9
9556,datasets/cat_10k/images/f4741023d454057f6dfccc8b39a1fdc2.jpg,f4741023d454057f6dfccc8b39a1fdc2
9557,datasets/cat_10k/images/f474631a1400044a3c74f5e9dc88836d.jpg,f474631a1400044a3c74f5e9dc88836d
9558,datasets/cat_10k/images/f4836bcd24156e39b3b795f90a8efc1d.jpg,f4836bcd24156e39b3b795f90a8efc1d
9559,datasets/cat_10k/images/f48e5cd93ca41f027b49fd646e284d5e.jpg,f48e5cd93ca41f027b49fd646e284d5e
9560,datasets/cat_10k/images/f49320a479f777c86167e9f53df2cbd1.jpg,f49320a479f777c86167e9f53df2cbd1
9561,datasets/cat_10k/images/f499f5065ef8f6ecfc59003251ca23f6.jpg,f499f5065ef8f6ecfc59003251ca23f6
9562,datasets/cat_10k/images/f49d1195da8171e0d61d655985210108.jpg,f49d1195da8171e0d61d655985210108
9563,datasets/cat_10k/images/f4a0220878cc06793e6091c608daed75.jpg,f4a0220878cc06793e6091c608daed75
9564,datasets/cat_10k/images/f4aba92d692d80aa7f66eccdc18eaa03.jpg,f4aba92d692d80aa7f66eccdc18eaa03
9565,datasets/cat_10k/images/f4b9dd4f8bc6a406c4abd5064b12a251.jpg,f4b9dd4f8bc6a406c4abd5064b12a251
9566,datasets/cat_10k/images/f4c07942741374722f063c449fe64fa3.jpg,f4c07942741374722f063c449fe64fa3
9567,datasets/cat_10k/images/f4c165a286c83d5259cd8bd4a32f54ac.jpg,f4c165a286c83d5259cd8bd4a32f54ac
9568,datasets/cat_10k/images/f4d22c26b8a007203113ffa57616bd43.jpg,f4d22c26b8a007203113ffa57616bd43
9569,datasets/cat_10k/images/f4d418eb2da89db8dd3424db5aec3d9d.jpg,f4d418eb2da89db8dd3424db5aec3d9d
9570,datasets/cat_10k/images/f4db21a7f728239f4543e3d6fc1b4b1f.jpg,f4db21a7f728239f4543e3d6fc1b4b1f
9571,datasets/cat_10k/images/f4dc25ea59222f6e8454bc4311d8fad2.jpg,f4dc25ea59222f6e8454bc4311d8fad2
9572,datasets/cat_10k/images/f4e1cb792a49ccd17ccbd48a76d81d97.jpg,f4e1cb792a49ccd17ccbd48a76d81d97
9573,datasets/cat_10k/images/f4ebf3bae06b9580dbab3dd7637a5b05.jpg,f4ebf3bae06b9580dbab3dd7637a5b05
9574,datasets/cat_10k/images/f4ecf2fdab7e6fd5b62d0d1f9f46d363.jpg,f4ecf2fdab7e6fd5b62d0d1f9f46d363
9575,datasets/cat_10k/images/f4f6bd99ab619cc4130e60617a885752.jpg,f4f6bd99ab619cc4130e60617a885752
9576,datasets/cat_10k/images/f5090b95839c687c0437743e3df9df50.jpg,f5090b95839c687c0437743e3df9df50
9577,datasets/cat_10k/images/f50ef5b14d02ced31341b737dccc2aae.jpg,f50ef5b14d02ced31341b737dccc2aae
9578,datasets/cat_10k/images/f512631745ea2209f7441e113819ebd2.jpg,f512631745ea2209f7441e113819ebd2
9579,datasets/cat_10k/images/f537e1c39ebbfabcdc5be4e32af0c93b.jpg,f537e1c39ebbfabcdc5be4e32af0c93b
9580,datasets/cat_10k/images/f53819cb38f0c0b2efbf643885cb61d4.jpg,f53819cb38f0c0b2efbf643885cb61d4
9581,datasets/cat_10k/images/f5516de3347622eca7c43f2320c1b4c1.jpg,f5516de3347622eca7c43f2320c1b4c1
9582,datasets/cat_10k/images/f557a3f22683a41bbfd81c326818525d.jpg,f557a3f22683a41bbfd81c326818525d
9583,datasets/cat_10k/images/f55ee44c925d3f7b356a2a3b5af13418.jpg,f55ee44c925d3f7b356a2a3b5af13418
9584,datasets/cat_10k/images/f5744a955a41ccd7d92fc8734c13c210.jpg,f5744a955a41ccd7d92fc8734c13c210
9585,datasets/cat_10k/images/f57d77dad062ca1fe493b47fd2925fb7.jpg,f57d77dad062ca1fe493b47fd2925fb7
9586,datasets/cat_10k/images/f58446aa4edac6c11e8c1f18ad1b72b1.jpg,f58446aa4edac6c11e8c1f18ad1b72b1
9587,datasets/cat_10k/images/f584d09526fd4a9f9de0307a3949ed4b.jpg,f584d09526fd4a9f9de0307a3949ed4b
9588,datasets/cat_10k/images/f58d597198fbd7b21bbc79f861f97d40.jpg,f58d597198fbd7b21bbc79f861f97d40
9589,datasets/cat_10k/images/f58defb9216cb45b1634fcb3d7570b22.jpg,f58defb9216cb45b1634fcb3d7570b22
9590,datasets/cat_10k/images/f5958712fdafc2001b8ea95be8493b39.jpg,f5958712fdafc2001b8ea95be8493b39
9591,datasets/cat_10k/images/f599e51a8f0eea76e8c28d1ae259ec13.jpg,f599e51a8f0eea76e8c28d1ae259ec13
9592,datasets/cat_10k/images/f5a0a5b11f58282089dabcf11361bc5e.jpg,f5a0a5b11f58282089dabcf11361bc5e
9593,datasets/cat_10k/images/f5a2ce8bf2b56f6709595af3b8b4f311.jpg,f5a2ce8bf2b56f6709595af3b8b4f311
9594,datasets/cat_10k/images/f5ac503192cc0ccf9648bba37badce98.jpg,f5ac503192cc0ccf9648bba37badce98
9595,datasets/cat_10k/images/f5bacf6355c0b5bf604f5250aa9f843b.jpg,f5bacf6355c0b5bf604f5250aa9f843b
9596,datasets/cat_10k/images/f5bad8cbe2c7e74bed05696ae64199ee.jpg,f5bad8cbe2c7e74bed05696ae64199ee
9597,datasets/cat_10k/images/f5c08f8721d5e3c53d8868a72182ba72.jpg,f5c08f8721d5e3c53d8868a72182ba72
9598,datasets/cat_10k/images/f5cc92f7837ff4d8cd5a46337d405f85.jpg,f5cc92f7837ff4d8cd5a46337d405f85
9599,datasets/cat_10k/images/f5d23703dfd5b7fa4813ea02c3e53b17.jpg,f5d23703dfd5b7fa4813ea02c3e53b17
9600,datasets/cat_10k/images/f5da74fd796107fa610963f363fb0e18.jpg,f5da74fd796107fa610963f363fb0e18
9601,datasets/cat_10k/images/f5db08504b4e71d08b8acb5ba889b7c6.jpg,f5db08504b4e71d08b8acb5ba889b7c6
9602,datasets/cat_10k/images/f5df064bc9320307df78e89766145bf9.jpg,f5df064bc9320307df78e89766145bf9
9603,datasets/cat_10k/images/f5fcb452efc2da0037449d8a7dacccfe.jpg,f5fcb452efc2da0037449d8a7dacccfe
9604,datasets/cat_10k/images/f5ff0f3132867bdbe0c54051c775e9ed.jpg,f5ff0f3132867bdbe0c54051c775e9ed
9605,datasets/cat_10k/images/f603f10a60ad298ee0dddd89e1174b17.jpg,f603f10a60ad298ee0dddd89e1174b17
9606,datasets/cat_10k/images/f605788478826d78a036d93c19a7b676.jpg,f605788478826d78a036d93c19a7b676
9607,datasets/cat_10k/images/f60b9a3a5bd83663930b9cd6f108f791.jpg,f60b9a3a5bd83663930b9cd6f108f791
9608,datasets/cat_10k/images/f616f3f190790532867a3f65ee801c15.jpg,f616f3f190790532867a3f65ee801c15
9609,datasets/cat_10k/images/f61a38b13fbea15722c3af388071c44f.jpg,f61a38b13fbea15722c3af388071c44f
9610,datasets/cat_10k/images/f61cef09b1f9ec247abd1516a91acc62.jpg,f61cef09b1f9ec247abd1516a91acc62
9611,datasets/cat_10k/images/f623d8f228f9f9c48cf983bdec9af75e.jpg,f623d8f228f9f9c48cf983bdec9af75e
9612,datasets/cat_10k/images/f624809582001aee5ca06f95392b79dc.jpg,f624809582001aee5ca06f95392b79dc
9613,datasets/cat_10k/images/f62ee47d0a92ffa0fec279c56fac8f87.jpg,f62ee47d0a92ffa0fec279c56fac8f87
9614,datasets/cat_10k/images/f6350fbb623c6faf73d365c58c6e7b62.jpg,f6350fbb623c6faf73d365c58c6e7b62
9615,datasets/cat_10k/images/f6352212bc7e505f8dc5f091040e5bbe.jpg,f6352212bc7e505f8dc5f091040e5bbe
9616,datasets/cat_10k/images/f63a248ad7b4def04063daa5c96824ad.jpg,f63a248ad7b4def04063daa5c96824ad
9617,datasets/cat_10k/images/f63a9f443a7abba3d05d6701861d0673.jpg,f63a9f443a7abba3d05d6701861d0673
9618,datasets/cat_10k/images/f640e9b0c6fdfdde7c0484fe42ce0948.jpg,f640e9b0c6fdfdde7c0484fe42ce0948
9619,datasets/cat_10k/images/f643d3cac0f348e523ac3d0a764e07e9.jpg,f643d3cac0f348e523ac3d0a764e07e9
9620,datasets/cat_10k/images/f6449b337034de226f3f3d2d3d0c1214.jpg,f6449b337034de226f3f3d2d3d0c1214
9621,datasets/cat_10k/images/f64b6f79cbad9a5d553c4539e95e9ffd.jpg,f64b6f79cbad9a5d553c4539e95e9ffd
9622,datasets/cat_10k/images/f65482b08d08c87fe59e430a6b5e23bf.jpg,f65482b08d08c87fe59e430a6b5e23bf
9623,datasets/cat_10k/images/f667de39d4f2c0ff094b464521224575.jpg,f667de39d4f2c0ff094b464521224575
9624,datasets/cat_10k/images/f667f59ac652645c3bb0575b9e1197c0.jpg,f667f59ac652645c3bb0575b9e1197c0
9625,datasets/cat_10k/images/f668d4b075ce880884e07dc075dc1bec.jpg,f668d4b075ce880884e07dc075dc1bec
9626,datasets/cat_10k/images/f669896ed5df746ca20bdc7ac1102ead.jpg,f669896ed5df746ca20bdc7ac1102ead
9627,datasets/cat_10k/images/f66c2316bb96448f59cbe28385986545.jpg,f66c2316bb96448f59cbe28385986545
9628,datasets/cat_10k/images/f66d702434958efe348187d7c6f9c98e.jpg,f66d702434958efe348187d7c6f9c98e
9629,datasets/cat_10k/images/f66fc7c4c0e68c7dc8fc12263adfcd81.jpg,f66fc7c4c0e68c7dc8fc12263adfcd81
9630,datasets/cat_10k/images/f673618a08fad795a7fb51389fde3ed7.jpg,f673618a08fad795a7fb51389fde3ed7
9631,datasets/cat_10k/images/f67d3b83ce2dcb31b906ee5a9574cf4e.jpg,f67d3b83ce2dcb31b906ee5a9574cf4e
9632,datasets/cat_10k/images/f68361197b4ea6ec744861fbb52eb36e.jpg,f68361197b4ea6ec744861fbb52eb36e
9633,datasets/cat_10k/images/f689f0e3996ef546b77147ebc8eeed6f.jpg,f689f0e3996ef546b77147ebc8eeed6f
9634,datasets/cat_10k/images/f68a31b73b4ba4d4bb52c42be9cf26cc.jpg,f68a31b73b4ba4d4bb52c42be9cf26cc
9635,datasets/cat_10k/images/f699bd9b84267971ba7f4c5450a73a24.jpg,f699bd9b84267971ba7f4c5450a73a24
9636,datasets/cat_10k/images/f6a7032cea2cda0ccc8f848748a8cba5.jpg,f6a7032cea2cda0ccc8f848748a8cba5
9637,datasets/cat_10k/images/f6a8ee6f6395d408a4476bfa1b60b0d6.jpg,f6a8ee6f6395d408a4476bfa1b60b0d6
9638,datasets/cat_10k/images/f6aa81c226db602a5a7ad2f7e221bb3e.jpg,f6aa81c226db602a5a7ad2f7e221bb3e
9639,datasets/cat_10k/images/f6b333c4a4dcd522a98998fa98831315.jpg,f6b333c4a4dcd522a98998fa98831315
9640,datasets/cat_10k/images/f6b865b5b3a68340d197f59d877d52f8.jpg,f6b865b5b3a68340d197f59d877d52f8
9641,datasets/cat_10k/images/f6bd9474ed26407234be492ec6ee632d.jpg,f6bd9474ed26407234be492ec6ee632d
9642,datasets/cat_10k/images/f6c612e8b087dd530d3c6602dcfd4581.jpg,f6c612e8b087dd530d3c6602dcfd4581
9643,datasets/cat_10k/images/f6c6b11ddcc26de5e8f768008c169977.jpg,f6c6b11ddcc26de5e8f768008c169977
9644,datasets/cat_10k/images/f6ce1de2aee519f53a8c8c991660545e.jpg,f6ce1de2aee519f53a8c8c991660545e
9645,datasets/cat_10k/images/f6df3e08c5ba315aafb4071b349467a5.jpg,f6df3e08c5ba315aafb4071b349467a5
9646,datasets/cat_10k/images/f6f8052c48103a8082d18805bcce8bb3.jpg,f6f8052c48103a8082d18805bcce8bb3
9647,datasets/cat_10k/images/f6f9a01bab680ce19877d4d66ffdef67.jpg,f6f9a01bab680ce19877d4d66ffdef67
9648,datasets/cat_10k/images/f700709ac68e280cd462b5c7b4dac3c7.jpg,f700709ac68e280cd462b5c7b4dac3c7
9649,datasets/cat_10k/images/f701bd6096947fad093a3ba7c0a98326.jpg,f701bd6096947fad093a3ba7c0a98326
9650,datasets/cat_10k/images/f70812b4a0489e15d3c20ded2f24630f.jpg,f70812b4a0489e15d3c20ded2f24630f
9651,datasets/cat_10k/images/f708f389404a071e3e504abc8de7d029.jpg,f708f389404a071e3e504abc8de7d029
9652,datasets/cat_10k/images/f70aa80be13a6acc026df90fab2d56af.jpg,f70aa80be13a6acc026df90fab2d56af
9653,datasets/cat_10k/images/f70d75103e2991c98fff6d0f6a09b99f.jpg,f70d75103e2991c98fff6d0f6a09b99f
9654,datasets/cat_10k/images/f70fb6e1e977b5a0a626bb7426bfd7c5.jpg,f70fb6e1e977b5a0a626bb7426bfd7c5
9655,datasets/cat_10k/images/f71b9039da7368fc16d52ef64f9bbe78.jpg,f71b9039da7368fc16d52ef64f9bbe78
9656,datasets/cat_10k/images/f72412e788a5885588d53d10802b3931.jpg,f72412e788a5885588d53d10802b3931
9657,datasets/cat_10k/images/f72c17dbd337f5fc07f7e9d672d65636.jpg,f72c17dbd337f5fc07f7e9d672d65636
9658,datasets/cat_10k/images/f730b971fea306e68d5f638583f3a827.jpg,f730b971fea306e68d5f638583f3a827
9659,datasets/cat_10k/images/f730fc24c9d3ffd9f96c24f6456a457a.jpg,f730fc24c9d3ffd9f96c24f6456a457a
9660,datasets/cat_10k/images/f733b7832fe03bd9353fe2d03da6db51.jpg,f733b7832fe03bd9353fe2d03da6db51
9661,datasets/cat_10k/images/f74b8bb47d95bcd5185b79350c106377.jpg,f74b8bb47d95bcd5185b79350c106377
9662,datasets/cat_10k/images/f74f6e5eb68a89522ea1b28232588e5b.jpg,f74f6e5eb68a89522ea1b28232588e5b
9663,datasets/cat_10k/images/f751dad68f0f07c03acb53408a7d2a62.jpg,f751dad68f0f07c03acb53408a7d2a62
9664,datasets/cat_10k/images/f76738d7b6989d7425f6d32c80afbcaa.jpg,f76738d7b6989d7425f6d32c80afbcaa
9665,datasets/cat_10k/images/f76da5e6f815d36d54d1591ba2a2563f.jpg,f76da5e6f815d36d54d1591ba2a2563f
9666,datasets/cat_10k/images/f7825d586c751fd81f1e45f0b99fd501.jpg,f7825d586c751fd81f1e45f0b99fd501
9667,datasets/cat_10k/images/f7845167541bda6826bb74710b764ea0.jpg,f7845167541bda6826bb74710b764ea0
9668,datasets/cat_10k/images/f7851d714453ee4b14a83e48f7b03a20.jpg,f7851d714453ee4b14a83e48f7b03a20
9669,datasets/cat_10k/images/f78cf23c87ad55971712fdf05c660389.jpg,f78cf23c87ad55971712fdf05c660389
9670,datasets/cat_10k/images/f78db26b700a3d7ace6f193a64c191a3.jpg,f78db26b700a3d7ace6f193a64c191a3
9671,datasets/cat_10k/images/f78f001076202c2bff72e334f23de047.jpg,f78f001076202c2bff72e334f23de047
9672,datasets/cat_10k/images/f796b7eaa4ced3780d8d3629989bf2b9.jpg,f796b7eaa4ced3780d8d3629989bf2b9
9673,datasets/cat_10k/images/f797077465c8065f5c4119ff44bc1da9.jpg,f797077465c8065f5c4119ff44bc1da9
9674,datasets/cat_10k/images/f79b1a3b673673169016a8c9873aa30c.jpg,f79b1a3b673673169016a8c9873aa30c
9675,datasets/cat_10k/images/f79be4340c2db582ff2a9821730f8c2c.jpg,f79be4340c2db582ff2a9821730f8c2c
9676,datasets/cat_10k/images/f79f5c9ba51d3dbc25fbd88b2a39f5f7.jpg,f79f5c9ba51d3dbc25fbd88b2a39f5f7
9677,datasets/cat_10k/images/f7a206ddddb95c13a16227095c4cd8b4.jpg,f7a206ddddb95c13a16227095c4cd8b4
9678,datasets/cat_10k/images/f7a729f77256ddf23ecf7bd674bf46b0.jpg,f7a729f77256ddf23ecf7bd674bf46b0
9679,datasets/cat_10k/images/f7b0fac2f6b8cfb4bc6c7addcc78afe6.jpg,f7b0fac2f6b8cfb4bc6c7addcc78afe6
9680,datasets/cat_10k/images/f7b183df388c933209bb2fe902074973.jpg,f7b183df388c933209bb2fe902074973
9681,datasets/cat_10k/images/f7b5719e2bdf481012444c045fcaac3e.jpg,f7b5719e2bdf481012444c045fcaac3e
9682,datasets/cat_10k/images/f7b65982c3bce11c3a88c97a7ea0621f.jpg,f7b65982c3bce11c3a88c97a7ea0621f
9683,datasets/cat_10k/images/f7c0248699ae6f92bcc452d4b3762d42.jpg,f7c0248699ae6f92bcc452d4b3762d42
9684,datasets/cat_10k/images/f7c7140c97080167817ef98b3519f870.jpg,f7c7140c97080167817ef98b3519f870
9685,datasets/cat_10k/images/f7cc2f93eb0d35a18a82db6c9c60d77e.jpg,f7cc2f93eb0d35a18a82db6c9c60d77e
9686,datasets/cat_10k/images/f7d84ad3fe1086a63adc205a32a37879.jpg,f7d84ad3fe1086a63adc205a32a37879
9687,datasets/cat_10k/images/f7e23be92f789051288b10bb6e890e14.jpg,f7e23be92f789051288b10bb6e890e14
9688,datasets/cat_10k/images/f7f5c57282e4bb257dac0b4170d488d3.jpg,f7f5c57282e4bb257dac0b4170d488d3
9689,datasets/cat_10k/images/f8000c4de11923f4acfc087cd1ba667f.jpg,f8000c4de11923f4acfc087cd1ba667f
9690,datasets/cat_10k/images/f801d1105ceebc1253e9f4585aae2a33.jpg,f801d1105ceebc1253e9f4585aae2a33
9691,datasets/cat_10k/images/f80a0e7cf455aafc3e5a5af3e84bdb04.jpg,f80a0e7cf455aafc3e5a5af3e84bdb04
9692,datasets/cat_10k/images/f817f274f1f8b8635d12ea66ed49365f.jpg,f817f274f1f8b8635d12ea66ed49365f
9693,datasets/cat_10k/images/f82141806c5896037f216e79efb3da46.jpg,f82141806c5896037f216e79efb3da46
9694,datasets/cat_10k/images/f82178cfc2a21c5e55b705f9f0a953e7.jpg,f82178cfc2a21c5e55b705f9f0a953e7
9695,datasets/cat_10k/images/f82ac0a6c567dc7447dab0a5d09d2b72.jpg,f82ac0a6c567dc7447dab0a5d09d2b72
9696,datasets/cat_10k/images/f831ca6adc5a9211f8df6d0e678862d8.jpg,f831ca6adc5a9211f8df6d0e678862d8
9697,datasets/cat_10k/images/f83413f30df41f827ea71085b217643d.jpg,f83413f30df41f827ea71085b217643d
9698,datasets/cat_10k/images/f83dc599c5b0735a9988e6dbb62db16c.jpg,f83dc599c5b0735a9988e6dbb62db16c
9699,datasets/cat_10k/images/f84cdd3bf0f0196022f051a200343d3c.jpg,f84cdd3bf0f0196022f051a200343d3c
9700,datasets/cat_10k/images/f84e67b27d5557e779397e5a6a0b1dc5.jpg,f84e67b27d5557e779397e5a6a0b1dc5
9701,datasets/cat_10k/images/f84ea60604ad48fef2ef606a55345047.jpg,f84ea60604ad48fef2ef606a55345047
9702,datasets/cat_10k/images/f8523a67e3e2cae8e0ca4c39b2cfe2de.jpg,f8523a67e3e2cae8e0ca4c39b2cfe2de
9703,datasets/cat_10k/images/f8530a007c4e55df4dd63639c2cf87e8.jpg,f8530a007c4e55df4dd63639c2cf87e8
9704,datasets/cat_10k/images/f85a2dc91c9e32e5af3e1d1b16b8593a.jpg,f85a2dc91c9e32e5af3e1d1b16b8593a
9705,datasets/cat_10k/images/f85ee40ac2e1aa28220b5a88dac1677b.jpg,f85ee40ac2e1aa28220b5a88dac1677b
9706,datasets/cat_10k/images/f863db92cfd4350d17744f2b4264d7e5.jpg,f863db92cfd4350d17744f2b4264d7e5
9707,datasets/cat_10k/images/f863ee3d7e033436c4e817f3da86a746.jpg,f863ee3d7e033436c4e817f3da86a746
9708,datasets/cat_10k/images/f8664632ee300bf6c052abd123f5e3eb.jpg,f8664632ee300bf6c052abd123f5e3eb
9709,datasets/cat_10k/images/f86d1b5ed735e7c7804e2a773022b131.jpg,f86d1b5ed735e7c7804e2a773022b131
9710,datasets/cat_10k/images/f8704deb481f123eb389b3691040921d.jpg,f8704deb481f123eb389b3691040921d
9711,datasets/cat_10k/images/f879264a5fe4f2f5d119939d1e2a4fb8.jpg,f879264a5fe4f2f5d119939d1e2a4fb8
9712,datasets/cat_10k/images/f88269b94d8b8a52cc87155e51a9bd60.jpg,f88269b94d8b8a52cc87155e51a9bd60
9713,datasets/cat_10k/images/f88636324c53fd71d8d5211577f7fd61.jpg,f88636324c53fd71d8d5211577f7fd61
9714,datasets/cat_10k/images/f887bfb76923b4e394af11e71d2b7635.jpg,f887bfb76923b4e394af11e71d2b7635
9715,datasets/cat_10k/images/f889765f706542c573bf515f024ae884.jpg,f889765f706542c573bf515f024ae884
9716,datasets/cat_10k/images/f89f6a7a2b5c96184abe3becc48d2ac6.jpg,f89f6a7a2b5c96184abe3becc48d2ac6
9717,datasets/cat_10k/images/f8a0ef91c0dc4ab0d6fd6fcbce674653.jpg,f8a0ef91c0dc4ab0d6fd6fcbce674653
9718,datasets/cat_10k/images/f8a706672eabd09d61cc98d161238868.jpg,f8a706672eabd09d61cc98d161238868
9719,datasets/cat_10k/images/f8b1e191313f31138d5881bdee51546d.jpg,f8b1e191313f31138d5881bdee51546d
9720,datasets/cat_10k/images/f8bc641f815adaae30f8f9a0aacb50f1.jpg,f8bc641f815adaae30f8f9a0aacb50f1
9721,datasets/cat_10k/images/f8c646522213f0b435a2c2bc0ab4af86.jpg,f8c646522213f0b435a2c2bc0ab4af86
9722,datasets/cat_10k/images/f8d20666aec3d67cc61d0def04b9ddb9.jpg,f8d20666aec3d67cc61d0def04b9ddb9
9723,datasets/cat_10k/images/f8d2a9097f0cbd4e44e0f33b3e623d9d.jpg,f8d2a9097f0cbd4e44e0f33b3e623d9d
9724,datasets/cat_10k/images/f8d80d62a10f631946cbdf6310cdff66.jpg,f8d80d62a10f631946cbdf6310cdff66
9725,datasets/cat_10k/images/f8df506a4e6dc84c195461be09c8349f.jpg,f8df506a4e6dc84c195461be09c8349f
9726,datasets/cat_10k/images/f8e5b80ab544ed424156ff7f64dd2437.jpg,f8e5b80ab544ed424156ff7f64dd2437
9727,datasets/cat_10k/images/f8e98babf025fa45ea42c67621d1e553.jpg,f8e98babf025fa45ea42c67621d1e553
9728,datasets/cat_10k/images/f8ea5baf65ed59bd8701040f4da2db6e.jpg,f8ea5baf65ed59bd8701040f4da2db6e
9729,datasets/cat_10k/images/f8eecb4cfeb816d5085e26cebd8b6f70.jpg,f8eecb4cfeb816d5085e26cebd8b6f70
9730,datasets/cat_10k/images/f8f326a5a6c02303e31da6b5d99da2f9.jpg,f8f326a5a6c02303e31da6b5d99da2f9
9731,datasets/cat_10k/images/f9069765c9267a041169038599a04975.jpg,f9069765c9267a041169038599a04975
9732,datasets/cat_10k/images/f906e2e56213dc067cefdb2c6ef1cf4e.jpg,f906e2e56213dc067cefdb2c6ef1cf4e
9733,datasets/cat_10k/images/f909c18e2f9fc625772429d80cc8e92d.jpg,f909c18e2f9fc625772429d80cc8e92d
9734,datasets/cat_10k/images/f90a0452854ce06cd63a2f86a2e22784.jpg,f90a0452854ce06cd63a2f86a2e22784
9735,datasets/cat_10k/images/f9245006209b4fb50026f427cea01004.jpg,f9245006209b4fb50026f427cea01004
9736,datasets/cat_10k/images/f924ad8a631ab84cb2ece495878eb083.jpg,f924ad8a631ab84cb2ece495878eb083
9737,datasets/cat_10k/images/f92c593b728463b0a0166a0c312fa369.jpg,f92c593b728463b0a0166a0c312fa369
9738,datasets/cat_10k/images/f92ee3d22b4a1dcf64614590bcfc875a.jpg,f92ee3d22b4a1dcf64614590bcfc875a
9739,datasets/cat_10k/images/f934a66c05cdc6ea854b4e2495f229eb.jpg,f934a66c05cdc6ea854b4e2495f229eb
9740,datasets/cat_10k/images/f934fbecda80701c22f6499a471d6e60.jpg,f934fbecda80701c22f6499a471d6e60
9741,datasets/cat_10k/images/f9449df061ee63d59addc3c5653b1d1a.jpg,f9449df061ee63d59addc3c5653b1d1a
9742,datasets/cat_10k/images/f94ceae8a94ac3eef139d64ce14b9bc8.jpg,f94ceae8a94ac3eef139d64ce14b9bc8
9743,datasets/cat_10k/images/f94d0d79d8c3e9da0a6a6a75a38daaf0.jpg,f94d0d79d8c3e9da0a6a6a75a38daaf0
9744,datasets/cat_10k/images/f95c4362427adda707661d0a86b37b9a.jpg,f95c4362427adda707661d0a86b37b9a
9745,datasets/cat_10k/images/f96341a9c7d618154d5e3f28dde502b3.jpg,f96341a9c7d618154d5e3f28dde502b3
9746,datasets/cat_10k/images/f9671899e99c1951631e1003aeab5025.jpg,f9671899e99c1951631e1003aeab5025
9747,datasets/cat_10k/images/f9750b511d9f5130911d48785e427492.jpg,f9750b511d9f5130911d48785e427492
9748,datasets/cat_10k/images/f979aa7949cd15ed2468f189eb885ce3.jpg,f979aa7949cd15ed2468f189eb885ce3
9749,datasets/cat_10k/images/f97daac3aac1c5c3944f78679a31f7b4.jpg,f97daac3aac1c5c3944f78679a31f7b4
9750,datasets/cat_10k/images/f990c258a276287f272aec34c60ca39e.jpg,f990c258a276287f272aec34c60ca39e
9751,datasets/cat_10k/images/f9a5583076199923b65def08770e359e.jpg,f9a5583076199923b65def08770e359e
9752,datasets/cat_10k/images/f9ae0e724b62f92aafbb7f2e9caa2837.jpg,f9ae0e724b62f92aafbb7f2e9caa2837
9753,datasets/cat_10k/images/f9b125a5acdddcda7c4283ca085b216c.jpg,f9b125a5acdddcda7c4283ca085b216c
9754,datasets/cat_10k/images/f9c287c8b192dc921118e1dfe1d6572a.jpg,f9c287c8b192dc921118e1dfe1d6572a
9755,datasets/cat_10k/images/f9ce9c0907a5375bbe415bb438706afe.jpg,f9ce9c0907a5375bbe415bb438706afe
9756,datasets/cat_10k/images/f9d0023d61e970a0fa1c80a920b0a843.jpg,f9d0023d61e970a0fa1c80a920b0a843
9757,datasets/cat_10k/images/f9d2fea7861002f22ecffeec050b7ce2.jpg,f9d2fea7861002f22ecffeec050b7ce2
9758,datasets/cat_10k/images/f9d8b9cccafc7d7cbbab16dcf721d11c.jpg,f9d8b9cccafc7d7cbbab16dcf721d11c
9759,datasets/cat_10k/images/f9dd75ed95f233656d1ce5d686831a88.jpg,f9dd75ed95f233656d1ce5d686831a88
9760,datasets/cat_10k/images/f9e59b4283bdefef82c4769b1e1c5bb6.jpg,f9e59b4283bdefef82c4769b1e1c5bb6
9761,datasets/cat_10k/images/f9e8e671bf23019f0f3cd6e664048410.jpg,f9e8e671bf23019f0f3cd6e664048410
9762,datasets/cat_10k/images/f9f62ac88bae90e914488d7c1e8e26b5.jpg,f9f62ac88bae90e914488d7c1e8e26b5
9763,datasets/cat_10k/images/f9fc9329abe1f0bebae1c8438d4adc5e.jpg,f9fc9329abe1f0bebae1c8438d4adc5e
9764,datasets/cat_10k/images/fa00e401d14afdbdbf963b96b585880b.jpg,fa00e401d14afdbdbf963b96b585880b
9765,datasets/cat_10k/images/fa05c7ae1d7903160b1b929f9afee8ff.jpg,fa05c7ae1d7903160b1b929f9afee8ff
9766,datasets/cat_10k/images/fa0e6c602fdc962a66b122fa18d3b315.jpg,fa0e6c602fdc962a66b122fa18d3b315
9767,datasets/cat_10k/images/fa138151fe02ff584c2c811d410c717b.jpg,fa138151fe02ff584c2c811d410c717b
9768,datasets/cat_10k/images/fa20bdb294f2df55f3b39b77e2a1f715.jpg,fa20bdb294f2df55f3b39b77e2a1f715
9769,datasets/cat_10k/images/fa22a0b7d36d9da9a73d703f5ad298bc.jpg,fa22a0b7d36d9da9a73d703f5ad298bc
9770,datasets/cat_10k/images/fa2318216c74937c89a6be05eccebffd.jpg,fa2318216c74937c89a6be05eccebffd
9771,datasets/cat_10k/images/fa23dae68f6c5f967bad25e30b921e4e.jpg,fa23dae68f6c5f967bad25e30b921e4e
9772,datasets/cat_10k/images/fa2608cf9377238b2fbd1e25703a87c1.jpg,fa2608cf9377238b2fbd1e25703a87c1
9773,datasets/cat_10k/images/fa2fc0f2ebc759e040bd6accee69a3da.jpg,fa2fc0f2ebc759e040bd6accee69a3da
9774,datasets/cat_10k/images/fa4212ae5f787a7004dbcddc5e94cb8b.jpg,fa4212ae5f787a7004dbcddc5e94cb8b
9775,datasets/cat_10k/images/fa49798b7a57260bbfd7a16eec28d60c.jpg,fa49798b7a57260bbfd7a16eec28d60c
9776,datasets/cat_10k/images/fa5325918ee50f4bce091f0bc8b5f848.jpg,fa5325918ee50f4bce091f0bc8b5f848
9777,datasets/cat_10k/images/fa56f33b1cebffd54a4c77353529425b.jpg,fa56f33b1cebffd54a4c77353529425b
9778,datasets/cat_10k/images/fa5bfbc1a0b75540b399133d1bf41d09.jpg,fa5bfbc1a0b75540b399133d1bf41d09
9779,datasets/cat_10k/images/fa5fd72dfbfe3db181801770e2cf8a8f.jpg,fa5fd72dfbfe3db181801770e2cf8a8f
9780,datasets/cat_10k/images/fa60b703df5e61eb56ad13a05723d1af.jpg,fa60b703df5e61eb56ad13a05723d1af
9781,datasets/cat_10k/images/fa6298bfa23eb48f727395efe622ee71.jpg,fa6298bfa23eb48f727395efe622ee71
9782,datasets/cat_10k/images/fa6dafd64476f0b5d7e8882c34587262.jpg,fa6dafd64476f0b5d7e8882c34587262
9783,datasets/cat_10k/images/fa7bb0d72ac67400c307b4342ea741dc.jpg,fa7bb0d72ac67400c307b4342ea741dc
9784,datasets/cat_10k/images/fa7ded546cead6aa2f06415e3fbc3d20.jpg,fa7ded546cead6aa2f06415e3fbc3d20
9785,datasets/cat_10k/images/fa7e161882211d5cea75a1401c7ccded.jpg,fa7e161882211d5cea75a1401c7ccded
9786,datasets/cat_10k/images/fa82522058368f23a19ebaf66327fc48.jpg,fa82522058368f23a19ebaf66327fc48
9787,datasets/cat_10k/images/fa8a1cf261c69c575947d075b1002b31.jpg,fa8a1cf261c69c575947d075b1002b31
9788,datasets/cat_10k/images/fa8a488473bcd044eb17a91bf81832d8.jpg,fa8a488473bcd044eb17a91bf81832d8
9789,datasets/cat_10k/images/fa954041d0b231b187fe635668813b8f.jpg,fa954041d0b231b187fe635668813b8f
9790,datasets/cat_10k/images/fa98e3e9178251363aac9c880ae1271d.jpg,fa98e3e9178251363aac9c880ae1271d
9791,datasets/cat_10k/images/fa9aca5db4e80ca6906564d4c59eec0c.jpg,fa9aca5db4e80ca6906564d4c59eec0c
9792,datasets/cat_10k/images/fa9ced2454b21f6c61d708dd4915cc79.jpg,fa9ced2454b21f6c61d708dd4915cc79
9793,datasets/cat_10k/images/faa0fe47219985dc891e4018401d21a6.jpg,faa0fe47219985dc891e4018401d21a6
9794,datasets/cat_10k/images/fabb4e8ef65eef8a02360ba0d1a453aa.jpg,fabb4e8ef65eef8a02360ba0d1a453aa
9795,datasets/cat_10k/images/fac6b6d2157a078837cfa3933848ae36.jpg,fac6b6d2157a078837cfa3933848ae36
9796,datasets/cat_10k/images/fad07558c205e4a57ae6e7c2d3fcbd73.jpg,fad07558c205e4a57ae6e7c2d3fcbd73
9797,datasets/cat_10k/images/fad0cceec0d4a810ce2587bef7c73272.jpg,fad0cceec0d4a810ce2587bef7c73272
9798,datasets/cat_10k/images/fad8b25ac7c6f20814a1ef5093cc405f.jpg,fad8b25ac7c6f20814a1ef5093cc405f
9799,datasets/cat_10k/images/fadbf522924251ecd95a14a7613ce893.jpg,fadbf522924251ecd95a14a7613ce893
9800,datasets/cat_10k/images/fae3b2665b02892581c19911ce7982c1.jpg,fae3b2665b02892581c19911ce7982c1
9801,datasets/cat_10k/images/faed5d4fa548a676ce9ecfe92d8b1309.jpg,faed5d4fa548a676ce9ecfe92d8b1309
9802,datasets/cat_10k/images/faf96932db6fee38089f95effaa93b88.jpg,faf96932db6fee38089f95effaa93b88
9803,datasets/cat_10k/images/faf9c706a0a63089246f2e8764fd7f3d.jpg,faf9c706a0a63089246f2e8764fd7f3d
9804,datasets/cat_10k/images/fb003f539641265eeae13784ec611992.jpg,fb003f539641265eeae13784ec611992
9805,datasets/cat_10k/images/fb0608799a11f799afb6efb2e03378d2.jpg,fb0608799a11f799afb6efb2e03378d2
9806,datasets/cat_10k/images/fb09ab592332bd2b8b87189f2e511122.jpg,fb09ab592332bd2b8b87189f2e511122
9807,datasets/cat_10k/images/fb214985e675f7712a888e6da83a52a8.jpg,fb214985e675f7712a888e6da83a52a8
9808,datasets/cat_10k/images/fb2d48a78ccd0a9bd13094c3605036f7.jpg,fb2d48a78ccd0a9bd13094c3605036f7
9809,datasets/cat_10k/images/fb2f7b9890c77aa89dfdb331646b7a03.jpg,fb2f7b9890c77aa89dfdb331646b7a03
9810,datasets/cat_10k/images/fb4f801b51ed80d530a5d11e182c862a.jpg,fb4f801b51ed80d530a5d11e182c862a
9811,datasets/cat_10k/images/fb558a92c57d11b564a8f2fe5a228c0e.jpg,fb558a92c57d11b564a8f2fe5a228c0e
9812,datasets/cat_10k/images/fb5a304b9c62e8c14ffb1f57ff2ebde5.jpg,fb5a304b9c62e8c14ffb1f57ff2ebde5
9813,datasets/cat_10k/images/fb5af6ad745ee4a90ab99e5f26612ddc.jpg,fb5af6ad745ee4a90ab99e5f26612ddc
9814,datasets/cat_10k/images/fb5e28612819fd66d04faa22e608fe99.jpg,fb5e28612819fd66d04faa22e608fe99
9815,datasets/cat_10k/images/fb6af0744b523c5e853d9d7685677637.jpg,fb6af0744b523c5e853d9d7685677637
9816,datasets/cat_10k/images/fb73b8e07a2919b15d90a487ef4dbeca.jpg,fb73b8e07a2919b15d90a487ef4dbeca
9817,datasets/cat_10k/images/fb74505e2ed8151ff35a27326ab36794.jpg,fb74505e2ed8151ff35a27326ab36794
9818,datasets/cat_10k/images/fb79613036527055c4c3c01b3b07ff72.jpg,fb79613036527055c4c3c01b3b07ff72
9819,datasets/cat_10k/images/fb7b127205de62a9af9d25bec3caba84.jpg,fb7b127205de62a9af9d25bec3caba84
9820,datasets/cat_10k/images/fb7f6b4ee0272d9e6d92df80b3992208.jpg,fb7f6b4ee0272d9e6d92df80b3992208
9821,datasets/cat_10k/images/fb8100a8ca603683763ac856a3c199f6.jpg,fb8100a8ca603683763ac856a3c199f6
9822,datasets/cat_10k/images/fb83515ea5f9ddba1a5e6b29f428d140.jpg,fb83515ea5f9ddba1a5e6b29f428d140
9823,datasets/cat_10k/images/fb8dd4b322d99dead2985fc4bb4a9edd.jpg,fb8dd4b322d99dead2985fc4bb4a9edd
9824,datasets/cat_10k/images/fb8fe0fc72433afb54d389666b294d92.jpg,fb8fe0fc72433afb54d389666b294d92
9825,datasets/cat_10k/images/fb95947777fd3b01b2292c740cf5a1ac.jpg,fb95947777fd3b01b2292c740cf5a1ac
9826,datasets/cat_10k/images/fb9855a0714445cc15d241e9944e9fb1.jpg,fb9855a0714445cc15d241e9944e9fb1
9827,datasets/cat_10k/images/fb99ece55f7bc37104a85ebb4d15032e.jpg,fb99ece55f7bc37104a85ebb4d15032e
9828,datasets/cat_10k/images/fb9e544e94cced1f67fdc3d0e3abcc88.jpg,fb9e544e94cced1f67fdc3d0e3abcc88
9829,datasets/cat_10k/images/fb9e5859d64631aa38b7ec5572c1c6c8.jpg,fb9e5859d64631aa38b7ec5572c1c6c8
9830,datasets/cat_10k/images/fba4f2fa297261c985cc6a9afc1ee0de.jpg,fba4f2fa297261c985cc6a9afc1ee0de
9831,datasets/cat_10k/images/fbaec8c02276978070a2cd3ac13bdf91.jpg,fbaec8c02276978070a2cd3ac13bdf91
9832,datasets/cat_10k/images/fbb25e0d2d75aa0bcaca569182cc0b61.jpg,fbb25e0d2d75aa0bcaca569182cc0b61
9833,datasets/cat_10k/images/fbc243ba378167fb29702c690576c2ad.jpg,fbc243ba378167fb29702c690576c2ad
9834,datasets/cat_10k/images/fbc5aeabc7f7a167f78077440f490459.jpg,fbc5aeabc7f7a167f78077440f490459
9835,datasets/cat_10k/images/fbc5b84bd702d11c82c27d3cc27c3ce4.jpg,fbc5b84bd702d11c82c27d3cc27c3ce4
9836,datasets/cat_10k/images/fbc788ab35e3c92ab742a0026cce1888.jpg,fbc788ab35e3c92ab742a0026cce1888
9837,datasets/cat_10k/images/fbcd7a5d493024c476df4f4f23a1b240.jpg,fbcd7a5d493024c476df4f4f23a1b240
9838,datasets/cat_10k/images/fbda3d6ab9b048f496ad10a4da145d2b.jpg,fbda3d6ab9b048f496ad10a4da145d2b
9839,datasets/cat_10k/images/fbdbf5fa93d696f0faf0046e8f51d4c9.jpg,fbdbf5fa93d696f0faf0046e8f51d4c9
9840,datasets/cat_10k/images/fbdce6dd543b7eaf58addf174b5bf0b9.jpg,fbdce6dd543b7eaf58addf174b5bf0b9
9841,datasets/cat_10k/images/fbec79dd86baf6ae2ce52f12e4ee92a1.jpg,fbec79dd86baf6ae2ce52f12e4ee92a1
9842,datasets/cat_10k/images/fbf26082ccefa12f8bf991a06f398e58.jpg,fbf26082ccefa12f8bf991a06f398e58
9843,datasets/cat_10k/images/fc0af1730c7828df0f3c6a305ddab0c2.jpg,fc0af1730c7828df0f3c6a305ddab0c2
9844,datasets/cat_10k/images/fc0f45bc3b17a69313f66487f98ab9a3.jpg,fc0f45bc3b17a69313f66487f98ab9a3
9845,datasets/cat_10k/images/fc187902c1f8651d937e59c31ad9eee0.jpg,fc187902c1f8651d937e59c31ad9eee0
9846,datasets/cat_10k/images/fc1a1810e5d4c4eaf77ea49625c55da5.jpg,fc1a1810e5d4c4eaf77ea49625c55da5
9847,datasets/cat_10k/images/fc360e1f65e18e13957d11e30f21c48a.jpg,fc360e1f65e18e13957d11e30f21c48a
9848,datasets/cat_10k/images/fc495e42b56db8209d6ca57afb839107.jpg,fc495e42b56db8209d6ca57afb839107
9849,datasets/cat_10k/images/fc49a2189d0ebedb96814b57d686abc2.jpg,fc49a2189d0ebedb96814b57d686abc2
9850,datasets/cat_10k/images/fc53cb4d1102d1f7013199cd588c3ba0.jpg,fc53cb4d1102d1f7013199cd588c3ba0
9851,datasets/cat_10k/images/fc541bef9b9eaa21ef6cf537ae4d0da2.jpg,fc541bef9b9eaa21ef6cf537ae4d0da2
9852,datasets/cat_10k/images/fc6b49162c9dae8b356f8f9885ae0ae4.jpg,fc6b49162c9dae8b356f8f9885ae0ae4
9853,datasets/cat_10k/images/fc700d800d97c948417219dd6cb5a2e6.jpg,fc700d800d97c948417219dd6cb5a2e6
9854,datasets/cat_10k/images/fc70e36793c7070ba35245e02fa07ef1.jpg,fc70e36793c7070ba35245e02fa07ef1
9855,datasets/cat_10k/images/fc72b3179ac707c8768adfa42825cfb5.jpg,fc72b3179ac707c8768adfa42825cfb5
9856,datasets/cat_10k/images/fc7788862366f8fdd0c6324113f54cb6.jpg,fc7788862366f8fdd0c6324113f54cb6
9857,datasets/cat_10k/images/fc7fc68ce5dae2c096a30d7ab1646ef7.jpg,fc7fc68ce5dae2c096a30d7ab1646ef7
9858,datasets/cat_10k/images/fc87ebda9b33b77afb5656c1ae7fc9a3.jpg,fc87ebda9b33b77afb5656c1ae7fc9a3
9859,datasets/cat_10k/images/fc890d64ff4deb0baaee18c799c5252a.jpg,fc890d64ff4deb0baaee18c799c5252a
9860,datasets/cat_10k/images/fc907735a2b5ceb31df38b5197c8b4b8.jpg,fc907735a2b5ceb31df38b5197c8b4b8
9861,datasets/cat_10k/images/fca36b355334b091d5428035bd268ce1.jpg,fca36b355334b091d5428035bd268ce1
9862,datasets/cat_10k/images/fca596d9436566ed106517a3a1470efe.jpg,fca596d9436566ed106517a3a1470efe
9863,datasets/cat_10k/images/fca7a12fe31f7d4da24dcbbbc7244873.jpg,fca7a12fe31f7d4da24dcbbbc7244873
9864,datasets/cat_10k/images/fca8005b63b7198719cd835aff31e359.jpg,fca8005b63b7198719cd835aff31e359
9865,datasets/cat_10k/images/fcb5722d3c8f54822fee1d8e02053ef3.jpg,fcb5722d3c8f54822fee1d8e02053ef3
9866,datasets/cat_10k/images/fcb85e2e452ad89236d5c052429e5216.jpg,fcb85e2e452ad89236d5c052429e5216
9867,datasets/cat_10k/images/fcb94c8affd7964e20e5bf9169032364.jpg,fcb94c8affd7964e20e5bf9169032364
9868,datasets/cat_10k/images/fcbc2b1986cd20338dbc5228d84b3da2.jpg,fcbc2b1986cd20338dbc5228d84b3da2
9869,datasets/cat_10k/images/fcbc3d2d1647ffc294f7544dba6b9de7.jpg,fcbc3d2d1647ffc294f7544dba6b9de7
9870,datasets/cat_10k/images/fcbd4bd7a069fdfea4dcbf5f45824069.jpg,fcbd4bd7a069fdfea4dcbf5f45824069
9871,datasets/cat_10k/images/fcc09e3fe7cd74d42e5d513ec58b35ca.jpg,fcc09e3fe7cd74d42e5d513ec58b35ca
9872,datasets/cat_10k/images/fcc1077584c16c164f6b099c0f46af3b.jpg,fcc1077584c16c164f6b099c0f46af3b
9873,datasets/cat_10k/images/fcc6818964eea99dc5c121eb910638b6.jpg,fcc6818964eea99dc5c121eb910638b6
9874,datasets/cat_10k/images/fcc7b15754e3e6be658fffe229faef54.jpg,fcc7b15754e3e6be658fffe229faef54
9875,datasets/cat_10k/images/fccc29454531778c412c0c6c6c17b32c.jpg,fccc29454531778c412c0c6c6c17b32c
9876,datasets/cat_10k/images/fccdf95a2cf9b30876a1cfecede3b881.jpg,fccdf95a2cf9b30876a1cfecede3b881
9877,datasets/cat_10k/images/fcd012de9ba78a625d440107dd579bd8.jpg,fcd012de9ba78a625d440107dd579bd8
9878,datasets/cat_10k/images/fcd05a42f4855d591e34bb0c920d0991.jpg,fcd05a42f4855d591e34bb0c920d0991
9879,datasets/cat_10k/images/fcd15a7b80eccdc5973121f49b741439.jpg,fcd15a7b80eccdc5973121f49b741439
9880,datasets/cat_10k/images/fcd78b20478d9feebc5c8eb82d8b71e4.jpg,fcd78b20478d9feebc5c8eb82d8b71e4
9881,datasets/cat_10k/images/fcd81074fc5aec65014d76f9d591dde1.jpg,fcd81074fc5aec65014d76f9d591dde1
9882,datasets/cat_10k/images/fcd9af8ab6e3ac5d92372143b612387b.jpg,fcd9af8ab6e3ac5d92372143b612387b
9883,datasets/cat_10k/images/fcdb9b374386da777810c971d140c214.jpg,fcdb9b374386da777810c971d140c214
9884,datasets/cat_10k/images/fcdc1a1cf09ca0d64358018d4be09d5f.jpg,fcdc1a1cf09ca0d64358018d4be09d5f
9885,datasets/cat_10k/images/fce109ed51e4898002437184425cb8a2.jpg,fce109ed51e4898002437184425cb8a2
9886,datasets/cat_10k/images/fce1ab0a3b7ce4e8f404648a1acecbef.jpg,fce1ab0a3b7ce4e8f404648a1acecbef
9887,datasets/cat_10k/images/fce54c1cf42ed7d3ccd2b4f6ff8f1e74.jpg,fce54c1cf42ed7d3ccd2b4f6ff8f1e74
9888,datasets/cat_10k/images/fcee19a27a112875b57b3e6aa43d0a5b.jpg,fcee19a27a112875b57b3e6aa43d0a5b
9889,datasets/cat_10k/images/fcf065e16e36518d363b0eee39b57513.jpg,fcf065e16e36518d363b0eee39b57513
9890,datasets/cat_10k/images/fcf3aca99e1d03708d320c403e4452fc.jpg,fcf3aca99e1d03708d320c403e4452fc
9891,datasets/cat_10k/images/fcf878e1d3749683f70ffe7771be5bc2.jpg,fcf878e1d3749683f70ffe7771be5bc2
9892,datasets/cat_10k/images/fcfedc8fa6a66c8a1fb9ecfaa6ef0edc.jpg,fcfedc8fa6a66c8a1fb9ecfaa6ef0edc
9893,datasets/cat_10k/images/fd081dafb87a861de338f74c6bf45553.jpg,fd081dafb87a861de338f74c6bf45553
9894,datasets/cat_10k/images/fd09a2a528772ca71914aceba8fccbea.jpg,fd09a2a528772ca71914aceba8fccbea
9895,datasets/cat_10k/images/fd0cdf4ae184d34be2b70d01e42d7adc.jpg,fd0cdf4ae184d34be2b70d01e42d7adc
9896,datasets/cat_10k/images/fd0e95e541c08a8c8c65a2f60686a9ef.jpg,fd0e95e541c08a8c8c65a2f60686a9ef
9897,datasets/cat_10k/images/fd0fc417d11a78fa37424217e4fa0032.jpg,fd0fc417d11a78fa37424217e4fa0032
9898,datasets/cat_10k/images/fd15f08d654deef303b7ad29325291e5.jpg,fd15f08d654deef303b7ad29325291e5
9899,datasets/cat_10k/images/fd220f5adf324c30d0cdb98161584fcb.jpg,fd220f5adf324c30d0cdb98161584fcb
9900,datasets/cat_10k/images/fd2246ee9f183028a5573f9a883560eb.jpg,fd2246ee9f183028a5573f9a883560eb
9901,datasets/cat_10k/images/fd2c84e5b8649b6f77e5f8843b82f73f.jpg,fd2c84e5b8649b6f77e5f8843b82f73f
9902,datasets/cat_10k/images/fd320fd0b110474552ec8f826ab9a3a0.jpg,fd320fd0b110474552ec8f826ab9a3a0
9903,datasets/cat_10k/images/fd347a1320c5739d6f5c4f711cb5f497.jpg,fd347a1320c5739d6f5c4f711cb5f497
9904,datasets/cat_10k/images/fd351522056cf2d775452e536448e6e7.jpg,fd351522056cf2d775452e536448e6e7
9905,datasets/cat_10k/images/fd36f4b4a64dd31fc985c6bac61fcfbe.jpg,fd36f4b4a64dd31fc985c6bac61fcfbe
9906,datasets/cat_10k/images/fd3a4f76d720004741abd75d7abe1bb5.jpg,fd3a4f76d720004741abd75d7abe1bb5
9907,datasets/cat_10k/images/fd470cbb4df2c8a17e7896cbca390337.jpg,fd470cbb4df2c8a17e7896cbca390337
9908,datasets/cat_10k/images/fd4f155b0651c7b84dcd3cfc95aafb37.jpg,fd4f155b0651c7b84dcd3cfc95aafb37
9909,datasets/cat_10k/images/fd5aaa19d97d158b7f4f33f2d684d711.jpg,fd5aaa19d97d158b7f4f33f2d684d711
9910,datasets/cat_10k/images/fd62fee70f3ea2ecd741c45144e93a5f.jpg,fd62fee70f3ea2ecd741c45144e93a5f
9911,datasets/cat_10k/images/fd6ab42ddbaa42040084e97266c4ca1c.jpg,fd6ab42ddbaa42040084e97266c4ca1c
9912,datasets/cat_10k/images/fd7e9eb8ca8813eb27a39f03bd52ecf8.jpg,fd7e9eb8ca8813eb27a39f03bd52ecf8
9913,datasets/cat_10k/images/fdab955095a8fc1dbb1d302334ab9b22.jpg,fdab955095a8fc1dbb1d302334ab9b22
9914,datasets/cat_10k/images/fdac38dab1cec369f9246f691e7f829a.jpg,fdac38dab1cec369f9246f691e7f829a
9915,datasets/cat_10k/images/fdae01ce61cdc7c9c105a9eff63e47bc.jpg,fdae01ce61cdc7c9c105a9eff63e47bc
9916,datasets/cat_10k/images/fdaf555f3adbb6cf34d9625e699b135c.jpg,fdaf555f3adbb6cf34d9625e699b135c
9917,datasets/cat_10k/images/fdb739f4e7eada09da6e55dea736e94a.jpg,fdb739f4e7eada09da6e55dea736e94a
9918,datasets/cat_10k/images/fdb7b1915f3f507693753c4bd17f046b.jpg,fdb7b1915f3f507693753c4bd17f046b
9919,datasets/cat_10k/images/fdb86c50cc806349b572892162c16f1b.jpg,fdb86c50cc806349b572892162c16f1b
9920,datasets/cat_10k/images/fdba93c065a526c2f01dd40462ed8932.jpg,fdba93c065a526c2f01dd40462ed8932
9921,datasets/cat_10k/images/fdc0f4c096092d797a5a20c2e3477d56.jpg,fdc0f4c096092d797a5a20c2e3477d56
9922,datasets/cat_10k/images/fdc5154fb6b76f5a2f093d2308abef9c.jpg,fdc5154fb6b76f5a2f093d2308abef9c
9923,datasets/cat_10k/images/fde234a50a346971bdbcd203c5a97c99.jpg,fde234a50a346971bdbcd203c5a97c99
9924,datasets/cat_10k/images/fdf941e463c9f5e6c94d6ea15e4c7095.jpg,fdf941e463c9f5e6c94d6ea15e4c7095
9925,datasets/cat_10k/images/fdf94effed99258e607fbb9b6ba643e2.jpg,fdf94effed99258e607fbb9b6ba643e2
9926,datasets/cat_10k/images/fdf9a9bff94ef577bdda1220eaa940de.jpg,fdf9a9bff94ef577bdda1220eaa940de
9927,datasets/cat_10k/images/fdfa485f1c4fcca0f8062ede74b41a91.jpg,fdfa485f1c4fcca0f8062ede74b41a91
9928,datasets/cat_10k/images/fdfcd9e0a8aa94aa8cb1d458b3b303fd.jpg,fdfcd9e0a8aa94aa8cb1d458b3b303fd
9929,datasets/cat_10k/images/fdfdd262796886801588c0f2bccd0a63.jpg,fdfdd262796886801588c0f2bccd0a63
9930,datasets/cat_10k/images/fdfe80502e38ccb146191430548d6e7f.jpg,fdfe80502e38ccb146191430548d6e7f
9931,datasets/cat_10k/images/fe0072e13fa8bb1cde460df6e6a4acd4.jpg,fe0072e13fa8bb1cde460df6e6a4acd4
9932,datasets/cat_10k/images/fe0b22a84923daa097ef990cdc22104a.jpg,fe0b22a84923daa097ef990cdc22104a
9933,datasets/cat_10k/images/fe19f8bf1cb5e29ae62ddce5a1f56704.jpg,fe19f8bf1cb5e29ae62ddce5a1f56704
9934,datasets/cat_10k/images/fe1e22f47a67b2dac74e7919f4526b46.jpg,fe1e22f47a67b2dac74e7919f4526b46
9935,datasets/cat_10k/images/fe1fbb95df0e4476e1d95c892653703f.jpg,fe1fbb95df0e4476e1d95c892653703f
9936,datasets/cat_10k/images/fe1fdece33bab99164a8b2f1019b7292.jpg,fe1fdece33bab99164a8b2f1019b7292
9937,datasets/cat_10k/images/fe2b7e02e1078bccb6c5ffb40c848705.jpg,fe2b7e02e1078bccb6c5ffb40c848705
9938,datasets/cat_10k/images/fe31b5d38c0e7134657f776b8574d37c.jpg,fe31b5d38c0e7134657f776b8574d37c
9939,datasets/cat_10k/images/fe332abae7611ebb418e536342efb10a.jpg,fe332abae7611ebb418e536342efb10a
9940,datasets/cat_10k/images/fe40f0504c11907a794351995a6b9e95.jpg,fe40f0504c11907a794351995a6b9e95
9941,datasets/cat_10k/images/fe48006e880ac82c8b6f8e7ff9ce8bae.jpg,fe48006e880ac82c8b6f8e7ff9ce8bae
9942,datasets/cat_10k/images/fe4a2f8b1dbc8aeb41c6322b169e09d6.jpg,fe4a2f8b1dbc8aeb41c6322b169e09d6
9943,datasets/cat_10k/images/fe5a8afc5efe14a4143185ca67d964c0.jpg,fe5a8afc5efe14a4143185ca67d964c0
9944,datasets/cat_10k/images/fe5d98983384628c599e4770b35c6a14.jpg,fe5d98983384628c599e4770b35c6a14
9945,datasets/cat_10k/images/fe6292fdab87f22e18ea5598d9155697.jpg,fe6292fdab87f22e18ea5598d9155697
9946,datasets/cat_10k/images/fe65cd7ae382af754786d47bd2c9fe1a.jpg,fe65cd7ae382af754786d47bd2c9fe1a
9947,datasets/cat_10k/images/fe6c64df23205e12790bd4489a91f929.jpg,fe6c64df23205e12790bd4489a91f929
9948,datasets/cat_10k/images/fe7d2efb780b607eb79266e967626a42.jpg,fe7d2efb780b607eb79266e967626a42
9949,datasets/cat_10k/images/fe81815f823402d135275f4417b9f583.jpg,fe81815f823402d135275f4417b9f583
9950,datasets/cat_10k/images/fe87e007b87a7ccdf1a541ef7842df27.jpg,fe87e007b87a7ccdf1a541ef7842df27
9951,datasets/cat_10k/images/fe8ae5532f10ce7593904504efd20914.jpg,fe8ae5532f10ce7593904504efd20914
9952,datasets/cat_10k/images/fe91efa5b220567f764561631d5582e1.jpg,fe91efa5b220567f764561631d5582e1
9953,datasets/cat_10k/images/fe999fcec63c5fc3b8af667ebf52882c.jpg,fe999fcec63c5fc3b8af667ebf52882c
9954,datasets/cat_10k/images/feabbbfe7045a3093287c27222f554a5.jpg,feabbbfe7045a3093287c27222f554a5
9955,datasets/cat_10k/images/feb25075d0eda2402976951d6bebe851.jpg,feb25075d0eda2402976951d6bebe851
9956,datasets/cat_10k/images/febb2384f875f037c1895977d5ddf490.jpg,febb2384f875f037c1895977d5ddf490
9957,datasets/cat_10k/images/fec7a99be39dce962ece961e486c2078.jpg,fec7a99be39dce962ece961e486c2078
9958,datasets/cat_10k/images/fed3402c77267ca6fb59eb59e0c2d803.jpg,fed3402c77267ca6fb59eb59e0c2d803
9959,datasets/cat_10k/images/fed9629062cf5088f8676974f913f119.jpg,fed9629062cf5088f8676974f913f119
9960,datasets/cat_10k/images/fee8a08c15e47b3d87e38098724081ff.jpg,fee8a08c15e47b3d87e38098724081ff
9961,datasets/cat_10k/images/feee6f06d1f67e4586df809f2bacd9b0.jpg,feee6f06d1f67e4586df809f2bacd9b0
9962,datasets/cat_10k/images/fef58739a001ba9438e780b658575bfa.jpg,fef58739a001ba9438e780b658575bfa
9963,datasets/cat_10k/images/fef64fe77324425219ec7b71ad3f3a32.jpg,fef64fe77324425219ec7b71ad3f3a32
9964,datasets/cat_10k/images/fef69f16c7a6471b1b68df4aff278656.jpg,fef69f16c7a6471b1b68df4aff278656
9965,datasets/cat_10k/images/fef912696ab235a48f51377ee11d64e8.jpg,fef912696ab235a48f51377ee11d64e8
9966,datasets/cat_10k/images/ff00a86ec3a32210ae4470651ac0ecc9.jpg,ff00a86ec3a32210ae4470651ac0ecc9
9967,datasets/cat_10k/images/ff01a3fbf36e910d0cc17dd24d532620.jpg,ff01a3fbf36e910d0cc17dd24d532620
9968,datasets/cat_10k/images/ff072a31bb5b91f5549fffa16998e841.jpg,ff072a31bb5b91f5549fffa16998e841
9969,datasets/cat_10k/images/ff087c28eb10af9c3434ac9ff44537a3.jpg,ff087c28eb10af9c3434ac9ff44537a3
9970,datasets/cat_10k/images/ff0d54ff6c09c0ebeccc3f3126106b73.jpg,ff0d54ff6c09c0ebeccc3f3126106b73
9971,datasets/cat_10k/images/ff0fe2c69baca882a9bd9fa71a6729c3.jpg,ff0fe2c69baca882a9bd9fa71a6729c3
9972,datasets/cat_10k/images/ff17093ac505580ced0096480a9b65c0.jpg,ff17093ac505580ced0096480a9b65c0
9973,datasets/cat_10k/images/ff356cd71f3c2ceb517b2210d0e51ed7.jpg,ff356cd71f3c2ceb517b2210d0e51ed7
9974,datasets/cat_10k/images/ff379ef4e7190f60d2318c67d299829c.jpg,ff379ef4e7190f60d2318c67d299829c
9975,datasets/cat_10k/images/ff3beca5e2ac0e5416935aaf1c737131.jpg,ff3beca5e2ac0e5416935aaf1c737131
9976,datasets/cat_10k/images/ff3fbb169221a85d710c3121302fc907.jpg,ff3fbb169221a85d710c3121302fc907
9977,datasets/cat_10k/images/ff4231807f3403959af3334e401b5066.jpg,ff4231807f3403959af3334e401b5066
9978,datasets/cat_10k/images/ff465c0b91a4d0e9e01dcf5b81bc0a6c.jpg,ff465c0b91a4d0e9e01dcf5b81bc0a6c
9979,datasets/cat_10k/images/ff4ed9785d75ff2c0b4a4d280838bf4f.jpg,ff4ed9785d75ff2c0b4a4d280838bf4f
9980,datasets/cat_10k/images/ff540dc823159de81dda6b2110098c32.jpg,ff540dc823159de81dda6b2110098c32
9981,datasets/cat_10k/images/ff615762ec39a75ed71f21d70a9bd097.jpg,ff615762ec39a75ed71f21d70a9bd097
9982,datasets/cat_10k/images/ff6bb972109676bffc51e02def2291bf.jpg,ff6bb972109676bffc51e02def2291bf
9983,datasets/cat_10k/images/ff7a5ec9999f44d92d3bb036c52254a1.jpg,ff7a5ec9999f44d92d3bb036c52254a1
9984,datasets/cat_10k/images/ff7ab760d2bf0aa54886b57325e731d6.jpg,ff7ab760d2bf0aa54886b57325e731d6
9985,datasets/cat_10k/images/ff7c8ed81a90f70132b74a838d8a6268.jpg,ff7c8ed81a90f70132b74a838d8a6268
9986,datasets/cat_10k/images/ff7e02cdcd50629230819e755b9cbfe8.jpg,ff7e02cdcd50629230819e755b9cbfe8
9987,datasets/cat_10k/images/ff894d42b4c4f9bb6e8ddb8b232c3071.jpg,ff894d42b4c4f9bb6e8ddb8b232c3071
9988,datasets/cat_10k/images/ff9ad22a94d0a79b034c4f7903f7781d.jpg,ff9ad22a94d0a79b034c4f7903f7781d
9989,datasets/cat_10k/images/ff9b79aa5ae5093f929b9215224c1b75.jpg,ff9b79aa5ae5093f929b9215224c1b75
9990,datasets/cat_10k/images/ffa732168b1119b3dc8d5731f5bb0896.jpg,ffa732168b1119b3dc8d5731f5bb0896
9991,datasets/cat_10k/images/ffa8b6100a24a7fe17cbb4837934b019.jpg,ffa8b6100a24a7fe17cbb4837934b019
9992,datasets/cat_10k/images/ffb06aefa329751476d3ef498886d095.jpg,ffb06aefa329751476d3ef498886d095
9993,datasets/cat_10k/images/ffc107afebb5ded08df33bb7cdcbbdb5.jpg,ffc107afebb5ded08df33bb7cdcbbdb5
9994,datasets/cat_10k/images/ffc843c313baafc8f11979ae367e5942.jpg,ffc843c313baafc8f11979ae367e5942
9995,datasets/cat_10k/images/ffcaafccb7a22268d409c31da0859faf.jpg,ffcaafccb7a22268d409c31da0859faf
9996,datasets/cat_10k/images/ffcb9a3188d066c1243f545a1132bea9.jpg,ffcb9a3188d066c1243f545a1132bea9
9997,datasets/cat_10k/images/ffdc7ab1330b8a04495899d0386c69e9.jpg,ffdc7ab1330b8a04495899d0386c69e9
9998,datasets/cat_10k/images/ffe6f57f88a752d1fc508e2162d04148.jpg,ffe6f57f88a752d1fc508e2162d04148
9999,datasets/cat_10k/images/ffec37167a5caeb9b3a5074d2a1f431f.jpg,ffec37167a5caeb9b3a5074d2a1f431f
10000,datasets/cat_10k/images/fffba9bfebabfe4edf199d08b519ded2.jpg,fffba9bfebabfe4edf199d08b519ded2
